"baseMean","log2FoldChange","lfcSE","stat","pvalue","padj","gene_id"
997.961168152844,4.59832520476983,0.210984158417111,21.7946467605356,2.60796717609985e-105,4.12006654480255e-101,"ENSG00000152583"
11206.9334791584,1.44742259676407,0.0789571571392415,18.3317465978611,4.61834174760588e-75,3.64802814643388e-71,"ENSG00000148175"
2741.36146833917,1.38312437380886,0.0860574850994222,16.0720984608246,4.00302493274088e-58,2.10799292958135e-54,"ENSG00000134686"
777.098912422347,3.18009354068103,0.199882468743941,15.9098172074055,5.41714231487926e-57,2.13950035726156e-53,"ENSG00000179094"
3659.69602097282,2.19961352059229,0.143921682325139,15.2834061209975,9.86470576071231e-53,3.11685243215466e-49,"ENSG00000125148"
3411.96609646938,2.94479381036652,0.20102947331359,14.648567505188,1.37585921020288e-48,3.62263730046417e-45,"ENSG00000120129"
2343.57334924977,3.30158433124714,0.227681772732759,14.5008723870152,1.19619872650522e-47,2.69964964018992e-44,"ENSG00000189221"
2657.21826213722,-2.50396072290856,0.176539880618817,-14.1835414985642,1.15849335462115e-45,2.28773475203812e-42,"ENSG00000178695"
385.200712986974,7.16932311603525,0.508676612318306,14.0940686920141,4.13061088836836e-45,7.2505989793826e-42,"ENSG00000109906"
12712.9456127058,3.85369407083711,0.281174750912174,13.7056903521214,9.38702180622184e-43,1.48296170494693e-39,"ENSG00000101347"
5399.1359732014,2.02578594198867,0.14979319490033,13.5238850024969,1.13044627677639e-41,1.62352638913758e-38,"ENSG00000162614"
230.282462332708,-2.22087256474495,0.164322848464164,-13.5152998228927,1.27037085664754e-41,1.67244323277649e-38,"ENSG00000196517"
2255.80966137931,-1.0183622138556,0.0761616354599746,-13.3710654676105,8.92531257989099e-41,1.0846314472086e-37,"ENSG00000116584"
2566.32135377626,3.93505382683312,0.299232732234083,13.1504792188136,1.69099314859883e-39,1.90816498296888e-36,"ENSG00000096060"
1469.49979755538,1.51698941892949,0.120154220222627,12.6253527851019,1.53053988045015e-36,1.6119646020901e-33,"ENSG00000162616"
499.34845843482,1.1539216643468,0.0914389587236375,12.6195844796787,1.64687938149361e-36,1.62608752930226e-33,"ENSG00000183044"
7439.86238571723,2.15828768045452,0.175100162696168,12.3260175617287,6.56100082130628e-35,6.09709946911745e-32,"ENSG00000166741"
1306.44025860627,-1.35426913424863,0.111757330300161,-12.1179445734012,8.48607335299676e-34,7.44794371281349e-31,"ENSG00000144369"
5604.09169009112,1.12050477714896,0.0937824218684167,11.9479189684513,6.65713545855708e-33,5.53523294601499e-30,"ENSG00000164125"
101233.481481555,-1.3034586209537,0.110722465239758,-11.7723049078721,5.42224832959569e-32,4.28303395554764e-29,"ENSG00000108821"
2059.02790703009,2.89047008037064,0.252140429144967,11.4637311048153,2.00679319207603e-30,1.50968184992462e-27,"ENSG00000198624"
1572.71026272547,1.20278020024988,0.105507744825949,11.3999233159048,4.18487535371955e-30,3.00512094718461e-27,"ENSG00000077684"
5047.41389431327,1.02445887411056,0.0904778472666609,11.3227591621541,1.01234616649257e-29,6.95349771228245e-27,"ENSG00000123562"
632.360918640644,-1.27629919353892,0.113638135680103,-11.2312577630785,2.86372659657157e-29,1.88504803219324e-26,"ENSG00000181467"
1923.10027992604,1.55265330032918,0.138502083409821,11.2103245099567,3.6286058073681e-29,2.29298858179205e-26,"ENSG00000164647"
1011.49205093171,1.35279670751679,0.12143049070315,11.1405026833322,7.96683936256974e-29,4.8407741634568e-26,"ENSG00000114098"
19625.2222327263,3.00025799877332,0.269576505716442,11.1295232898715,9.01161464289993e-29,5.27279585661234e-26,"ENSG00000135821"
1703.40729709041,1.10094909485542,0.0994326168529345,11.0723133887121,1.70930148836108e-28,9.64412318326013e-26,"ENSG00000177666"
1224.56793655509,2.24969257752462,0.204964218295151,10.9760259436359,4.98368730539022e-28,2.71490662243292e-25,"ENSG00000139132"
509.657746953338,-3.61334626570253,0.331556531599373,-10.8981302472684,1.17650016261999e-27,5.99559663518405e-25,"ENSG00000162692"
561.414367977579,4.57833385982957,0.420094964379965,10.8983307300218,1.17391117890769e-27,5.99559663518405e-25,"ENSG00000163884"
2994.77090979276,-1.17306374440416,0.107672787153204,-10.8947095679343,1.22155675565594e-27,6.03067300807892e-25,"ENSG00000183160"
1980.33778733205,-0.994955808258732,0.0925134855991201,-10.7547110760704,5.63102061568898e-27,2.69572314201983e-24,"ENSG00000139289"
26408.0809362613,-0.967921457874831,0.0905057943442261,-10.6945799977566,1.07907417986399e-26,5.01388643926214e-24,"ENSG00000166482"
2269.39270679434,1.07669344390064,0.100912634337742,10.6695603674074,1.41293305839503e-26,6.37757613043561e-24,"ENSG00000163697"
3324.60202105803,0.818636559370088,0.0768561528580793,10.6515422503877,1.71499890427143e-26,7.52598685824446e-24,"ENSG00000103502"
3235.76308757943,2.43602420313649,0.229418134440131,10.6182722175879,2.4505476116284e-26,1.0463175991488e-23,"ENSG00000116285"
152.810200794427,-2.79057581498557,0.264279238020944,-10.5591942669534,4.60598320068924e-26,1.91487691064444e-23,"ENSG00000145777"
495.567498008168,3.2963836397229,0.313195338536001,10.5250086260271,6.62553770522622e-26,2.68385242736318e-23,"ENSG00000165995"
160.677723573361,-2.47623256116566,0.2389455158094,-10.3631681589743,3.64678822299763e-25,1.44029900867291e-22,"ENSG00000163491"
3085.02220810875,2.69658372061383,0.262370286157999,10.2777786314947,8.87494819699684e-25,3.41966906380868e-22,"ENSG00000103196"
1685.06206454709,2.10644004191935,0.205038931781128,10.2733662510879,9.29051385928718e-25,3.49456042735759e-22,"ENSG00000119138"
1976.83272917511,2.15884469595592,0.211061400787579,10.2285149624714,1.47767874179601e-24,5.42892296811475e-22,"ENSG00000185950"
70.3669582233092,2.33034685594797,0.230881526782696,10.0932581676024,5.9172208130992e-24,2.12455123648503e-21,"ENSG00000158246"
167.720474430608,2.92864446526983,0.291290558667238,10.0540315438628,8.81842013715831e-24,3.09585336281838e-21,"ENSG00000157150"
2387.33150723785,0.861649566727912,0.0858169639904414,10.0405505702099,1.01108226010648e-23,3.47240816199179e-21,"ENSG00000132356"
628.209010546647,2.35162911099093,0.234456317130458,10.0301375530113,1.12359963799228e-23,3.6980473085421e-21,"ENSG00000141401"
14141.00859911,0.917693016386801,0.091477066939415,10.0319462253265,1.10320296655897e-23,3.6980473085421e-21,"ENSG00000197043"
3059.99655459545,1.54402776171171,0.154234261037615,10.0109259208961,1.36469242905526e-23,4.39987979473775e-21,"ENSG00000133142"
818.792165313644,-1.21773132189472,0.122144375531547,-9.96960618608431,2.07048155342338e-23,6.54189351619652e-21,"ENSG00000164484"
758.359345202166,-1.57355571425178,0.158104343875589,-9.95264061492198,2.4557883345188e-23,7.60716551151529e-21,"ENSG00000172986"
12298.1966308959,3.73858887129406,0.382650266517459,9.77025027401485,1.51078399401869e-22,4.58987798798216e-20,"ENSG00000211445"
2424.12333639201,1.20625487607232,0.124651832426406,9.67699272920432,3.77661370846667e-22,1.12571591257276e-19,"ENSG00000181061"
1324.61475451187,1.09854393817579,0.113946684842022,9.64085914126271,5.37363271043668e-22,1.57208610295331e-19,"ENSG00000132970"
166.529593810525,1.56426538115534,0.16316374897598,9.58708898865536,9.06052434780093e-22,2.60251206630107e-19,"ENSG00000161647"
2789.00447062021,-0.983325024809464,0.102786968855612,-9.56663121558502,1.10445839036934e-21,3.11575600911694e-19,"ENSG00000157613"
2974.76386908785,0.88965467053363,0.0930191569138352,9.56420913766966,1.13062572747461e-21,3.13361846362174e-19,"ENSG00000157110"
742.538013824024,-2.12363625086017,0.22346455694624,-9.50323523282961,2.03468609236038e-21,5.54206394605333e-19,"ENSG00000131389"
1965.63590516122,1.49535369287811,0.157873701106952,9.47183528601182,2.74969364217166e-21,7.36265426424202e-19,"ENSG00000221869"
4626.82376170284,-1.14931352367896,0.121945514084967,-9.42481182930734,4.30877452458433e-21,1.13450033232306e-18,"ENSG00000227051"
996.491791403195,1.58730078657201,0.169244942377751,9.37871917631187,6.6778980883432e-21,1.72946613114174e-18,"ENSG00000110756"
946.29754925575,0.825885084722918,0.0882261798411579,9.36099790572185,7.89871088981034e-21,2.01264249414877e-18,"ENSG00000113456"
56.3490382595375,6.29573785984385,0.674049082151888,9.34017718671886,9.61730379978069e-21,2.41165341950691e-18,"ENSG00000250978"
1315.80262028287,1.58273202222829,0.169791371284196,9.32162812666803,1.14568534188494e-20,2.82805266110912e-18,"ENSG00000163110"
4915.09684299362,1.18929385389267,0.127644394657444,9.3172430883812,1.1940242905171e-20,2.90203011409065e-18,"ENSG00000196975"
1284.80133428659,-2.36149623895985,0.253608502213009,-9.31158150595597,1.25942873749579e-20,3.01461442347855e-18,"ENSG00000124766"
808.143320408898,0.681721261793235,0.0734908648996567,9.27627212884278,1.75511946388808e-20,4.13841452097074e-18,"ENSG00000131871"
137.307322500214,-1.97157771361595,0.21290210560887,-9.26048950045618,2.03497119602787e-20,4.72771690512475e-18,"ENSG00000134253"
2207.5036286793,3.33434728896488,0.360160821025067,9.2579400487673,2.08414114509152e-20,4.77177707393562e-18,"ENSG00000157514"
3239.18818518982,1.13748879804692,0.124161175691667,9.16138874902148,5.1233673990944e-20,1.15627083101276e-17,"ENSG00000174306"
1882.42698938185,-0.762122719562704,0.0833174285101112,-9.14721845346216,5.84183015284965e-20,1.29984834865801e-17,"ENSG00000067369"
2762.00197621312,-1.80745181307403,0.197824695613215,-9.1366338639941,6.4426457817331e-20,1.41362386194194e-17,"ENSG00000112837"
1461.87891976964,1.60014118380238,0.17591924685249,9.09588468818376,9.38195043315435e-20,2.03035688962976e-17,"ENSG00000151726"
867.302130054768,-1.21489423078731,0.134712650759902,-9.01841233124132,1.90834835425948e-19,4.07406585143126e-17,"ENSG00000103485"
671.212096620659,-1.99920561215864,0.221729821924562,-9.01640381436295,1.94364935512217e-19,4.09410300162934e-17,"ENSG00000146592"
628.130581562876,2.14606258728784,0.238306383013375,9.00547673189011,2.14730822737842e-19,4.46357570738478e-17,"ENSG00000169738"
316.811899222327,1.30075024568002,0.144597930023913,8.99563531417713,2.34869830107233e-19,4.81879685199229e-17,"ENSG00000128311"
3012.85797715233,1.9837484387866,0.220998713702252,8.97628952474031,2.80051798462664e-19,5.67212604117072e-17,"ENSG00000157214"
30345.8486135559,2.29080592789392,0.2563788136432,8.93523881845405,4.06299669088672e-19,8.12496477501625e-17,"ENSG00000154734"
517.994776821212,-1.19450850039186,0.133832860689148,-8.92537523475892,4.44190808660741e-19,8.77165799402798e-17,"ENSG00000112773"
3889.59947599982,2.32185054435413,0.26036389961342,8.91771304624621,4.76015908927255e-19,9.28407324596639e-17,"ENSG00000185432"
2132.09145131494,1.08454754181069,0.121933177670139,8.89460573843708,5.86270645073969e-19,1.12950044522909e-16,"ENSG00000072958"
5171.98676728715,1.26781033391232,0.143132180234916,8.85761910306632,8.17414596430021e-19,1.55584527643391e-16,"ENSG00000118689"
67.2669027445166,9.60570972195258,1.09521042384494,8.77065220784691,1.77634331518551e-18,3.34079424920246e-16,"ENSG00000179593"
115.192246559683,2.46580632224909,0.281894122632393,8.74727823064494,2.1856033933042e-18,4.06213675381409e-16,"ENSG00000177283"
47.3940073406707,3.88234699738466,0.444253686173283,8.73903158987033,2.35117125220257e-18,4.3190469118949e-16,"ENSG00000173838"
2164.70217107941,2.05935853252556,0.236135511333204,8.72108782325269,2.75541608092361e-18,5.00345554556681e-16,"ENSG00000246430"
46.9483600208489,-4.13255566926527,0.474757360202346,-8.7045636691213,3.18798834966644e-18,5.723163630458e-16,"ENSG00000146006"
887.017039305159,-1.75935866022387,0.202265883256525,-8.69824723723944,3.37049572136596e-18,5.9828192591168e-16,"ENSG00000106976"
656.177378093274,1.95447690731722,0.224881416601756,8.69114459012155,3.58806039394092e-18,6.29824201149763e-16,"ENSG00000137672"
2275.88039614929,0.743842173278693,0.0858294938963873,8.66651007142898,4.45567324489379e-18,7.73524460690462e-16,"ENSG00000051108"
1417.74004757835,1.03115439083681,0.119211356253256,8.64980001272862,5.15897579861102e-18,8.85885865939749e-16,"ENSG00000128923"
2585.11214439493,0.883958076409323,0.102324682152416,8.63875711915367,5.68278422959503e-18,9.65340056549917e-16,"ENSG00000162704"
1496.24964437816,-1.67499640451434,0.195232173989529,-8.57951007913363,9.52780719108053e-18,1.60127976600734e-15,"ENSG00000143320"
554.72658513558,2.17203526749185,0.254897776398272,8.52120131522095,1.57906785625231e-17,2.62590673611304e-15,"ENSG00000169715"
908.890738829641,1.05447205995073,0.124111317903246,8.49617970194116,1.95932583270852e-17,3.22431557345096e-15,"ENSG00000087448"
679.486019317388,2.28456942344845,0.26923557164549,8.48539221428217,2.14992330621523e-17,3.50149364861735e-15,"ENSG00000150907"
33987.1588767061,0.80006546943318,0.0944159904485078,8.47383441758752,2.37444876325378e-17,3.82770832264115e-15,"ENSG00000135862"
2799.79898605192,-0.878961100391182,0.103860841830131,-8.46287286818606,2.60870045762037e-17,4.16285351812997e-15,"ENSG00000173068"
13233.033798253,1.45100148518025,0.171502405452515,8.46053139226668,2.6616188706653e-17,4.20482549187705e-15,"ENSG00000163513"
2081.33168028605,0.916638490098528,0.108808027209775,8.42436457680927,3.62713243985933e-17,5.673409731178e-15,"ENSG00000019995"
168.799458345104,1.2914196420906,0.15377439340415,8.3981449284374,4.53587160782128e-17,7.02526467258437e-15,"ENSG00000162426"
1050.91161977203,0.631000186235397,0.0752309898942258,8.3875034360518,4.9657467099793e-17,7.6163948081799e-15,"ENSG00000136877"
1385.57486223908,0.917476759154977,0.109748683479866,8.35979740315785,6.28260536097426e-17,9.54112156801647e-15,"ENSG00000120690"
3017.89911400742,0.688302796812615,0.0823456950931609,8.35869799913537,6.34142147513438e-17,9.54112156801647e-15,"ENSG00000183722"
2022.83906876556,-1.2473111633928,0.149464173154852,-8.34521836949199,7.10824184763201e-17,1.05939627083859e-14,"ENSG00000145685"
3108.87818675537,1.20304517949177,0.144652280057347,8.31680758170438,9.03642803182963e-17,1.33418214997051e-14,"ENSG00000020577"
781.705046527449,1.42106985676703,0.171818083081868,8.27078169699937,1.3308353450052e-16,1.94671636855483e-14,"ENSG00000103064"
87.5697907553361,-2.45770248829316,0.297378707053026,-8.26455435444114,1.40217564320214e-16,2.03225420287224e-14,"ENSG00000100784"
1338.25810478418,-0.509805137524744,0.0617732961948977,-8.25284012555011,1.54673910008895e-16,2.21894306028359e-14,"ENSG00000116001"
5516.90297696829,2.21999866004596,0.26902907977816,8.25189106648454,1.55907507084111e-16,2.21894306028359e-14,"ENSG00000134243"
2979.98893504285,0.653415410463038,0.079276307237808,8.24225336963494,1.68997217618586e-16,2.38376611065931e-14,"ENSG00000152332"
37.4120460290083,3.16913519241808,0.38507099089203,8.23000243429575,1.87209638600461e-16,2.61729015098238e-14,"ENSG00000187193"
368.585085766132,1.45166324711173,0.177019287845772,8.20059364591102,2.39202816247699e-16,3.28602268789666e-14,"ENSG00000099860"
1998.20443441901,2.36060289455015,0.287851638305082,8.2007624081967,2.38867217514358e-16,3.28602268789666e-14,"ENSG00000167549"
84.7925111125774,-1.65945183067426,0.202421650687141,-8.19799574324724,2.44428007361018e-16,3.32885660369773e-14,"ENSG00000105516"
1781.20864362684,0.822765044752128,0.100739937008754,8.16721817763928,3.15581858638033e-16,4.26116427586636e-14,"ENSG00000104756"
2740.97882130592,0.888331757295016,0.109157039638,8.13810781458542,4.01503236724846e-16,5.37537977438908e-14,"ENSG00000077254"
947.141177418876,-0.998507092070965,0.123026157745741,-8.11621780576603,4.80937205031217e-16,6.38474450847324e-14,"ENSG00000198795"
229.265600912277,-1.54303893773961,0.190299794142159,-8.10846351513612,5.12638522302731e-16,6.74888614611545e-14,"ENSG00000127824"
595.374310177367,0.703834484214808,0.0869019206479003,8.09918214657795,5.53298893279028e-16,7.22398009588603e-14,"ENSG00000042286"
1041.3062377714,1.96303575848266,0.24282754073009,8.0840737940209,6.26383978064395e-16,8.1111590864437e-14,"ENSG00000253368"
42.9362334646974,4.18369840440949,0.518008004992702,8.07651303471348,6.66450413502462e-16,8.55982409147309e-14,"ENSG00000101342"
4103.02582448829,1.31713952750805,0.16436017035217,8.01373912357142,1.11272604876741e-15,1.41764888051835e-13,"ENSG00000130066"
3870.65933297189,1.18210312724496,0.148222692768093,7.97518318665591,1.52154972981573e-15,1.92299541053032e-13,"ENSG00000115419"
49.9675546872647,3.55525214933484,0.446341182612293,7.96532403424456,1.6479137962645e-15,2.06617001217354e-13,"ENSG00000157152"
4471.19670618011,0.696435519560807,0.0876098793155114,7.94928066334527,1.87597606186557e-15,2.33359604924034e-13,"ENSG00000087116"
529.642505893382,-1.1162180776936,0.140439358680402,-7.94804311399471,1.89480715123738e-15,2.33860651369126e-13,"ENSG00000143891"
77.6903384324045,3.4702744954516,0.440186200388827,7.8836512648198,3.17950854765534e-15,3.89378883998907e-13,"ENSG00000233117"
158.742226552439,-2.37023797151229,0.302559287021661,-7.8339620470569,4.72731532363957e-15,5.71700687733784e-13,"ENSG00000108830"
801.69546542358,-2.4135381793387,0.308100451092127,-7.83360806770458,4.74065008818368e-15,5.71700687733784e-13,"ENSG00000138316"
488.542272114556,1.69350462098557,0.216833878462625,7.81014771765695,5.71209993406814e-15,6.83634505745519e-13,"ENSG00000157510"
5036.04768030671,1.95346254550535,0.251193040653082,7.77673832215455,7.44183187397846e-15,8.8395533793317e-13,"ENSG00000119139"
2029.52505076662,1.9576431437757,0.251905579238378,7.77133698147746,7.76619828715654e-15,9.15600004033575e-13,"ENSG00000149218"
111.890414086026,1.53697530055934,0.198107356248416,7.75829494505019,8.60787792591267e-15,1.00731300350791e-12,"ENSG00000135362"
986.339232679517,0.547854885752446,0.0707460083350785,7.74396886334008,9.63606158238317e-15,1.11934191822419e-12,"ENSG00000114745"
314.669754976266,-2.7349175974144,0.353716053600804,-7.73195779375332,1.05905059682929e-14,1.21238270497892e-12,"ENSG00000146250"
22764.0691648872,1.54292379289376,0.199540102236233,7.73239953073248,1.05538105669207e-14,1.21238270497892e-12,"ENSG00000198431"
55.4039350785685,4.95851341007722,0.641420295705457,7.73052153677749,1.07106867496038e-14,1.2173196350377e-12,"ENSG00000100033"
245.257844326637,-2.84081526165861,0.368257323769266,-7.71421253101416,1.21731477800501e-14,1.37365277592309e-12,"ENSG00000013293"
1202.6561175242,-0.668925490916659,0.0867947562009439,-7.70698046974161,1.28829506790262e-14,1.44343868671813e-12,"ENSG00000138078"
437.126529274733,-2.5837515098847,0.338674244098344,-7.62901683522894,2.36550749187477e-14,2.631710377228e-12,"ENSG00000136999"
3788.95813032277,1.4844463549724,0.19596660443707,7.57499656248366,3.59137142557804e-14,3.96758641827146e-12,"ENSG00000179820"
107.950807930374,-2.21045215329443,0.292102097969992,-7.56739567656756,3.80780744809439e-14,4.17748208784688e-12,"ENSG00000176771"
530.509057577995,2.80349347231815,0.371130251811776,7.55393412051999,4.22303847032221e-14,4.56955902425686e-12,"ENSG00000099337"
5667.05384362795,-1.18615821853739,0.157006654130276,-7.55482769254593,4.19414724180448e-14,4.56955902425686e-12,"ENSG00000155130"
196.592140847822,-2.16845143553984,0.288548606144926,-7.51503001352471,5.68978794494611e-14,6.11478026899719e-12,"ENSG00000049246"
5578.58433314591,-0.770560032736438,0.10315422401145,-7.46998041157195,8.02067597086469e-14,8.56152966133246e-12,"ENSG00000116132"
5404.79313508362,1.18999647706673,0.159467590100169,7.46230927751046,8.50190302916322e-14,8.9542042703147e-12,"ENSG00000102804"
539.231810098618,1.22748129128321,0.164483791031539,7.46262767647328,8.48137621144247e-14,8.9542042703147e-12,"ENSG00000164105"
1200.51083500465,-0.545170815469475,0.0730685485924344,-7.46108723892078,8.58114082003871e-14,8.97780547516368e-12,"ENSG00000172831"
618.338215504544,-1.32307102987691,0.177921158396043,-7.43627706678833,1.03562508771744e-13,1.07636875893159e-11,"ENSG00000169744"
201.750981401242,3.67553864444619,0.495270628412916,7.42127320617492,1.15999752477569e-13,1.19775430695467e-11,"ENSG00000170214"
3556.90051376314,-0.546113933673145,0.0736773029095918,-7.41224111234463,1.24182714346978e-13,1.27392111769711e-11,"ENSG00000164294"
118.646799853614,-1.9064119035649,0.25872443335825,-7.36850354185581,1.72553949478057e-13,1.75871438313184e-11,"ENSG00000182010"
604.61223423712,-0.666336683932949,0.0904958993337414,-7.36316992083314,1.79593525078674e-13,1.81872981358519e-11,"ENSG00000171469"
20201.1757232347,0.689688865637613,0.0938612199718565,7.34796400307187,2.01248675777882e-13,2.01359736044251e-11,"ENSG00000049323"
4878.06391085168,0.762858365785298,0.103822821623572,7.34769440721981,2.01654880349296e-13,2.01359736044251e-11,"ENSG00000091527"
493.181705434067,0.848271484541906,0.115457745063911,7.34702972132662,2.02659817894898e-13,2.01359736044251e-11,"ENSG00000164291"
2549.83468101131,1.17954720729682,0.160703254432678,7.3399086500203,2.13739687659081e-13,2.11041224102385e-11,"ENSG00000003402"
453.728043294828,1.54465446844689,0.210558034341608,7.33600345993376,2.20066333865754e-13,2.15938381516222e-11,"ENSG00000147119"
468.888055196636,1.11804735707891,0.152656061907542,7.32396305202783,2.4075299905418e-13,2.34778757966539e-11,"ENSG00000185813"
752.44697283376,1.10550220130339,0.151237463700462,7.30971132584532,2.67716904650878e-13,2.5947188096163e-11,"ENSG00000177674"
3246.62929567202,1.1064090992231,0.152385674750486,7.26058470413785,3.85420599049406e-13,3.71272842913568e-11,"ENSG00000067082"
4545.16153825015,0.80798722361314,0.111361592777873,7.25552862039955,4.00096162676121e-13,3.83073889573174e-11,"ENSG00000134318"
90.279921674151,-2.47356557036395,0.341781042403384,-7.237281368709,4.5776783344831e-13,4.35651580290145e-11,"ENSG00000183508"
6502.94968942634,-0.902528006632709,0.124909756271827,-7.22544045853902,4.99480279889425e-13,4.72502362975637e-11,"ENSG00000189184"
3384.3133057244,0.748886284442284,0.103794346823054,7.21509703913804,5.38955289175618e-13,5.0681045585693e-11,"ENSG00000114853"
1807.67571666714,1.25999925662396,0.174898267378941,7.20418375497108,5.83925765016421e-13,5.45849658918901e-11,"ENSG00000163378"
1986.09936069109,0.989863161852256,0.137439311960383,7.20218362368973,5.92558172502768e-13,5.50660824070514e-11,"ENSG00000173221"
413.194557248276,1.3616280950574,0.189506053809629,7.18514299509,6.71368827965016e-13,6.2025056983575e-11,"ENSG00000074590"
8001.53861724852,0.992462568366882,0.138574773587748,7.16192812495151,7.95501307667585e-13,7.30658701077471e-11,"ENSG00000173517"
1046.60130459792,0.602107156293153,0.0841004159585907,7.15938380839422,8.10404992075487e-13,7.40044974844425e-11,"ENSG00000124702"
8207.41205988828,-0.515067903829414,0.0721341720853206,-7.14041471523634,9.3049749962229e-13,8.44827557415686e-11,"ENSG00000197321"
820.12308027012,1.08595454740082,0.152112390080474,7.13915905749889,9.39036245838984e-13,8.46073406982404e-11,"ENSG00000146373"
5302.45449795763,-0.848690239008749,0.118886805922637,-7.13864110001422,9.42580830667826e-13,8.46073406982404e-11,"ENSG00000182197"
1724.96815383825,1.63937465927965,0.230062518935807,7.12577897026798,1.03493684290827e-12,9.23724985551683e-11,"ENSG00000108960"
592.559898729131,0.767253039168179,0.10770932038287,7.12336719274487,1.05321734556475e-12,9.34759978945614e-11,"ENSG00000168234"
5369.99259940588,0.857147063027427,0.120519890356841,7.11207967821367,1.14307233484814e-12,1.00884115899055e-10,"ENSG00000131446"
589.612956400974,-1.39066818022615,0.195658889596495,-7.10761562172875,1.18064820078692e-12,1.03621557089065e-10,"ENSG00000205208"
153.550218307891,-2.51410667195032,0.354874625468455,-7.08449263914417,1.39554629376659e-12,1.21805747784114e-10,"ENSG00000128342"
20625.3026472056,1.22904235051796,0.173707780610608,7.07534427184376,1.49078189399909e-12,1.29403144842844e-10,"ENSG00000134294"
684.489888547155,-0.54328354642564,0.0769913556120119,-7.05642266079127,1.70843654865723e-12,1.47485686315229e-10,"ENSG00000149792"
1080.19008871057,-1.07333796425601,0.152318907072505,-7.04664959120997,1.83277078521513e-12,1.57359309047982e-10,"ENSG00000143344"
221.650583103271,-1.21361893019692,0.17253492229588,-7.03404802950957,2.00626012444855e-12,1.71323769978585e-10,"ENSG00000012048"
1038.33128366227,0.52269155049703,0.0745113228317646,7.01492780737753,2.30067717620913e-12,1.94364160586909e-10,"ENSG00000066322"
289.594576423566,-1.58970506753484,0.226605389670881,-7.01530122405171,2.29454068070008e-12,1.94364160586909e-10,"ENSG00000122966"
630.218726197139,0.935698671106079,0.133611211893966,7.00314485470465,2.50279823267408e-12,2.10009691996977e-10,"ENSG00000112576"
209.602122768059,2.30905122462959,0.329741735828379,7.00260529298417,2.51245928518981e-12,2.10009691996977e-10,"ENSG00000197301"
7857.57697076605,0.618202038727328,0.0883467466345647,6.99745109216577,2.6066100728712e-12,2.16732768059049e-10,"ENSG00000168610"
133.494401941133,-2.48096796277765,0.354722317606766,-6.99411297128469,2.6694240077837e-12,2.20793510340141e-10,"ENSG00000177614"
25196.5455384324,-1.95318580719234,0.279545706906565,-6.98699983199947,2.80826577939774e-12,2.3106761866107e-10,"ENSG00000107562"
463.370377074773,0.849506048279019,0.121753597881324,6.97725622126625,3.01000472503933e-12,2.46383702829904e-10,"ENSG00000164933"
3664.48276756859,1.59190065523596,0.228256531510149,6.97417350865677,3.07674173180724e-12,2.50548277727272e-10,"ENSG00000071282"
1603.92375180578,0.954437818570997,0.136971853247004,6.96813101338301,3.21179068118723e-12,2.60204457340492e-10,"ENSG00000165802"
649.083193632915,1.29329915673344,0.185654046959488,6.96617810338202,3.25666818166815e-12,2.62494101704048e-10,"ENSG00000185022"
310.084255907471,-1.71423374685499,0.246133476777945,-6.96465092556883,3.29219032178008e-12,2.64010267530364e-10,"ENSG00000126861"
17195.8341763239,2.06624225722464,0.297220058534724,6.95189371609399,3.60414908144328e-12,2.87567410043641e-10,"ENSG00000196569"
359.148787547869,1.14593958954705,0.164944626137073,6.94741996986762,3.72026978849293e-12,2.95340814666389e-10,"ENSG00000078053"
2238.64909413392,1.90694771272065,0.275109911001888,6.93158492827824,4.16151492270944e-12,3.28718063744819e-10,"ENSG00000100242"
69.015915227628,-2.07914308043698,0.300089927715237,-6.92840008415723,4.2562661612568e-12,3.34529815002661e-10,"ENSG00000196932"
2180.85214797553,1.27361532003687,0.183856389276692,6.92722904571005,4.29163446491944e-12,3.35639808300976e-10,"ENSG00000108604"
3318.74045239225,1.19531754884664,0.172643410411952,6.92362104058555,4.40242642881288e-12,3.42608535578256e-10,"ENSG00000143878"
525.29985927008,0.790854297689361,0.114404576473839,6.91278550268665,4.7522825628099e-12,3.68022352584661e-10,"ENSG00000197860"
2643.95119860964,1.05186105035321,0.152276615765791,6.90756781705092,4.93033284547789e-12,3.79361512116076e-10,"ENSG00000105835"
1349.16197074789,-0.705489301818435,0.102139776697283,-6.9070965752092,4.94673195948295e-12,3.79361512116076e-10,"ENSG00000182199"
1571.84756471968,1.39610208647329,0.20237702817856,6.8985205437521,5.25468921186159e-12,4.01031788255988e-10,"ENSG00000124151"
3706.26471911544,1.48126577788392,0.215647729903184,6.86891431015268,6.46923486408478e-12,4.91350828763516e-10,"ENSG00000136478"
238.472863866817,0.803032259143659,0.117188254004098,6.85249785456808,7.25714754230293e-12,5.48557018532544e-10,"ENSG00000168917"
1695.0807913583,0.409775132160077,0.0598476210857492,6.84697444486481,7.54281855466009e-12,5.67435464412e-10,"ENSG00000189266"
395.857406108128,1.03489036455282,0.151445073059701,6.83343699233359,8.29039184129261e-12,6.20718532268913e-10,"ENSG00000172465"
179.144542300372,-2.37209627243689,0.347640658765126,-6.8234143867491,8.89017316668559e-12,6.62485640034429e-10,"ENSG00000125848"
1604.75287011822,-1.16503146195802,0.170824958745444,-6.82003069407498,9.10210610533554e-12,6.75094235925310e-10,"ENSG00000205978"
744.828654127855,0.844064301196465,0.124392623801136,6.78548514697988,1.15697054351887e-11,8.50131192860981e-10,"ENSG00000136997"
77.9704798087797,-1.5206631945028,0.224103026448675,-6.78555403111016,1.15641860732197e-11,8.50131192860981e-10,"ENSG00000143786"
8183.29587399291,0.69713228621903,0.103081475813086,6.76292496513262,1.35233285625627e-11,9.89081225145212e-10,"ENSG00000159840"
962.322697816218,0.601665619129639,0.0890651176210711,6.75534524851171,1.42495528109497e-11,1.03739371109393e-09,"ENSG00000142327"
1548.67086249311,1.2246427367419,0.181650594446217,6.74174912818409,1.56491121710154e-11,1.13405813797111e-09,"ENSG00000114270"
1069.21108596233,0.928598763362801,0.137767651099398,6.74032514855627,1.58032578579394e-11,1.13999939561519e-09,"ENSG00000114450"
10597.2022982576,1.38026686359029,0.204941225427075,6.73494003324104,1.63997557251379e-11,1.17765154975331e-09,"ENSG00000174437"
1231.24577889484,0.460661454700438,0.068413390432393,6.73349839540067,1.65631488730243e-11,1.18400283210877e-09,"ENSG00000172939"
436.499581099173,1.20774432750646,0.179536689122776,6.72700568005094,1.73189982764345e-11,1.23245736383384e-09,"ENSG00000138074"
7595.17397189117,1.11610012036264,0.166033981475045,6.7221186316633,1.79101035875912e-11,1.26880635191375e-09,"ENSG00000009413"
8574.29391846598,2.23379235302396,0.332848050172203,6.7111474796631,1.9309981730797e-11,1.35948364365376e-09,"ENSG00000163661"
8023.95226932514,1.71916153435341,0.256180102087659,6.71075356885117,1.93621863414417e-11,1.35948364365376e-09,"ENSG00000172403"
89.2822072522594,-1.58902585267225,0.236984362151006,-6.70519285850485,2.01140537503792e-11,1.40602575729421e-09,"ENSG00000162643"
688.89707180496,1.53793983721207,0.229680853640558,6.69598624715532,2.14221870879076e-11,1.49087097627649e-09,"ENSG00000171793"
2599.84070560637,0.650694695229999,0.097264611269286,6.68994289637873,2.23257697995427e-11,1.54694083900516e-09,"ENSG00000125503"
3056.75435674141,0.674970844027133,0.101067143061003,6.67843993195425,2.41499170704924e-11,1.66602790340454e-09,"ENSG00000231991"
485.215405307971,-0.837293215699694,0.125396877417424,-6.67714565899829,2.43640771155994e-11,1.67349430553147e-09,"ENSG00000124496"
90670.9999367529,1.95461912258433,0.292811729583472,6.67534434281304,2.46652334790591e-11,1.68684570780163e-09,"ENSG00000137801"
979.758928640972,1.12139485327094,0.168621001024846,6.65038664493345,2.92324065645299e-11,1.99057568494157e-09,"ENSG00000182552"
2196.18716079419,0.952349518158135,0.143301656797503,6.64576767248327,3.01640735843306e-11,2.04520186474358e-09,"ENSG00000106615"
3614.64318280098,1.26651225827767,0.190711428958098,6.64098772263898,3.11587995264504e-11,2.1036184398242e-09,"ENSG00000084090"
184.790219036377,-1.26063029282905,0.190277262034995,-6.62522825558214,3.46712005977918e-11,2.33078990231453e-09,"ENSG00000114670"
1857.94096847621,1.00705349434409,0.152139955040166,6.61925721010118,3.61008235986996e-11,2.41661360683159e-09,"ENSG00000128699"
1593.35627320847,0.507768939187314,0.0767883290346465,6.61257961425637,3.77679872134257e-11,2.51754709703671e-09,"ENSG00000173757"
54.9761184855923,-2.9071570403294,0.439731425429945,-6.61121055309373,3.81189850369936e-11,2.53026775468245e-09,"ENSG00000119714"
745.061873519953,1.09668895286194,0.166007579427035,6.60625832053629,3.94154887119285e-11,2.60538029569475e-09,"ENSG00000148120"
1368.66954436033,-1.83672282907531,0.279098212585046,-6.58091935474373,4.67548146130516e-11,3.07763567190412e-09,"ENSG00000148848"
387.362413083543,-2.300863559265,0.350117167548332,-6.57169591361834,4.97453767507149e-11,3.26090233156761e-09,"ENSG00000126016"
722.919878410966,1.10365009628718,0.167996648915563,6.56947685213584,5.0492343042652e-11,3.29619022887527e-09,"ENSG00000008311"
167.225787241321,1.95177567349283,0.297142837184387,6.56847626544565,5.08327328744228e-11,3.30475520144087e-09,"ENSG00000145244"
621.55274454656,-1.13821432865258,0.17340042171589,-6.56408051023949,5.23549102719467e-11,3.38976587080416e-09,"ENSG00000175130"
69.2839155458862,-1.32946081146858,0.202593334172905,-6.56221398841259,5.30146607342723e-11,3.40457565154485e-09,"ENSG00000152495"
535.442255783483,0.635532970296638,0.0968422890628479,6.56255625973685,5.28930738383892e-11,3.40457565154485e-09,"ENSG00000181027"
2052.19242616477,1.21358018827296,0.185288261101196,6.54968739552342,5.76576482471281e-11,3.6877551700734e-09,"ENSG00000141298"
244.044249964065,-3.16446099379539,0.4833484254872,-6.54695624715384,5.87215577479848e-11,3.74065794073655e-09,"ENSG00000214814"
31.7988500690378,-2.2072899373917,0.338027958628264,-6.52990346227278,6.58120966687577e-11,4.17550001274311e-09,"ENSG00000131242"
6436.42642933448,-0.878904546594682,0.134646809238464,-6.52748142763719,6.68847980082191e-11,4.22658415573538e-09,"ENSG00000136859"
735.571860411512,-0.8891956471354,0.136372449031265,-6.52034669357256,7.01450688698453e-11,4.41494740241361e-09,"ENSG00000026950"
1011.99679706068,-0.58941998031101,0.0904792560312255,-6.51442116309615,7.29704937218013e-11,4.57455499927388e-09,"ENSG00000147130"
3440.46811483746,-1.71977808301502,0.264409820997979,-6.5042140890378,7.81006037477186e-11,4.83612473809412e-09,"ENSG00000013297"
90.5557071429721,-1.39941059271705,0.215183658466857,-6.50333116690917,7.85605840349535e-11,4.83612473809412e-09,"ENSG00000102984"
9211.79709563252,1.0897034916417,0.167564726136728,6.50317949824677,7.86398657761494e-11,4.83612473809412e-09,"ENSG00000140545"
19.0141234177572,-3.94533134591018,0.606528350527678,-6.5047764749624,7.7808988903571e-11,4.83612473809412e-09,"ENSG00000143494"
73.7592003234952,1.47466220542213,0.226762430457019,6.50311518733542,7.86735066268001e-11,4.83612473809412e-09,"ENSG00000169750"
335.588543258109,0.977027889386899,0.150307554563867,6.50019150548917,8.02178283401021e-11,4.91194283766253e-09,"ENSG00000264885"
501.137924144207,0.930581063128925,0.143191400943049,6.49886136318368,8.09301978857681e-11,4.93642959922535e-09,"ENSG00000168890"
34.5156576614655,3.6093845062061,0.555683976168856,6.4953906554781,8.28182213609436e-11,5.03216254253918e-09,"ENSG00000178723"
563.659649118646,0.747049776907367,0.11506125881445,6.49262648961693,8.43526419346842e-11,5.10575876354077e-09,"ENSG00000188215"
1329.75887300369,1.38280538377565,0.213039629630566,6.49083640529032,8.53611318847834e-11,5.1470807691443e-09,"ENSG00000168994"
97.0020452487746,-1.92383603223761,0.296595291839462,-6.48640111684216,8.79109298155956e-11,5.2806725065657e-09,"ENSG00000089041"
216.829087482066,2.11705837138275,0.327132071503812,6.47157082963686,9.69892744926263e-11,5.80392635770648e-09,"ENSG00000119508"
308.930230886378,0.938111454093043,0.145193572281047,6.46110870718966,1.03938616375237e-10,6.1963104207396e-09,"ENSG00000158079"
1488.96980634458,1.11972973301243,0.173524032336719,6.45287985723862,1.09744361572402e-10,6.49341357348616e-09,"ENSG00000083223"
1484.59853470538,-0.561084816112341,0.0869443806367275,-6.45337642298788,1.09385204648926e-10,6.49341357348616e-09,"ENSG00000154767"
96.314325563272,2.50641951854332,0.388593722901124,6.44997428118793,1.11869134258747e-10,6.59443501126748e-09,"ENSG00000140807"
441.10638539616,-0.995563554927958,0.154868171009999,-6.42845814240089,1.28904737158764e-10,7.57039790942066e-09,"ENSG00000100626"
537.424307038482,1.12831936784805,0.175681002900328,6.42254625839195,1.34013506043304e-10,7.81424752552185e-09,"ENSG00000107968"
674.943374660391,0.989440934268363,0.154058313374127,6.42250919536895,1.34046150108648e-10,7.81424752552185e-09,"ENSG00000172349"
3520.6475805555,0.789811685265301,0.123157759821616,6.41300788849421,1.42676134068774e-10,8.28675575742095e-09,"ENSG00000164050"
50277.3928076805,0.735731812214318,0.11481138204685,6.40817834519314,1.47268582480094e-10,8.52215775099094e-09,"ENSG00000167460"
242.495378731726,-1.48218296171858,0.23141573358038,-6.40484957002183,1.5051771111344e-10,8.67838978164277e-09,"ENSG00000170989"
3133.72494615856,1.1483362154663,0.179333006526709,6.40337346541544,1.51980818537277e-10,8.73088353182512e-09,"ENSG00000136436"
25319.8147802879,0.662854778902289,0.103557859317112,6.4008157688207,1.54548965791611e-10,8.84624841150679e-09,"ENSG00000182718"
3049.28009483583,0.581040711005082,0.090918462158015,6.39078903463239,1.65031939693847e-10,9.41218261113139e-09,"ENSG00000100994"
1944.90469627899,1.64945996817615,0.258450341005795,6.3821156581069,1.74657966633607e-10,9.92534732689829e-09,"ENSG00000146122"
452.075618195456,-1.8609030282759,0.291927337605457,-6.37454184161035,1.83510711892946e-10,1.03539365231599e-08,"ENSG00000130513"
521.601673435537,1.17563835289473,0.184416515550799,6.37490817665348,1.8307260471982e-10,1.03539365231599e-08,"ENSG00000196850"
221.126285865625,1.13761086548108,0.178661524156044,6.36740826462158,1.92248959364868e-10,1.08083596442924e-08,"ENSG00000226950"
139.027343003421,-2.9861852947632,0.469197381868598,-6.36445430038546,1.95985261487661e-10,1.09793445424896e-08,"ENSG00000165272"
3231.33437956125,0.888618149174085,0.139711972562604,6.36035790544652,2.0128418496601e-10,1.11967871622994e-08,"ENSG00000169764"
1758.93976552061,0.885550341767389,0.139225279292031,6.36055712202888,2.01023279734437e-10,1.11967871622994e-08,"ENSG00000254332"
1307.92463788195,0.934954512995829,0.147077655923316,6.35687662498032,2.05897228351963e-10,1.14132084684362e-08,"ENSG00000112658"
403.959357499069,-1.23879599296956,0.195253349836309,-6.34455692569735,2.23066495125999e-10,1.22939958228461e-08,"ENSG00000155962"
620.369054234851,-0.647837478784194,0.10211224838605,-6.34436601900052,2.23343258713561e-10,1.22939958228461e-08,"ENSG00000198960"
1230.20412527718,-0.749840866596041,0.118263742353305,-6.34041213033783,2.29151338497137e-10,1.25699057138117e-08,"ENSG00000134684"
477.174633199217,-0.58398282366094,0.0922505392281874,-6.33040010981857,2.44526280056319e-10,1.3366872568615e-08,"ENSG00000226137"
10633.7801263308,-0.373305685114182,0.0591575363988823,-6.31036564127839,2.78376994884229e-10,1.51648267764864e-08,"ENSG00000096384"
1736.01219538094,-0.772639889592359,0.122454511599011,-6.30960737585923,2.79744227553597e-10,1.51869391989406e-08,"ENSG00000100154"
29952.5958092929,-0.539742783203422,0.0856040494498744,-6.30510807224686,2.87992873830961e-10,1.5551330678502e-08,"ENSG00000113140"
5543.32217819576,0.967037005516731,0.153379231874526,6.30487578858021,2.88425110064634e-10,1.5551330678502e-08,"ENSG00000134531"
65.7199615404259,-2.33637388758249,0.370739459414127,-6.30192936914407,2.9396313065073e-10,1.57960188368035e-08,"ENSG00000132622"
880.946023197509,1.02679564905705,0.163418811120073,6.28321575722765,3.31640289097387e-10,1.77601806344425e-08,"ENSG00000137767"
72.9333932819169,2.59039162428911,0.412854682018874,6.27434237059395,3.51115137350834e-10,1.87395842563124e-08,"ENSG00000268913"
1690.58660079001,0.800745591326195,0.127703279806466,6.27036042096744,3.60213326096356e-10,1.91604381335698e-08,"ENSG00000113916"
997.437432905106,1.43374962605469,0.229233571837416,6.25453599384464,3.98699505585746e-10,2.11364254672604e-08,"ENSG00000243244"
2400.49362536236,1.03350706522867,0.165380383207515,6.24927240573539,4.12369159494852e-10,2.17879865608685e-08,"ENSG00000154262"
1066.61367933481,1.2353796102178,0.197987669023758,6.2396795533239,4.38468193658193e-10,2.30897350780404e-08,"ENSG00000164104"
1930.22443342482,1.24200032039476,0.199200138197529,6.23493704187684,4.5195982297263e-10,2.36925372827438e-08,"ENSG00000023909"
231.914731887227,2.82975969490202,0.453879427335474,6.23460664766035,4.52914689162465e-10,2.36925372827438e-08,"ENSG00000167641"
1217.28261213064,0.76669926403246,0.123023067091112,6.23215858749999,4.60051388901604e-10,2.39864417223351e-08,"ENSG00000198189"
60.7118350271499,2.79802387277528,0.449110053693016,6.23015194108265,4.65983011177301e-10,2.42157881926941e-08,"ENSG00000120162"
1950.01264901493,0.719609131612401,0.11558160974219,6.22598295020738,4.78546109429252e-10,2.47871194647978e-08,"ENSG00000093167"
159.151681342049,1.33512547735569,0.214878273675789,6.21340377748077,5.18489876750402e-10,2.67683106957609e-08,"ENSG00000158716"
46395.3898189132,1.18991026705477,0.192326542245008,6.18692694812201,6.13483767819763e-10,3.15694350619434e-08,"ENSG00000196616"
29156.9944652003,0.76118506501231,0.123124074198562,6.18226021163616,6.31902522345046e-10,3.24116754805423e-08,"ENSG00000091136"
330.665391622192,-1.06765369266734,0.172934932625717,-6.17373064225295,6.66971337595272e-10,3.40997190657932e-08,"ENSG00000077063"
149.696622904642,2.58279261345035,0.41844702015383,6.17232884703269,6.72913559513053e-10,3.42925432683458e-08,"ENSG00000102554"
563.760359540017,1.2395867162577,0.200859179140047,6.17142179692673,6.76786041624967e-10,3.43789899858239e-08,"ENSG00000119711"
2130.30251692001,1.86083328680563,0.30184693573033,6.16482417587998,7.05614995404772e-10,3.57285439019378e-08,"ENSG00000070404"
1602.65945088046,0.64853445162395,0.105210640780916,6.1641526637445,7.08615538336403e-10,3.57658411330303e-08,"ENSG00000117143"
622.871740588401,0.587226060758779,0.0953419495913471,6.15915725738499,7.31330771297820e-10,3.66779794443268e-08,"ENSG00000021355"
941.22414485912,-0.972636585111285,0.157906273360506,-6.1595816582329,7.29373635986415e-10,3.66779794443268e-08,"ENSG00000072210"
1272.63143704608,-0.731734172784476,0.118851909999519,-6.15668837621068,7.42818073101729e-10,3.71362022748769e-08,"ENSG00000140450"
141.745875221304,-1.38164090688699,0.22456347065878,-6.15256302743186,7.6240656879308e-10,3.79952649015554e-08,"ENSG00000137266"
3459.6391536296,-0.590212111848271,0.0960880154587077,-6.14241129896064,8.12780672965811e-10,4.03783304135657e-08,"ENSG00000184575"
112.316364515934,-2.50648937121559,0.40813693752105,-6.14129509188646,8.18513635682943e-10,4.05356690173014e-08,"ENSG00000116711"
778.760089547116,0.710091058392158,0.115709283183958,6.13685470044124,8.41713046224665e-10,4.15543209508039e-08,"ENSG00000184304"
365.068801449871,-0.90359209793171,0.147254021967195,-6.13628127680623,8.44755338106031e-10,4.15745944903398e-08,"ENSG00000074047"
2319.23131899495,-0.933181763059817,0.152128174062963,-6.13418105362649,8.55989890992344e-10,4.19966717325996e-08,"ENSG00000033867"
912.690770212556,-0.486113771401936,0.0792856651135566,-6.1311684868343,8.72359571589112e-10,4.26672957026774e-08,"ENSG00000162664"
1741.43966023734,0.961080052684635,0.156845932266633,6.12754209685739,8.92469910005801e-10,4.35161717230607e-08,"ENSG00000117758"
435.038885119722,-1.04298033832813,0.170257710162483,-6.12589196302928,9.01769815513685e-10,4.38343370630314e-08,"ENSG00000175197"
1316.3682956284,-0.477465997849216,0.0779786824576279,-6.12303238271129,9.18110260829102e-10,4.4491735891344e-08,"ENSG00000147100"
1511.31219944027,1.17346612352116,0.191702900827202,6.12127473532031,9.28296862399498e-10,4.47110787566685e-08,"ENSG00000079691"
748.094186828131,1.07322619113057,0.17532187151881,6.12146209616195,9.27205769329802e-10,4.47110787566685e-08,"ENSG00000229644"
2125.29356343965,-0.584982381707008,0.0957262882032439,-6.11098991391985,9.90150245173221e-10,4.74011926462016e-08,"ENSG00000135679"
391.84505266595,-0.645602747728778,0.105641004701453,-6.11128935732186,9.8829386036881e-10,4.74011926462016e-08,"ENSG00000236104"
670.832739210563,1.87825604103285,0.307428802073688,6.1095643230677,9.99034856267898e-10,4.76238261142169e-08,"ENSG00000154930"
411.407196421278,-0.581231834721893,0.095140337231544,-6.10920511357179,1.0012857657634e-09,4.76238261142169e-08,"ENSG00000166526"
1030.6361845371,0.927069458116987,0.151759723647121,6.10879774842404,1.00384441676378e-09,4.76238261142169e-08,"ENSG00000177426"
220.359459441708,1.12735469191182,0.184969228411497,6.09482291510577,1.09558664027342e-09,5.18205920450283e-08,"ENSG00000175741"
534.49163430672,-0.93258014334148,0.153144420674235,-6.08954697295334,1.1323063971481e-09,5.33975416780469e-08,"ENSG00000132530"
11150.2606746202,0.923674970650996,0.151786084958175,6.08537318098374,1.16220287063741e-09,5.46442885426484e-08,"ENSG00000071242"
9446.9314708643,1.55154640981602,0.254994326085062,6.08463111174657,1.1675982182105e-09,5.47350642471497e-08,"ENSG00000116962"
990.221400252361,1.05086305566112,0.172747771105737,6.08322208115727,1.17791011225517e-09,5.50551004538675e-08,"ENSG00000196507"
648.320916013762,0.727729920795476,0.119650988648224,6.08210537177434,1.18614569116596e-09,5.52764885812385e-08,"ENSG00000109189"
398.166661566592,0.725081391122827,0.119325005415609,6.07652510550802,1.22814783859741e-09,5.70655281004761e-08,"ENSG00000149289"
5618.09486207938,-1.99599398742629,0.32873348299458,-6.07176965742548,1.26508307555236e-09,5.86093326321882e-08,"ENSG00000168398"
58.9342517155642,-2.69497099945919,0.443944903948971,-6.07050779384317,1.27506428043018e-09,5.87273046712417e-08,"ENSG00000128165"
2814.84992658045,0.792098830030823,0.130481193920184,6.07059765651251,1.2743509448918e-09,5.87273046712417e-08,"ENSG00000132155"
54.3143816181658,2.47379295187195,0.407877002944475,6.06504640863194,1.31915555828241e-09,6.05814520632137e-08,"ENSG00000163251"
17.1030162538579,-3.08074484834681,0.508353079099995,-6.06024626387837,1.35913296996816e-09,6.22364714769766e-08,"ENSG00000122877"
160.533871747045,0.954282209909219,0.15748639297277,6.05945816585068,1.3658084303936e-09,6.23613918594164e-08,"ENSG00000226964"
578.186415146855,-1.15972306686755,0.19163823393504,-6.05162677120405,1.43390378183128e-09,6.52818788051024e-08,"ENSG00000075240"
1375.83310207508,0.832122950882418,0.137567411466039,6.0488377444526,1.45894500861244e-09,6.62310725461476e-08,"ENSG00000186594"
624.931127836304,1.13940597597118,0.188773114943868,6.03584878233311,1.58129282799729e-09,7.15795532856768e-08,"ENSG00000167645"
6825.1403388589,0.738017725733194,0.122351513693328,6.03194601730078,1.61996898548542e-09,7.29124502356087e-08,"ENSG00000113719"
8600.74727046012,0.889480895811622,0.147459654413026,6.03202889191805,1.61913820384048e-09,7.29124502356087e-08,"ENSG00000147526"
653.068561714323,-0.743638605866035,0.123314281206517,-6.03043377125676,1.63520174099106e-09,7.33889690459566e-08,"ENSG00000067445"
664.086322017006,0.928269074617304,0.153948189746735,6.0297498537945,1.64213654992142e-09,7.34914255401094e-08,"ENSG00000103381"
7519.24168382832,1.61187584279077,0.267413485901258,6.02765353197613,1.66357193788281e-09,7.42404222448381e-08,"ENSG00000164442"
243.026971326048,-1.37220603330861,0.227681402636257,-6.0268692015256,1.67166179236757e-09,7.43913042135855e-08,"ENSG00000196155"
309.65762579025,-0.873641146661576,0.145227618303073,-6.01566807243503,1.79146319200073e-09,7.9498695245021e-08,"ENSG00000197872"
2445.34065145007,0.38586561534102,0.0641779164935512,6.01243599704257,1.82755995959189e-09,8.08733676236211e-08,"ENSG00000108256"
635.045080108925,0.852458493153726,0.141868155628871,6.00880789191174,1.8689241764583e-09,8.24728048594645e-08,"ENSG00000116704"
1019.75515084209,1.56998822575931,0.26150888755603,6.00357502351783,1.93019514697447e-09,8.49393396431828e-08,"ENSG00000106617"
9617.28707319594,-0.542630849706431,0.0904473545373793,-5.99941095548767,1.98034588449543e-09,8.69041785646077e-08,"ENSG00000214548"
101.708409544667,-1.37911003194333,0.229967889216347,-5.99696782295505,2.01035875329853e-09,8.79768631152638e-08,"ENSG00000215386"
1930.67098140406,0.626294935867317,0.10459156835407,5.98800597144831,2.12429266356202e-09,9.27060096656154e-08,"ENSG00000091317"
67.2076726823875,-1.31729822638676,0.220150082641826,-5.98363721048404,2.18209051254131e-09,9.49660218102688e-08,"ENSG00000109881"
2853.53814325834,-0.538537512698883,0.0900428634498072,-5.98090167355774,2.21905801540987e-09,9.63095563940802e-08,"ENSG00000031698"
1528.0434286448,0.726957303984387,0.121634317910313,5.97658059397685,2.27869846434791e-09,9.86270639445708e-08,"ENSG00000093144"
64.2161062113099,-1.71717710057039,0.287415846437482,-5.97453871056446,2.30742141731371e-09,9.95973867506067e-08,"ENSG00000102524"
2500.69660328676,-1.33877147152511,0.224584914955558,-5.96109258624977,2.50556943859079e-09,1.07855547659012e-07,"ENSG00000140105"
5946.26333167578,0.73042157160025,0.122582154544341,5.95862892372349,2.54362937456231e-09,1.09196350161237e-07,"ENSG00000109686"
97.9255726495818,1.95236673972361,0.327702377566453,5.95774359106595,2.55744350553471e-09,1.09491849594681e-07,"ENSG00000068831"
457.143165300289,-0.730974292859659,0.122739500043605,-5.95549348498219,2.59288229323497e-09,1.10709066131151e-07,"ENSG00000178425"
105.99997854351,-1.64649492186334,0.277230979109575,-5.9390726359357,2.86638855441769e-09,1.22057160061161e-07,"ENSG00000129467"
319.663738972784,-1.18004337380341,0.198955216057573,-5.93120098676845,3.00726820066027e-09,1.27400624296009e-07,"ENSG00000143507"
185.26288994688,-1.03748408458312,0.174920914586856,-5.93116087366422,3.0080030929492e-09,1.27400624296009e-07,"ENSG00000261597"
18377.9313416258,1.61196513942315,0.271824183011177,5.9301756067703,3.02610867447907e-09,1.27824772297916e-07,"ENSG00000165507"
870.042868970989,0.602809034575156,0.101709049286352,5.9267984393208,3.08897740095822e-09,1.30132439947568e-07,"ENSG00000126561"
82853.464413557,-0.846463314056993,0.142857966984886,-5.92520901649503,3.11900415938369e-09,1.31047946037084e-07,"ENSG00000168542"
229.596808860419,0.926531731929743,0.156400174574275,5.92410932054125,3.13994532371323e-09,1.31577867968227e-07,"ENSG00000159423"
18026.0429919188,0.659848037187363,0.111397042295235,5.92338919949573,3.15373246836181e-09,1.31805993479312e-07,"ENSG00000136830"
276.282903628717,0.919434163727716,0.155258187553035,5.92196893586463,3.18109723205544e-09,1.32598876179451e-07,"ENSG00000165996"
3721.61626087467,1.20046033265312,0.203616572063231,5.89569071165941,3.7311728419972e-09,1.55118601468084e-07,"ENSG00000008256"
5738.96194086213,0.498398550410099,0.084611489238265,5.89043586039024,3.85178348670139e-09,1.59712534180862e-07,"ENSG00000144746"
849.746412465004,1.4090463051688,0.239590241594618,5.881067174484,4.07629677473347e-09,1.68579414783349e-07,"ENSG00000099204"
895.151049539376,0.635298436753533,0.10817831680555,5.87269663194593,4.28762672178976e-09,1.7685620613795e-07,"ENSG00000198369"
2818.00345435573,-1.00107952778481,0.170632219424106,-5.86688452604976,4.4405970266792e-09,1.82688937050724e-07,"ENSG00000113580"
388.613265863212,0.695694545025171,0.118607823784565,5.86550298982641,4.47773197850952e-09,1.83738207263619e-07,"ENSG00000273131"
12772.7450199588,1.33917009043236,0.2284074643647,5.86307498381093,4.54372905043317e-09,1.85963294141822e-07,"ENSG00000206538"
286.795611723087,5.28343714814655,0.901403974033892,5.86134219544488,4.59140684504146e-09,1.8742905772084e-07,"ENSG00000127954"
1187.61917333083,0.532377031423347,0.0908556941643476,5.85958905845062,4.64013986477296e-09,1.88930230885782e-07,"ENSG00000136560"
604.364648772673,0.531706477730097,0.0907929924775119,5.85625017108884,4.73434893643792e-09,1.92270551408345e-07,"ENSG00000085377"
765.223453383136,-1.12765804078142,0.192651614568731,-5.85335369914127,4.81758050404178e-09,1.95149068725262e-07,"ENSG00000154310"
158.423079444335,2.1702593296412,0.371206870801043,5.84649558063918,5.02036900650908e-09,2.02843451572456e-07,"ENSG00000137393"
4219.21324125585,-0.474316152132063,0.0812100938746461,-5.84060588409374,5.20113155591109e-09,2.09077547888762e-07,"ENSG00000172667"
2838.09897546211,-0.960701092205064,0.164481668861314,-5.84077909019211,5.19572637950835e-09,2.09077547888762e-07,"ENSG00000174136"
540.133014102601,-0.888893927425569,0.152206313249542,-5.84005951164606,5.21821786471446e-09,2.0923199448416e-07,"ENSG00000133943"
85.1648501747506,1.62016004767677,0.277511108437405,5.8381808814771,5.27738462448419e-09,2.1106866404456e-07,"ENSG00000131979"
3013.05558012009,0.39801523102381,0.0682160415703061,5.83462807078302,5.39106858292766e-09,2.15070963315887e-07,"ENSG00000160408"
4204.54955712067,1.081450444662,0.185406309406312,5.83286754439426,5.44828179533425e-09,2.16350230107371e-07,"ENSG00000166825"
125.028995421193,-1.06199918943719,0.182073685299365,-5.8327988895872,5.45052485015405e-09,2.16350230107371e-07,"ENSG00000196476"
118.229537553147,1.1556771064963,0.198629397107908,5.81825813964716,5.94640211170148e-09,2.35441755791128e-07,"ENSG00000138678"
3084.68457711573,0.724906629410895,0.124733040204133,5.81166488225205,6.18545689678814e-09,2.44294620138647e-07,"ENSG00000174099"
22.4583989551185,3.78338950645904,0.652636539656554,5.79708501833199,6.74774880462212e-09,2.65837744676858e-07,"ENSG00000187288"
374.017217200275,1.97201617419763,0.340288663846715,5.79512744240559,6.82693190582861e-09,2.67622506819554e-07,"ENSG00000162772"
33.2174432173556,2.44156343360987,0.421299196417973,5.79531946504731,6.81912487194914e-09,2.67622506819554e-07,"ENSG00000261468"
4609.42705178567,0.402023882481548,0.0694168613960329,5.79144424562708,6.97837251350669e-09,2.7153775607975e-07,"ENSG00000163399"
317.810427312903,-0.890385204734203,0.153738568674092,-5.79155388536052,6.97381768286645e-09,2.7153775607975e-07,"ENSG00000170365"
168.781460952875,1.0263634623378,0.177205796611511,5.79192939488261,6.95823955901482e-09,2.7153775607975e-07,"ENSG00000242539"
64.3399565914956,1.43543289040015,0.247929675917338,5.78967759744394,7.05216558840582e-09,2.73734918834484e-07,"ENSG00000261490"
3347.969331352,0.56132731647928,0.096999485694471,5.78691023421865,7.16928647157131e-09,2.76920263271109e-07,"ENSG00000017797"
1592.26310269318,0.750851446485035,0.129749200152343,5.78694470257571,7.16781612790341e-09,2.76920263271109e-07,"ENSG00000188706"
341.621460915518,-0.810883930720397,0.140136253424473,-5.78639653126894,7.19123469186144e-09,2.77090550395188e-07,"ENSG00000165821"
4446.48862872576,0.570801974935575,0.0986621080569037,5.78542245019094,7.23303236679112e-09,2.77348168278073e-07,"ENSG00000170759"
1405.63060165928,0.425263635000796,0.0735031646945381,5.78565068277118,7.22321779898728e-09,2.77348168278073e-07,"ENSG00000198833"
218.571329248311,1.80848793530935,0.312681615140456,5.78380003089398,7.30317514622852e-09,2.7935971176784e-07,"ENSG00000168621"
45.7234560507756,4.028312210355,0.697179796225405,5.77801053926785,7.55890747018242e-09,2.88215631338423e-07,"ENSG00000152779"
426.099200018294,0.864494624644708,0.149625111770785,5.77773753625697,7.57117907364512e-09,2.88215631338423e-07,"ENSG00000185716"
2127.87115193567,-0.565584730505749,0.0979076553549002,-5.77671611535984,7.61726445016971e-09,2.89272941787935e-07,"ENSG00000094916"
3395.23161251521,0.914313813142776,0.158513369308548,5.7680548784693,8.01916950714501e-09,3.03805371400184e-07,"ENSG00000114019"
341.593186680256,-0.651754772696438,0.11311505372858,-5.76187475683231,8.31847179589427e-09,3.13909615922463e-07,"ENSG00000106524"
1774.59888623428,1.66303056501696,0.288654054848909,5.76132757216055,8.34548921935905e-09,3.13909615922463e-07,"ENSG00000111859"
280.319320209994,0.881520055280408,0.15300368116864,5.76143036917394,8.34040708309518e-09,3.13909615922463e-07,"ENSG00000196372"
1431.68740947836,1.14771635993641,0.199693353774908,5.74739388287356,9.06294416312549e-09,3.40086441541702e-07,"ENSG00000165030"
1145.49223053129,-1.0252426010117,0.178430996362005,-5.74587724058695,9.14456350635423e-09,3.42336052780531e-07,"ENSG00000109689"
705.928596242403,2.25486010596784,0.392462257439283,5.74541898800725,9.16936499989897e-09,3.42453021911121e-07,"ENSG00000067798"
26439.8183203039,-0.408089141515145,0.0711189214601954,-5.73812331706336,9.57314030506164e-09,3.56689789007933e-07,"ENSG00000136235"
1139.19504416826,0.64700079589514,0.112964227667274,5.72748390579736,1.01931104344158e-08,3.78895902689178e-07,"ENSG00000111450"
944.377660726553,2.36740490785555,0.413641181380611,5.72332981922607,1.04456197218181e-08,3.87370658134467e-07,"ENSG00000122035"
118.643034107203,-0.999296863469424,0.174914339954239,-5.7130642560859,1.10959757119909e-08,4.09565944621571e-07,"ENSG00000107338"
240.848423504745,0.741873391043188,0.129849407112052,5.713336760968,1.10782139879402e-08,4.09565944621571e-07,"ENSG00000111231"
144.413390752879,-1.05252666536432,0.18432788061311,-5.71007848548691,1.12924085023807e-08,4.14877836094442e-07,"ENSG00000133069"
561.866731071647,-0.528321924055317,0.0925230646796437,-5.71016455069451,1.12866992928608e-08,4.14877836094442e-07,"ENSG00000151612"
1030.85829137169,0.79070784103202,0.138614194954754,5.70437855437621,1.16768311620892e-08,4.28005983059594e-07,"ENSG00000161813"
636.991268398447,0.515071651657846,0.0903158662684089,5.70300294886292,1.17714945091757e-08,4.30477014481385e-07,"ENSG00000130311"
739.09818000257,0.64632925779219,0.113381505088094,5.70048225493226,1.19468968999347e-08,4.35882395439186e-07,"ENSG00000160712"
1865.45466647299,1.00200077555025,0.175817857266277,5.69908421778069,1.20452714168529e-08,4.3845898120609e-07,"ENSG00000221968"
629.301074107951,1.08175909819107,0.189864669685831,5.69752708590312,1.21557674478625e-08,4.41463940554787e-07,"ENSG00000214944"
631.852004067811,-0.901713199175933,0.158275034684358,-5.69712842568118,1.21842148577392e-08,4.41482170464598e-07,"ENSG00000158292"
595.63633006002,-0.64814721640192,0.113797807687485,-5.69560371656615,1.22936123503257e-08,4.43651471489434e-07,"ENSG00000126705"
3499.49881177558,1.62459383459324,0.285241070308964,5.69551163453963,1.23002496842874e-08,4.43651471489434e-07,"ENSG00000145675"
321.944545335665,0.787366702764907,0.138379193089537,5.68992118819085,1.27098019155759e-08,4.5737880999667e-07,"ENSG00000105643"
52.3184719387971,2.50196693834806,0.439749103752307,5.68953277448251,1.27387439168588e-08,4.5737880999667e-07,"ENSG00000205364"
300.70034833996,-0.651581191102573,0.114546681506929,-5.68834629280077,1.28275497355039e-08,4.59522972157574e-07,"ENSG00000151917"
827.077212489385,-0.493733442506117,0.0870011871479832,-5.67501960250622,1.38672775179078e-08,4.95645362506579e-07,"ENSG00000156931"
402.499879296708,-1.18797289361656,0.20947163821724,-5.6712827747331,1.41732231723665e-08,5.05436974440283e-07,"ENSG00000171132"
3863.00068487274,0.625020015869353,0.110221224422719,5.67059583254385,1.42301743099215e-08,5.06324985919235e-07,"ENSG00000073712"
2461.73840234004,0.687217392282117,0.121394414417911,5.66102975641295,1.50467330576918e-08,5.34175929989696e-07,"ENSG00000183726"
429.372741008478,-0.9689242165715,0.171735588355764,-5.64195357437676,1.68131440368647e-08,5.95547196175759e-07,"ENSG00000070669"
1215.78012750229,-1.08560156232771,0.192449909828323,-5.64095646132613,1.69108123596889e-08,5.97666697222292e-07,"ENSG00000049759"
311.663784890876,-0.758909791589373,0.134912154062218,-5.62521439869223,1.8527771075853e-08,6.53352070215012e-07,"ENSG00000084764"
280.868879110088,0.876147471519592,0.15577444461624,5.62446217464,1.8608682196275e-08,6.54743789168715e-07,"ENSG00000160446"
2914.45703711454,-1.78677997312617,0.318136753590749,-5.61638965934972,1.94988668460454e-08,6.84540218741834e-07,"ENSG00000134363"
2260.99556545531,-1.01761287753064,0.181232436726266,-5.61495997025989,1.96607754937408e-08,6.88693860865005e-07,"ENSG00000065809"
901.279455789343,0.426326999803757,0.0760812659441853,5.60357394836883,2.09976471492759e-08,7.33895640850135e-07,"ENSG00000132612"
669.704895871162,1.03146412576331,0.18458221737281,5.58810128323473,2.29565747477543e-08,8.00591540540889e-07,"ENSG00000240445"
135.045141491839,-0.80174395116898,0.143539275241663,-5.58553712786387,2.32979005584343e-08,8.10705359079613e-07,"ENSG00000196152"
1457.49905922183,-0.470269145478461,0.0842533392626702,-5.58160839195156,2.38304465335112e-08,8.27414053486615e-07,"ENSG00000108468"
5942.89996637757,0.590999952377887,0.106080867617245,5.57122095296487,2.52960271581463e-08,8.76374204044725e-07,"ENSG00000143384"
1846.23197585445,1.28494357376287,0.230696254987659,5.56985016437138,2.54958497276423e-08,8.81364188177884e-07,"ENSG00000153207"
68.8513535499531,3.03599521399247,0.545353543770455,5.56702206976096,2.59129586080688e-08,8.93827336441639e-07,"ENSG00000136383"
1731.62642673612,-1.13483153511655,0.203952801666868,-5.56418703661721,2.6337734250672e-08,9.05818186162692e-07,"ENSG00000169855"
458.533310449072,-0.772183373834515,0.138783587169565,-5.56393871626238,2.63752605161944e-08,9.05818186162692e-07,"ENSG00000171492"
199.756683274809,-0.777753085092769,0.139869198158619,-5.56057441761236,2.6888816507335e-08,9.21452327945507e-07,"ENSG00000129484"
1666.89815784017,0.789973082898411,0.142086989703109,5.55978478078156,2.70107522890529e-08,9.23627412689302e-07,"ENSG00000008130"
41.6096460326174,-1.78006565234677,0.320490780784957,-5.55418676314796,2.78907159443116e-08,9.51657733235928e-07,"ENSG00000109625"
3577.51376084319,0.845818598223778,0.152748513607435,5.53732784855466,3.07121324982149e-08,1.04566868363534e-06,"ENSG00000101608"
358.53254196031,0.902950032012417,0.163180381525062,5.53344724147332,3.13997460976637e-08,1.06474603357437e-06,"ENSG00000125430"
3981.34780297822,1.06754346096682,0.192927029185072,5.5334053785835,3.14072446920913e-08,1.06474603357437e-06,"ENSG00000213639"
1282.87760550565,-0.870640331908438,0.157567333326154,-5.52551289362924,3.28524448519991e-08,1.10898060635018e-06,"ENSG00000109654"
3004.77150728699,0.921397180147087,0.166749159308449,5.52564812901217,3.28271470864967e-08,1.10898060635018e-06,"ENSG00000144724"
93.5814433474025,-2.71736780273697,0.493199606563481,-5.50967147291755,3.59504034520571e-08,1.21096902715479e-06,"ENSG00000126878"
52.2186831415002,-2.15236141905151,0.390902068492057,-5.50613975350515,3.66787394278842e-08,1.23287388400365e-06,"ENSG00000157368"
507.536256871247,1.29611502663081,0.235491338523031,5.50387557674039,3.7153180433645e-08,1.24616973352595e-06,"ENSG00000226121"
382.556718353165,1.29275653505709,0.234984005563517,5.5014660761992,3.76646090082496e-08,1.25980030800868e-06,"ENSG00000168556"
328.621462574321,0.685936088618332,0.124688187962386,5.50121146058562,3.77190496067923e-08,1.25980030800868e-06,"ENSG00000198736"
45.7217141797248,-1.42886010118753,0.260331356313337,-5.48862081549537,4.05084158907406e-08,1.35010960810532e-06,"ENSG00000167771"
1757.78184866915,1.01897437445071,0.185712177807962,5.48684737036683,4.09170375205978e-08,1.36085759736927e-06,"ENSG00000118257"
102.087618870638,1.34198030371096,0.244861524529952,5.48056827746658,4.23961862520227e-08,1.40709023195264e-06,"ENSG00000137880"
2092.95436367358,0.750341280587628,0.137041082367454,5.47530176809102,4.36766655471168e-08,1.44654918723973e-06,"ENSG00000101290"
758.435167044725,-1.00702619353514,0.184024914393975,-5.47222747991189,4.444138550457e-08,1.46879708828702e-06,"ENSG00000100592"
1647.06936069093,0.411614878968818,0.0752450211355852,5.47032710944585,4.49205720982436e-08,1.48153486014207e-06,"ENSG00000215700"
558.492267529398,-0.971704050489414,0.177652235136782,-5.46969786077421,4.50803409208698e-08,1.48370672055813e-06,"ENSG00000242265"
1105.53736862956,-0.512880430917251,0.0939118479650362,-5.46129633300581,4.72670296976589e-08,1.55244186104702e-06,"ENSG00000044090"
244.512754150726,0.626277071581837,0.114709934776127,5.45965850999835,4.7705126017847e-08,1.56358004321566e-06,"ENSG00000120526"
42.2681161898124,-2.68337584411645,0.49153371909166,-5.45918975624959,4.78312343240791e-08,1.56446757733292e-06,"ENSG00000123689"
1013.08794181449,1.08207033605124,0.198226184822818,5.45876588917069,4.79455449920366e-08,1.56496636319048e-06,"ENSG00000108950"
1002.46092417657,0.567117633709653,0.103946865520587,5.4558416058956,4.87414278882582e-08,1.58766407789423e-06,"ENSG00000100266"
1984.30838214053,-1.0034343497176,0.183990731121424,-5.45372228047394,4.93262189842132e-08,1.60340659982017e-06,"ENSG00000145362"
21.0206950614602,4.87949076414913,0.894994180598073,5.45198043733474,4.98119368700627e-08,1.61587059275821e-06,"ENSG00000168481"
2748.90044726366,1.88664082878868,0.346092600386426,5.45126023116985,5.00141202693502e-08,1.61910465576884e-06,"ENSG00000167191"
1855.62759714175,0.625664636874779,0.114790238855489,5.45050383301697,5.0227320190123e-08,1.62268139951649e-06,"ENSG00000197045"
23.6482398017847,-2.26891029661548,0.416928796268393,-5.44196111403852,5.26971805551355e-08,1.69900011920414e-06,"ENSG00000070808"
181.868657588006,0.762639986419136,0.140168237624151,5.44089017131034,5.30149921232483e-08,1.70576546957857e-06,"ENSG00000115841"
64.2114762447164,1.46301898216987,0.268952626640999,5.43969025490397,5.337328447977e-08,1.71380314677115e-06,"ENSG00000161267"
100.637378422348,1.02932545585538,0.189363903367611,5.43570045584218,5.45815835386345e-08,1.74849617055008e-06,"ENSG00000118507"
419.092237259968,3.63958879663367,0.669608853986412,5.43539526839579,5.46750923060982e-08,1.74849617055008e-06,"ENSG00000163083"
349.445644761808,-1.65069038922938,0.303997431261779,-5.42994847811042,5.63703234640656e-08,1.79906741431375e-06,"ENSG00000064309"
497.781379776755,-0.576027631224205,0.106126989601247,-5.42772044499261,5.70783472961858e-08,1.81799139230876e-06,"ENSG00000078699"
2116.96442695008,-0.61399766365481,0.1132849249191,-5.41994148023916,5.96185476674321e-08,1.89507810070441e-06,"ENSG00000168077"
17.5803040687895,2.6185324960722,0.483435083774167,5.41651316579958,6.07725176473685e-08,1.9278799875364e-06,"ENSG00000247311"
715.970034549921,-1.22662057848555,0.226629220167274,-5.41245554117066,6.21662927394861e-08,1.96814247033748e-06,"ENSG00000075213"
26.3212299582592,-4.5247336045075,0.836122917188894,-5.41156510781929,6.24762704891314e-08,1.9740002423746e-06,"ENSG00000267339"
2286.31616835608,1.33908520411533,0.24755911108323,5.40915338666378,6.33233786700184e-08,1.9967719286007e-06,"ENSG00000187498"
2661.50267324558,0.571350414269408,0.105639340853852,5.40850037165462,6.35546555753368e-08,2.00007260712982e-06,"ENSG00000067900"
686.802724569259,-0.687746097566963,0.127221123107193,-5.40591122582281,6.4479729010176e-08,2.0251506141208e-06,"ENSG00000196639"
1160.90457750161,1.08575891105084,0.200899809343577,5.40447954927617,6.49968384182004e-08,2.03734137565621e-06,"ENSG00000011198"
1980.7534729363,0.383226248989527,0.0709302505230559,5.40286050258569,6.5586465459184e-08,2.04769759154978e-06,"ENSG00000198925"
21.2753733917762,-2.18916184358717,0.40518525466907,-5.40286651194931,6.5584267408266e-08,2.04769759154978e-06,"ENSG00000243742"
518.363538789347,0.725719878135836,0.134430603086608,5.39847223379845,6.72107671441338e-08,2.09427159633733e-06,"ENSG00000164305"
401.080144866907,-0.796646111760275,0.147661185325928,-5.39509492627911,6.8487334685028e-08,2.12566387692352e-06,"ENSG00000087266"
762.881545601746,0.533186211138927,0.0988274567309117,5.39512225424045,6.84769115145483e-08,2.12566387692352e-06,"ENSG00000135070"
954.246234593361,1.16482565806122,0.216063553753607,5.39112514732381,7.00178892446402e-08,2.16890708683691e-06,"ENSG00000169908"
4746.59534426994,-0.60906841365652,0.113014355838889,-5.38930128951755,7.07321392397066e-08,2.18674429688627e-06,"ENSG00000113657"
201.123520550663,-1.58480005618208,0.294273670159056,-5.3854633182965,7.22582709803678e-08,2.22956282216377e-06,"ENSG00000092969"
1899.05237365864,0.607902002147273,0.112903781291471,5.38424838560475,7.27479884393841e-08,2.24029770246665e-06,"ENSG00000134851"
1445.56562618598,0.915717243551737,0.17012534976242,5.38260315015096,7.34162800679491e-08,2.25647936286665e-06,"ENSG00000138604"
1524.76384491757,1.17925993726251,0.219470796292177,5.373197515047,7.73525167891032e-08,2.37284477715389e-06,"ENSG00000083290"
9062.96802848213,-0.735818095896938,0.137049969915123,-5.36897670501235,7.91846455836107e-08,2.42433920722845e-06,"ENSG00000161011"
197.229454662814,2.54723315453991,0.474467522906383,5.36861435517581,7.93438751189996e-08,2.42451554957438e-06,"ENSG00000124440"
2312.34930639219,0.842026270366437,0.156931246335734,5.36557435200017,8.06920309025452e-08,2.45148596961233e-06,"ENSG00000081377"
1751.60576456192,-0.695291759001076,0.129567747995431,-5.36624098016735,8.03945144281861e-08,2.45148596961233e-06,"ENSG00000166341"
193.7785672253,-1.13287072896644,0.211136226907605,-5.36559142672465,8.06843971571397e-08,2.45148596961233e-06,"ENSG00000206052"
997.913424177288,-0.518533314022118,0.0966968488300031,-5.36246341319477,8.20946000573728e-08,2.48759227623744e-06,"ENSG00000006114"
289.472607810184,-1.32933735095645,0.247907014111731,-5.36224178940465,8.21954151282406e-08,2.48759227623744e-06,"ENSG00000137872"
2179.50085300852,-0.402583276426089,0.0750891840272654,-5.36140166711505,8.25786704343404e-08,2.49441268742201e-06,"ENSG00000171862"
4945.24827147628,0.931082966894925,0.173692660865288,5.36051991060836,8.29827798865146e-08,2.50183579512816e-06,"ENSG00000115993"
228.877670272412,-0.918947315386911,0.171585193335236,-5.35563295133229,8.52574284056594e-08,2.56551781705259e-06,"ENSG00000102221"
3038.35023240174,0.616425853101372,0.115114272044608,5.35490380256673,8.56019469446062e-08,2.57098775253021e-06,"ENSG00000165915"
1379.06029420459,-0.919079078069636,0.171656026161973,-5.35419057879391,8.59402449572564e-08,2.57625045509438e-06,"ENSG00000183963"
4803.02074629521,-0.652727034186495,0.121947270896224,-5.35253498819143,8.67305262129298e-08,2.59501676725732e-06,"ENSG00000179222"
28.1987336582881,-2.12712684690345,0.397475741739774,-5.35158909973448,8.7185191186806e-08,2.60368932016855e-06,"ENSG00000235513"
11510.2334798557,1.53993179922332,0.287942083979348,5.34806089454352,8.89015568667858e-08,2.64993734977638e-06,"ENSG00000131386"
102.441568005606,-2.03107114744203,0.379825917689395,-5.34737376479652,8.92396098248509e-08,2.65500443693596e-06,"ENSG00000177570"
1177.445537641,0.406078055896008,0.075968136874633,5.3453733710245,9.0230861008211e-08,2.674422405643e-06,"ENSG00000051620"
22829.8275639599,0.812507051721585,0.151997232082342,5.34553847192048,9.01486469336952e-08,2.674422405643e-06,"ENSG00000122786"
2227.38989551951,0.313489244601709,0.0586569093644863,5.34445554663865,9.06892283680608e-08,2.68297458756297e-06,"ENSG00000143570"
837.465262156719,-0.74843700025902,0.140068885163006,-5.34334944829483,9.12446168050971e-08,2.69435973137743e-06,"ENSG00000069020"
597.1624309057,0.630674947157209,0.118056356704477,5.34215153476182,9.18498210796087e-08,2.70717065935757e-06,"ENSG00000169692"
385.576491449307,0.902064948777824,0.169106222879187,5.33430960386525,9.59087614457388e-08,2.82153931716905e-06,"ENSG00000225697"
9754.34321530899,0.84404292249741,0.158279352674294,5.3326154563841,9.68081778737763e-08,2.84270556514855e-06,"ENSG00000071127"
388.838367318904,-1.1218217143854,0.210417194740249,-5.33141654972749,9.74496006653217e-08,2.85623152376763e-06,"ENSG00000205213"
583.472937708762,0.751149316229806,0.141044927676052,5.32560318620619,1.00618576306697e-07,2.93910694407726e-06,"ENSG00000181192"
477.140292312057,1.0578221352016,0.198631610795317,5.32554778650841,1.00649250332055e-07,2.93910694407726e-06,"ENSG00000197312"
518.269514837144,-1.49298248977479,0.280417059905712,-5.32415000099064,1.01426186388689e-07,2.95633006008949e-06,"ENSG00000147883"
911.232427369585,-0.41425213428122,0.0778290877022985,-5.32258756347964,1.02301512729806e-07,2.97635229853678e-06,"ENSG00000162694"
788.239297009002,-1.6493080749915,0.310063949762761,-5.31925132300428,1.04195121816763e-07,3.0258723059949e-06,"ENSG00000126950"
245.628555341999,-0.665212516498633,0.125090105754669,-5.31786676880162,1.04990899388222e-07,3.04338757529383e-06,"ENSG00000123411"
130.827912260602,1.04979115433228,0.19757184294194,5.31346541440515,1.0755985776971e-07,3.11214401656755e-06,"ENSG00000272870"
3631.45580725885,0.568575113992351,0.107086570209988,5.30949037659363,1.09932187934266e-07,3.17497021021121e-06,"ENSG00000115091"
19737.5181402497,0.559447567352983,0.105375904634289,5.30906538164076,1.10188803959997e-07,3.17657431562048e-06,"ENSG00000137076"
1013.28997936457,-0.595195348146286,0.112122667402356,-5.30843015008202,1.10573443960586e-07,3.18185658959805e-06,"ENSG00000142875"
389.815717004166,0.717931647475199,0.135279422008775,5.30702775643609,1.11427215734201e-07,3.20059482576164e-06,"ENSG00000170791"
329.074101161848,0.670205830873716,0.126402558205972,5.30215401006061,1.14444227208227e-07,3.28128838736038e-06,"ENSG00000085415"
593.006344697869,-1.29759496030111,0.244930941769509,-5.29779925282862,1.17206719641309e-07,3.35440535669094e-06,"ENSG00000164070"
579.774497644615,0.989981688455352,0.18692437561789,5.29616153689375,1.18262229708243e-07,3.37849313730711e-06,"ENSG00000128309"
160.330613333738,-0.792992715405452,0.149761263123641,-5.29504558699381,1.18986723588849e-07,3.39305461959681e-06,"ENSG00000137343"
242.57308409503,-1.49201811229645,0.282261274529044,-5.28594691137102,1.25056160811771e-07,3.55970671802586e-06,"ENSG00000149633"
5226.41627132991,1.81416741472252,0.343255955457951,5.28517389393047,1.25585403503643e-07,3.5683420945154e-06,"ENSG00000142871"
1252.50648645955,0.77851003507282,0.147502277346455,5.27795264641403,1.30635210765739e-07,3.70516168703257e-06,"ENSG00000116649"
1234.62805503835,-0.803318573654365,0.15227109079619,-5.2755816580416,1.32335667031533e-07,3.74666463757017e-06,"ENSG00000188042"
321.970327541873,-0.861065936975574,0.163282799432122,-5.27346383066836,1.33872647668469e-07,3.78339908383983e-06,"ENSG00000158301"
770.323890039021,-0.758296371361605,0.14381210740441,-5.27282705919343,1.34338141597886e-07,3.78977493029179e-06,"ENSG00000111801"
443.868082501789,-0.583981331041328,0.110834978183169,-5.26892629577844,1.37224045009425e-07,3.86428781293922e-06,"ENSG00000101004"
1234.44842952594,-1.43641594174461,0.272918214199398,-5.2631736066364,1.41589762034079e-07,3.98013355981206e-06,"ENSG00000092621"
98.6066705007861,2.77316788420342,0.527700779159365,5.25519005035603,1.47871691741645e-07,4.14933745316964e-06,"ENSG00000136237"
48.5100493776054,2.32622213388487,0.442700354026129,5.25461999912377,1.48330408251696e-07,4.15482941411398e-06,"ENSG00000261685"
1151.90916388245,0.408610798672323,0.0778648897105133,5.24768994332952,1.54018222189885e-07,4.30651305160318e-06,"ENSG00000205765"
738.183018226544,-0.495266017599323,0.0944685968094865,-5.24265241917501,1.58284542064459e-07,4.41798444440692e-06,"ENSG00000107882"
243.295837910308,1.48725205788725,0.283818571362582,5.24015060306701,1.60445600504263e-07,4.4625345013492e-06,"ENSG00000147576"
2238.71311693897,-0.604219356383624,0.115301422002302,-5.24034609366364,1.6027571407505e-07,4.4625345013492e-06,"ENSG00000150593"
328.955949752581,-0.756589843340117,0.144432088461376,-5.2383777829429,1.61994197870272e-07,4.49768776441924e-06,"ENSG00000138468"
1405.94491311532,0.525513651146611,0.100341489509472,5.23725184582799,1.62985222656837e-07,4.51692798911087e-06,"ENSG00000105137"
732.315607410531,0.613065346730753,0.11706552268559,5.2369419506826,1.6325901264605e-07,4.51692798911087e-06,"ENSG00000181830"
205.21576046951,0.935210156639327,0.178592060750121,5.23657184261867,1.63586583043657e-07,4.51807838972672e-06,"ENSG00000114767"
520.175604520611,0.80921076239571,0.15454172218406,5.23619609617095,1.63919793868739e-07,4.51938028540721e-06,"ENSG00000123213"
1359.56836224781,1.50788869906063,0.288359492017331,5.22919737620428,1.70247531387873e-07,4.68566289349409e-06,"ENSG00000163171"
2160.10178660744,0.334138796675274,0.0639148872093411,5.22787117781912,1.71472912962268e-07,4.70921711710429e-06,"ENSG00000128989"
331.57084967822,-0.632666565809601,0.121023664174971,-5.22762692835773,1.71699522689712e-07,4.70921711710429e-06,"ENSG00000144827"
1440.98071759912,0.662101303049383,0.126710533699058,5.22530592935468,1.73867397080265e-07,4.76041098626348e-06,"ENSG00000065526"
886.24177899982,1.11783706748493,0.213961938659679,5.22446690512992,1.74657561080855e-07,4.77377188573591e-06,"ENSG00000164330"
6220.64913448681,0.678705414980059,0.129943629172508,5.22307572369738,1.7597538428839e-07,4.80148380136094e-06,"ENSG00000076513"
101.607831188324,-1.29062471276682,0.247152129476245,-5.22198499969172,1.77015311289518e-07,4.82153084095139e-06,"ENSG00000105711"
5799.07708971856,0.699882532826025,0.134124131970767,5.21817008276009,1.80699495960249e-07,4.9134090140792e-06,"ENSG00000075420"
1294.58117781654,-0.359400433537554,0.0688798579771745,-5.2177870874335,1.81073434665905e-07,4.91511704613739e-06,"ENSG00000155827"
1517.71925109051,-0.464539358452199,0.0890808482408606,-5.21480618590606,1.84009526500554e-07,4.98624785532719e-06,"ENSG00000124226"
9331.41214728198,-1.20180472740923,0.230526901327855,-5.21329493645527,1.85515586290128e-07,5.0144685208996e-06,"ENSG00000167552"
1020.15229297927,0.709577862437852,0.136113727719371,5.21312489435898,1.85685788373608e-07,5.0144685208996e-06,"ENSG00000196715"
456.426827041459,0.603484741359592,0.115864877540622,5.20852180720609,1.90350982730203e-07,5.13168058903028e-06,"ENSG00000170584"
301.542405137965,-0.898086764890211,0.172489499564229,-5.20661702398756,1.92314430022154e-07,5.17578086114139e-06,"ENSG00000134769"
1091.6893357506,0.549574157694465,0.105571252697863,5.20571787915885,1.93248054630359e-07,5.19206252899729e-06,"ENSG00000180891"
130.777742819472,1.35652042508097,0.260718257937925,5.20301276868746,1.96083391335893e-07,5.25929612279193e-06,"ENSG00000166979"
644.135310268406,1.34387167540685,0.258320435213308,5.20234364848893,1.96790902305048e-07,5.26932656714431e-06,"ENSG00000169218"
170.168508392849,-1.09015711306528,0.209716554597728,-5.19824062128232,2.01183599235558e-07,5.37783164250989e-06,"ENSG00000189007"
810.841696184099,-1.22643949135753,0.2360727979423,-5.1951749716513,2.04527382655433e-07,5.4579790391732e-06,"ENSG00000196950"
630.033434123808,-0.6923397216749,0.133369533479836,-5.19113851275169,2.0901205823318e-07,5.56825041478547e-06,"ENSG00000141574"
968.091185053971,0.547789900731239,0.105655237991201,5.18469231763842,2.16371771304926e-07,5.75461488733201e-06,"ENSG00000011485"
252.13858648654,-1.50900216275534,0.291260942154436,-5.18092866003029,2.20783927222414e-07,5.86209156682301e-06,"ENSG00000167992"
85.781578035543,1.48321691960637,0.286418133506054,5.17850214806674,2.23674499576316e-07,5.92887540991048e-06,"ENSG00000267669"
5790.49525135137,-0.617959059750286,0.119352075783051,-5.17761468073304,2.24740796701015e-07,5.94716098204797e-06,"ENSG00000106333"
316.021580325187,-0.779496698533541,0.150578613033875,-5.1766760420232,2.25873920759653e-07,5.96715083638962e-06,"ENSG00000183049"
116.080220538477,3.19507223987859,0.617332203628218,5.17561245161088,2.2716455809539e-07,5.99122819497658e-06,"ENSG00000174697"
91.3735334041907,-1.30139495892049,0.251584736300987,-5.17278980455932,2.30624404580124e-07,6.07234057259467e-06,"ENSG00000171877"
1002.21722605932,0.828143210509486,0.160683953032488,5.15386381079416,2.5517329321228e-07,6.70753358763328e-06,"ENSG00000166484"
323.526525073211,-2.5155644218825,0.488691260006398,-5.14755353277562,2.63905703178268e-07,6.9255519913792e-06,"ENSG00000123610"
342.962881392257,-1.04460979600683,0.203037579765011,-5.14490862832301,2.67651050692936e-07,7.01219120870149e-06,"ENSG00000159023"
1699.75285355026,1.11714597276272,0.21718617881297,5.14372497765963,2.693437533419e-07,7.04485532333665e-06,"ENSG00000138073"
1829.81305895589,0.618821353448951,0.12039591619914,5.13988657576554,2.74904362178802e-07,7.178411758183e-06,"ENSG00000140682"
1072.27144400377,0.584626088045335,0.113824381273538,5.13621142943342,2.80332264102299e-07,7.30806783545895e-06,"ENSG00000121879"
1486.61473856983,-0.371117092065046,0.0722597031331383,-5.13587900273079,2.80828305052365e-07,7.30893832490487e-06,"ENSG00000159720"
285.241705408025,-0.979832510501744,0.191130487493596,-5.12651081128318,2.95161114873381e-07,7.66933436310801e-06,"ENSG00000131370"
126.977061242397,2.02449297528281,0.395373775914793,5.12045334974141,3.0480201346466e-07,7.90683449706847e-06,"ENSG00000237697"
44.3491960422346,1.8969228513207,0.370562780925406,5.11903231777222,3.07107337696751e-07,7.95357659169388e-06,"ENSG00000095637"
193.902341459221,-1.49888190174641,0.292886563169373,-5.11761920904381,3.09416498202361e-07,8.00026487496056e-06,"ENSG00000111728"
2029.53070765056,0.592788320811046,0.116223003424604,5.10043884036776,3.3886686868729e-07,8.74741632601603e-06,"ENSG00000170921"
3120.07274017888,-0.604262374241147,0.118507428383102,-5.09894090594671,3.41559153614899e-07,8.78944359509185e-06,"ENSG00000086062"
4571.4695550272,0.559041724663511,0.10963937111289,5.09891400314487,3.41607695112444e-07,8.78944359509185e-06,"ENSG00000140443"
264.984739434576,-0.717795268048536,0.140828645525269,-5.09694079191966,3.45186230700962e-07,8.86707654083544e-06,"ENSG00000074935"
89.043857194782,-1.14188872985582,0.224209419618193,-5.09295609346094,3.52523359106395e-07,9.04085069344614e-06,"ENSG00000111816"
1109.06025148813,-1.0993753543471,0.21591519424876,-5.09169981377269,3.54867627989177e-07,9.08622169687684e-06,"ENSG00000070882"
62.1224233980528,1.11693680770237,0.21943620020326,5.09002984315153,3.58007166393051e-07,9.15177542828062e-06,"ENSG00000214274"
821.538466884378,1.14893449518553,0.225964198093403,5.0845864295308,3.6842797103235e-07,9.40294844324566e-06,"ENSG00000248144"
6868.38746370269,-1.17012015311688,0.230183074413767,-5.08343263768182,3.70674076679137e-07,9.44501461835001e-06,"ENSG00000138735"
323.312063058858,0.741404636929145,0.145931495046768,5.08049778213769,3.76447130226971e-07,9.57666950616053e-06,"ENSG00000168303"
584.650060352144,-0.466921396440326,0.0919835103179428,-5.0761423958099,3.8517467989406e-07,9.76723851198453e-06,"ENSG00000100360"
17526.5091407784,-0.754282870083884,0.148592178583785,-5.07619497387323,3.85068166159959e-07,9.76723851198453e-06,"ENSG00000115963"
502.528168843303,0.468470961963886,0.0923017506065234,5.07542878532118,3.86623141527167e-07,9.78825703500992e-06,"ENSG00000153006"
48.008646245847,-2.01856200096899,0.397787849629069,-5.07446872208708,3.88580139400763e-07,9.8220624676052e-06,"ENSG00000254726"
4780.18206392362,-1.35562365170157,0.2672257809355,-5.07295234372905,3.91690619610693e-07,9.88486966231587e-06,"ENSG00000101825"
151.239953685248,1.56786886605405,0.30908670603404,5.07258589724457,3.9244589207325e-07,9.88813429501308e-06,"ENSG00000141150"
2614.82099121473,-0.394968638678934,0.0779063606643849,-5.06978679674733,3.9826158479699e-07,1.0018688720737e-05,"ENSG00000170315"
1961.45860094196,3.21085450973325,0.633516463820831,5.06830476096566,4.01374393946686e-07,1.00809422505083e-05,"ENSG00000112936"
2622.29345092,1.27315211078396,0.251259647644628,5.06707751411265,4.03969811345913e-07,1.01300239359409e-05,"ENSG00000176971"
1126.11764896804,-0.940247318727425,0.185732174046338,-5.06238256002347,4.14049123341429e-07,1.03663202068905e-05,"ENSG00000131080"
993.875209901419,1.23258941538858,0.24356669506966,5.06058274936179,4.17977006591901e-07,1.04481024527513e-05,"ENSG00000173918"
121.963493193421,0.767554489553894,0.151800175404457,5.0563478435306,4.27361541327097e-07,1.06566751745905e-05,"ENSG00000100116"
2404.70910883937,-1.33606223206214,0.264241832562032,-5.05621013564723,4.27670088662514e-07,1.06566751745905e-05,"ENSG00000100292"
3785.07429290187,2.12231615012889,0.419806055346052,5.05546816941322,4.29336235132457e-07,1.06813446340513e-05,"ENSG00000154736"
2176.59327489043,0.616696239451175,0.122200686363071,5.04658572554089,4.49775134266001e-07,1.11722446087017e-05,"ENSG00000165633"
8464.87533818747,0.779891199181469,0.154565691565437,5.04569410768169,4.51877868132976e-07,1.12068548834612e-05,"ENSG00000064666"
511.412403235787,-0.443906080865285,0.0881631105983381,-5.03505466007971,4.77712500005085e-07,1.18290001176808e-05,"ENSG00000143740"
77.1480163347885,-1.32392057950623,0.263060317729966,-5.03276431402036,4.83457357392558e-07,1.19525185165691e-05,"ENSG00000188312"
2459.24495684798,0.777828442139263,0.154707281142872,5.02774295038473,4.96286514420757e-07,1.22314108499518e-05,"ENSG00000073792"
58.4471288029342,-1.03728548407194,0.20630740735142,-5.0278635042175,4.95974698513762e-07,1.22314108499518e-05,"ENSG00000079462"
1449.69824160136,0.82468712791907,0.164150519890805,5.02396902835071,5.06144030093304e-07,1.24549273947259e-05,"ENSG00000064115"
616.090791810537,-0.473716803211815,0.0943253339274535,-5.02215877206599,5.10939182393579e-07,1.25533704563822e-05,"ENSG00000185219"
215.861558548502,-0.846151150345015,0.168663321682665,-5.01680591786886,5.25375924598421e-07,1.28680447392339e-05,"ENSG00000137965"
3773.95705716085,0.964277022980652,0.192205916394287,5.01689563500509,5.25130746434215e-07,1.28680447392339e-05,"ENSG00000168461"
402.702914221937,1.27392247072365,0.25400899265534,5.0152652368974,5.29603546539352e-07,1.2951512118001e-05,"ENSG00000138166"
201.836409816498,1.30156771253428,0.259540092301831,5.01490039935961,5.30609452286393e-07,1.29560558380532e-05,"ENSG00000097096"
973.505740297943,0.632632081926847,0.126217717670311,5.01222881861423,5.38031698054099e-07,1.31170135275597e-05,"ENSG00000244462"
1291.90091239018,0.866851164032903,0.173128057137117,5.00699411965537,5.52866153095325e-07,1.34579036773497e-05,"ENSG00000123094"
2791.45115301499,0.662534946607129,0.132343926134179,5.00616058447148,5.552643859257e-07,1.34954873366988e-05,"ENSG00000185222"
26.4181035948866,4.38152127303366,0.875987003721309,5.00181081959022,5.67943086905925e-07,1.37824345421502e-05,"ENSG00000127324"
17350.3182971282,0.773108001522937,0.15471932739377,4.99684179440188,5.82768396223222e-07,1.4120513993151e-05,"ENSG00000169504"
4213.27293008026,-0.409043327358172,0.0818708747785086,-4.99620076693681,5.84707884543404e-07,1.41458118836397e-05,"ENSG00000147140"
714.634262338349,-0.572151260916624,0.114736572203854,-4.98665116036477,6.14348437452576e-07,1.48401783102076e-05,"ENSG00000165533"
7155.14369127131,0.518611201204806,0.104012515277329,4.98604614860076,6.16274303460366e-07,1.48639716733845e-05,"ENSG00000131236"
3922.68603804416,-0.346143298101849,0.0694458625535304,-4.98436170815842,6.21666896476965e-07,1.49711793148523e-05,"ENSG00000124422"
405.109942689248,0.500167352276368,0.100399172524936,4.98178759543205,6.29995653219842e-07,1.51486626020808e-05,"ENSG00000144228"
712.35763775952,-1.2236612185001,0.245717095951933,-4.97995963105257,6.35975377927681e-07,1.52692082378442e-05,"ENSG00000171617"
789.649872013863,0.749385301287302,0.150595736277954,4.97613889880763,6.48651100042163e-07,1.55499090720275e-05,"ENSG00000123643"
872.340847449755,0.847670405715309,0.170410328460788,4.97429007602881,6.5487186007533e-07,1.56752509779849e-05,"ENSG00000139567"
331.13189079846,-0.587812076146732,0.118199661070631,-4.97304366884336,6.59098066751865e-07,1.57525435076338e-05,"ENSG00000171792"
2556.01468408586,0.692155759387883,0.139346277523862,4.96716361346185,6.79392658399664e-07,1.62130592407823e-05,"ENSG00000166272"
145.476987791842,-1.15533850844404,0.232638406127859,-4.96624150618131,6.82629374217022e-07,1.62657297946916e-05,"ENSG00000176293"
36.6753852814803,1.53718959382525,0.309606362715288,4.96498063006167,6.87079271194956e-07,1.63390020751604e-05,"ENSG00000072571"
82.9085859789953,2.38215051742261,0.479809420619806,4.96478479798376,6.8777290669589e-07,1.63390020751604e-05,"ENSG00000169271"
557.841254887803,-0.544624241012494,0.109765911673701,-4.96168831204615,6.98830728096914e-07,1.65767685322448e-05,"ENSG00000173611"
378.841916633263,-0.924226118367601,0.186323704377127,-4.96032494339489,7.03753571251208e-07,1.66685141208794e-05,"ENSG00000003096"
764.69677421634,-0.930949425583564,0.187751431792066,-4.95841452018639,7.10707964053832e-07,1.68080305630575e-05,"ENSG00000146411"
700.815924108035,0.530903139515957,0.107335201938359,4.94621643159387,7.56698242289985e-07,1.78689369681572e-05,"ENSG00000153066"
1139.48060372033,0.527693096625201,0.106843043243056,4.93895606684244,7.85419034195384e-07,1.8519477465998e-05,"ENSG00000143322"
316.987703816401,1.16994096515298,0.23700645733218,4.93632527283097,7.96082931594469e-07,1.8742948067555e-05,"ENSG00000168646"
13.4988082695557,-2.69081847768786,0.545532762380185,-4.93245990570335,8.12004509550329e-07,1.90893560146966e-05,"ENSG00000173110"
812.713930813338,-0.513008986246923,0.104016388452371,-4.93200152283531,8.13912821418334e-07,1.91057871512137e-05,"ENSG00000106571"
631.071844186298,0.484842260667435,0.0983362020001559,4.93045542542579,8.20381347996989e-07,1.9200569682454e-05,"ENSG00000114021"
1590.58504129249,1.53545958148408,0.311417471031544,4.93055054489397,8.19981964127954e-07,1.9200569682454e-05,"ENSG00000162878"
389.179193285526,0.983079717356424,0.199416776571256,4.92977438638494,8.23246345610652e-07,1.92391209585164e-05,"ENSG00000113460"
25918.6443632373,-1.01773203394463,0.206562538587535,-4.92699228477648,8.35050507611608e-07,1.94861564538378e-05,"ENSG00000162407"
134.868087673401,-1.75695941070501,0.356936649363088,-4.92232841273123,8.55205389130645e-07,1.99270423856725e-05,"ENSG00000100739"
841.283369278748,-0.92433982986723,0.187803947152053,-4.92183387987501,8.5736977433271e-07,1.99480525698206e-05,"ENSG00000130766"
2534.40067177469,0.452605931562023,0.0919901475013804,4.92015660215384,8.64749946156742e-07,2.00901759549768e-05,"ENSG00000141522"
26.9145392229251,-2.61150441511162,0.530871313755752,-4.91927958328739,8.68633226006647e-07,2.0150760212119e-05,"ENSG00000181634"
493.511058148098,-0.633410032874064,0.128787159917272,-4.91827006109104,8.73123997269785e-07,2.0225238869308e-05,"ENSG00000080200"
324.811309077925,-0.508970983840873,0.103524819928743,-4.91641506057388,8.81434154866367e-07,2.03878430140247e-05,"ENSG00000109775"
14.3978998045903,3.09069574434944,0.629256879929605,4.91165983706876,9.03086260103492e-07,2.0858123884671e-05,"ENSG00000174680"
1145.6715908023,0.787874376540921,0.160622191300006,4.90514025592735,9.33606031800599e-07,2.15315446574976e-05,"ENSG00000104687"
412.234978875163,-0.852452686663417,0.173882450230201,-4.90246534676077,9.46413142531483e-07,2.1795094498123e-05,"ENSG00000115884"
221.194420194049,0.742219153703294,0.151495177754326,4.89929227256939,9.61824784609413e-07,2.21177699377868e-05,"ENSG00000176390"
176.230867529701,-1.09041284476107,0.222588454164133,-4.89878439048333,9.64313894550588e-07,2.21427774798113e-05,"ENSG00000160460"
1026.45129934396,-0.779551188768342,0.159155105620724,-4.89805957357131,9.67876936144875e-07,2.21923364836237e-05,"ENSG00000135446"
233.752076584584,-0.749730366900285,0.153112589928386,-4.89659516079607,9.75114378762871e-07,2.2325879645936e-05,"ENSG00000156239"
787.09110016822,-2.00469492646621,0.409699500640735,-4.89308608707367,9.92669587921995e-07,2.26621302745545e-05,"ENSG00000099194"
442.727273678329,0.768814003380715,0.157116475536688,4.8932742460939,9.91720595678354e-07,2.26621302745545e-05,"ENSG00000119673"
3079.90144641922,0.543158811988797,0.111066164716008,4.89040756361432,1.00627405571184e-06,2.29395635384353e-05,"ENSG00000062716"
204.072985093228,1.63028950591157,0.333392933392382,4.88999418590802,1.00838956061698e-06,2.29546661075318e-05,"ENSG00000213160"
3358.68428139993,0.369990937316091,0.0757680529350008,4.88320503145957,1.04375240521592e-06,2.37254683418722e-05,"ENSG00000104964"
775.31541774342,1.05245153535908,0.215783036034755,4.87735993847805,1.07515139193991e-06,2.44040828877396e-05,"ENSG00000166260"
2068.93238664123,0.713014174305862,0.146213958715214,4.87651234239969,1.07977935000904e-06,2.4473965812687e-05,"ENSG00000233608"
5651.85781166287,0.936285598975056,0.192149473504751,4.87269406414433,1.10086630157883e-06,2.49161688142441e-05,"ENSG00000048740"
2626.48659791418,0.392830522978003,0.0807702370599093,4.86355540453139,1.15295732818479e-06,2.6057825279919e-05,"ENSG00000110237"
1511.69118602054,-0.375164698012157,0.0771487259472525,-4.86287613185812,1.15692251585399e-06,2.61100884363732e-05,"ENSG00000151779"
384.316861500753,-0.658588531422425,0.135448028856902,-4.8622969044327,1.16031406099084e-06,2.61492746583928e-05,"ENSG00000082458"
71.5854594808433,-1.74574695704389,0.359129877003652,-4.86104629224746,1.16766941507613e-06,2.62775518794484e-05,"ENSG00000235109"
180.843162251576,1.28192186297107,0.263951939460099,4.85664877323191,1.19389087799284e-06,2.68048780266092e-05,"ENSG00000123358"
1023.7662240361,1.30831026766069,0.269390959105901,4.85654853452738,1.19449513424059e-06,2.68048780266092e-05,"ENSG00000131459"
677.764492007679,1.69738339889839,0.349635411265478,4.85472393301023,1.20554570784156e-06,2.70144838191218e-05,"ENSG00000241399"
53.6429492370154,-3.87700343263404,0.798868902531814,-4.8531159747824,1.21536567098411e-06,2.71959587396699e-05,"ENSG00000141469"
686.786054648367,0.464736658086271,0.095768039670961,4.85273228608426,1.21772024375809e-06,2.72101052487839e-05,"ENSG00000205352"
139.589324675414,-1.25265682988115,0.258288850520869,-4.84982927971928,1.23567780703409e-06,2.7572370050176e-05,"ENSG00000166793"
149.147052826747,0.719000445215124,0.148392561914217,4.84525933065813,1.26446406002094e-06,2.81748987591126e-05,"ENSG00000205659"
732.991455345442,-0.705601601383647,0.14576727945085,-4.8406034882579,1.29445424103234e-06,2.88025184504632e-05,"ENSG00000145687"
154.685233117528,0.98008372822518,0.202497494142278,4.83997953839645,1.29852497507667e-06,2.88524578850369e-05,"ENSG00000181826"
332.821448031944,-0.484316845502184,0.100095897674263,-4.83852841879967,1.30803995158476e-06,2.90230549931686e-05,"ENSG00000151332"
174.144004749459,-0.68509836481488,0.141689432896423,-4.83521142551044,1.33004194121452e-06,2.94698493510617e-05,"ENSG00000176225"
857.441808006291,1.4609271442266,0.302193197615103,4.83441439369311,1.33538154355712e-06,2.95467193629068e-05,"ENSG00000135678"
70.5058273086308,-0.993156270627739,0.205662659958802,-4.82905487474823,1.3718260373013e-06,3.03106401920084e-05,"ENSG00000154102"
812.877412776379,0.656425211801675,0.135963329266463,4.82795776878341,1.37940335632652e-06,3.04354947252044e-05,"ENSG00000182809"
266.055293492375,3.7233892656311,0.77160492013951,4.82551260165356,1.39643634480134e-06,3.0768342224786e-05,"ENSG00000143127"
3789.66122038155,-0.524564151635785,0.108783178732043,-4.8221072205281,1.42049550488899e-06,3.12548579195492e-05,"ENSG00000129038"
13.5730960061424,-2.83854870257753,0.588713601466747,-4.82161223302034,1.42402562207136e-06,3.12889524026194e-05,"ENSG00000123405"
105.916534156911,-1.51299407306348,0.314297818496928,-4.81388665151765,1.48022786638881e-06,3.24786664350144e-05,"ENSG00000166592"
545.743083753207,-1.26756979574189,0.263418274638525,-4.81200401711427,1.49424349669599e-06,3.27407195018076e-05,"ENSG00000103647"
780.897170716204,-0.561725664485581,0.116926043272067,-4.80411077606158,1.55440757609365e-06,3.40118156331405e-05,"ENSG00000181827"
398.961732922595,-0.534680283385962,0.111315894300118,-4.80326989014178,1.56095256805436e-06,3.41077851592293e-05,"ENSG00000135976"
5248.23096260387,0.64457336031838,0.134288066685478,4.79993030079184,1.58720859515165e-06,3.46335930748699e-05,"ENSG00000206560"
99.2063943217579,1.94524425366911,0.405576111967,4.79624957257686,1.61663842360177e-06,3.5227108711808e-05,"ENSG00000143869"
520.95124236247,0.501654075120195,0.104660089285133,4.7931745381327,1.64162683378202e-06,3.56953600097665e-05,"ENSG00000130479"
4917.66469801766,0.32703320710156,0.0682307099898338,4.79305003788304,1.64264633036462e-06,3.56953600097665e-05,"ENSG00000136238"
266.321488022169,0.580385928023281,0.12116310557306,4.79012093061048,1.66680827888512e-06,3.61706554805317e-05,"ENSG00000133641"
607.053088177739,0.488625315418959,0.102029089623695,4.78907846008541,1.67548966302378e-06,3.63091710513712e-05,"ENSG00000169093"
4351.394217665,0.922086043329735,0.192661886424438,4.78603246569673,1.70110551651203e-06,3.68137876025438e-05,"ENSG00000101955"
345.581054024937,-0.868381850968548,0.181503660236739,-4.78437652351419,1.71518897315976e-06,3.70677912421039e-05,"ENSG00000155893"
1304.01468471078,0.653328172247024,0.136581961726243,4.78341476421694,1.72341991306329e-06,3.7194792058161e-05,"ENSG00000198585"
1077.48663744352,-0.731576963877752,0.153206432922618,-4.77510604432165,1.7961258159971e-06,3.87110445308624e-05,"ENSG00000134987"
216.091023374775,-1.68427963619943,0.352948989097743,-4.77202000352804,1.8238738461402e-06,3.92555300018023e-05,"ENSG00000117461"
427.128362287707,-1.45657830617073,0.305293928991922,-4.77106869101634,1.83251027905518e-06,3.93877515489983e-05,"ENSG00000182580"
3079.26987706479,0.506756032159996,0.106306743152433,4.76692274763193,1.87060992734479e-06,4.01520321089578e-05,"ENSG00000163069"
1985.67220602745,-0.358430179605019,0.07542398837433,-4.75220400472761,2.01211203306438e-06,4.30880438461136e-05,"ENSG00000164402"
41.5740519536195,2.40995852149897,0.507132273606776,4.75213005940068,2.01284823132243e-06,4.30880438461136e-05,"ENSG00000230018"
1095.43580467519,0.722841652007756,0.15213061234151,4.75145429892233,2.0195880874002e-06,4.3173819492217e-05,"ENSG00000259758"
941.484817974281,0.896974087938213,0.188881323801171,4.74887654261906,2.04549756375056e-06,4.36686088001775e-05,"ENSG00000135048"
244.94326694772,-1.30109714591716,0.274028021589642,-4.7480441539134,2.05393202830452e-06,4.37894982228809e-05,"ENSG00000125965"
2734.07123925666,0.417055128963286,0.0878687945535755,4.74633948356943,2.07130956671406e-06,4.41004697236506e-05,"ENSG00000085719"
395.026577133606,0.58578364171586,0.123460668051285,4.74469846115306,2.08817162344095e-06,4.43996437511712e-05,"ENSG00000163659"
517.293591164375,-0.618699060382027,0.130482083998077,-4.74163993572592,2.11995150630551e-06,4.50147767427615e-05,"ENSG00000136141"
120.201469651116,-2.72221084141167,0.574265522618896,-4.74033480017611,2.13365357776819e-06,4.52449117068212e-05,"ENSG00000116991"
933.20526168019,-0.346361953796281,0.0730887603198386,-4.73892226767277,2.14857899874359e-06,4.55003364908193e-05,"ENSG00000100354"
371.682899823506,0.75288879401164,0.158958102969987,4.73639770445546,2.17550471684397e-06,4.6008866822893e-05,"ENSG00000130224"
305.626697104634,0.846800206637184,0.178827013512689,4.73530363228426,2.18727391943075e-06,4.61959269774959e-05,"ENSG00000078124"
155.863373122863,-1.48171499909469,0.313530866368872,-4.72589833420559,2.2910025664273e-06,4.83221075359392e-05,"ENSG00000246763"
1043.48481771682,0.459568040916593,0.0972678071883434,4.72477024208754,2.30375670845273e-06,4.85263313068483e-05,"ENSG00000143106"
8435.67830107567,0.728314430265121,0.15417903404272,4.72382276090355,2.31452152495533e-06,4.86881638498593e-05,"ENSG00000187079"
470.496763770509,0.664552878324748,0.140794833599159,4.72000897573218,2.35834236732201e-06,4.95440062752036e-05,"ENSG00000106086"
287.871106975821,1.16835270245106,0.24765582762344,4.71764671828168,2.3858833103275e-06,5.00560219608948e-05,"ENSG00000170485"
23.0038613721114,2.59803051122113,0.551299301177747,4.71255905035783,2.44625160575215e-06,5.12544865618998e-05,"ENSG00000178015"
207.407807028364,1.96867303667862,0.418004962845103,4.70968818953506,2.48096048448924e-06,5.19128658727961e-05,"ENSG00000081052"
341.072513808875,0.644387024555444,0.136835433673518,4.70921169507102,2.48676688503951e-06,5.19655333992779e-05,"ENSG00000166401"
247.626421733063,0.703599670081699,0.149591577888544,4.70347114465179,2.55775259315957e-06,5.33783031264661e-05,"ENSG00000110628"
1669.7548635493,0.585344239636194,0.124522215316802,4.70072137848652,2.59244036077986e-06,5.40308348543538e-05,"ENSG00000197217"
157.459538641826,0.909053776167013,0.193507240603873,4.69777654484737,2.63008944941466e-06,5.47432847455242e-05,"ENSG00000176974"
184.786355118013,-0.596574761784114,0.127152944771696,-4.69178879698986,2.70826632005194e-06,5.62223276270442e-05,"ENSG00000164048"
2400.42093817089,0.450481128342597,0.0960123336386023,4.6919089586786,2.70667577105975e-06,5.62223276270442e-05,"ENSG00000187446"
942.594444856114,0.477493169281394,0.101783205968217,4.69127656904908,2.71505661528318e-06,5.62893233703985e-05,"ENSG00000155975"
335.793692135676,0.69340565171409,0.14801309642259,4.68475877117223,2.80289846795154e-06,5.79583638700242e-05,"ENSG00000110057"
50.955744234947,2.12841478636459,0.454322595004793,4.68480944986267,2.80220505643494e-06,5.79583638700242e-05,"ENSG00000116675"
369.147132469864,-0.609577916901087,0.130188662594073,-4.68226575767004,2.83721314901202e-06,5.85912331086169e-05,"ENSG00000197121"
312.079526178058,0.836858813894736,0.178759658142471,4.68147468277078,2.84818576534712e-06,5.87410427166498e-05,"ENSG00000167797"
143.922857307481,-1.01323196845719,0.216531760330834,-4.67936882288816,2.8775939508829e-06,5.92701815333091e-05,"ENSG00000105486"
302.234316486061,1.12347850031042,0.240220390290121,4.67686568552136,2.91292912944297e-06,5.99198624829949e-05,"ENSG00000269728"
74706.8235687561,0.913097018984195,0.195320474369061,4.67486586817768,2.94145804485035e-06,6.04280288589673e-05,"ENSG00000075624"
1492.41595737236,-0.46282970890298,0.0990485418770961,-4.67275640945103,2.97184152900363e-06,6.09729252924666e-05,"ENSG00000146247"
237.317677956276,2.01465255381929,0.431540791930889,4.66851011883469,3.03391837721858e-06,6.21658139082998e-05,"ENSG00000116194"
186.030003194502,-0.831838266484673,0.178325002026022,-4.66473156895457,3.09020161844522e-06,6.32370533266808e-05,"ENSG00000176531"
1001.51491006967,0.378530767602892,0.0812404229093125,4.65938942766756,3.1714870151998e-06,6.48164965926603e-05,"ENSG00000126062"
1859.1870493922,0.733010116306961,0.15737015824066,4.65787239780237,3.19494133256093e-06,6.52114769661468e-05,"ENSG00000010017"
287.088557261904,0.539490381180712,0.115848199140308,4.6568732633238,3.21047940546208e-06,6.54440692225677e-05,"ENSG00000134056"
508.924281710877,0.746555035450647,0.160365903135023,4.65532273916153,3.23473603641065e-06,6.57688029642413e-05,"ENSG00000105552"
263.392123139726,-1.45830197773802,0.313249355779006,-4.65540295880715,3.2334767682255e-06,6.57688029642413e-05,"ENSG00000110900"
497.189151744892,0.700496313119123,0.150765315035452,4.64626968712535,3.37991088779476e-06,6.8597330057123e-05,"ENSG00000183621"
101.32017497209,1.70604622586938,0.367198894051137,4.64610937970798,3.38253703725147e-06,6.8597330057123e-05,"ENSG00000184307"
817.578168137951,-0.580721596840982,0.125040907861751,-4.64425288308883,3.41309298825639e-06,6.9128260292916e-05,"ENSG00000177409"
1398.17580186399,0.814769033306435,0.175514580039662,4.64217293584566,3.44764108216143e-06,6.96817300615266e-05,"ENSG00000011566"
13549.4524934671,0.801736124406248,0.172710644333491,4.64207708505884,3.44924122725116e-06,6.96817300615266e-05,"ENSG00000130402"
890.495427405979,0.405063949710601,0.0873477750872196,4.63736997658076,3.52870448458257e-06,7.11051957237697e-05,"ENSG00000197586"
51.4543750464871,1.22484909896181,0.264112459580063,4.63760437848826,3.52470623161405e-06,7.11051957237697e-05,"ENSG00000240859"
2846.8975285546,0.585953864443553,0.126371501415824,4.63675637211493,3.53919149443809e-06,7.12256652600421e-05,"ENSG00000061273"
698.664202419745,-0.859270687087128,0.185349116673405,-4.63595782115978,3.55288415120002e-06,7.14102593138142e-05,"ENSG00000166974"
42.6925470750995,2.85026993750398,0.615311540771443,4.63223870940317,3.6173272408933e-06,7.26131331024553e-05,"ENSG00000162630"
536.989776004531,-0.453583631782591,0.0979534779912187,-4.63060261957471,3.6460302494344e-06,7.30037843860134e-05,"ENSG00000135414"
1322.29356555486,0.372422400541812,0.08042321626674,4.63078222719417,3.64286863633012e-06,7.30037843860134e-05,"ENSG00000198406"
1445.68488643874,-1.45941815788332,0.315218315637766,-4.62986471750714,3.65904708539439e-06,7.30791730152472e-05,"ENSG00000129048"
801.042299887646,0.885072898024679,0.191160887355627,4.62998948303755,3.65684305499989e-06,7.30791730152472e-05,"ENSG00000172985"
1603.73650072872,0.480486755388276,0.10380434790515,4.62877292796362,3.6783883711949e-06,7.33727013739104e-05,"ENSG00000168092"
1878.36029862854,-1.18835840306008,0.257029131261555,-4.62343858545279,3.77430523300448e-06,7.5191013960914e-05,"ENSG00000112715"
260.556471425042,-0.586989399649282,0.127002714119004,-4.62186500281608,3.80305476405595e-06,7.56683364767706e-05,"ENSG00000119772"
290.686036202282,0.908155132099208,0.196700286679546,4.61694869605719,3.89423493574969e-06,7.7385061025124e-05,"ENSG00000170802"
1137.22259538077,3.16258852395099,0.685455170826432,4.6138517273682,3.95274457723266e-06,7.84490688833186e-05,"ENSG00000102760"
135.352028836044,0.700436524700985,0.15184767539732,4.61275763931349,3.97361538355451e-06,7.87643360469186e-05,"ENSG00000089123"
215.477110564357,0.856123127422086,0.185909003154744,4.60506545080811,4.12336154874725e-06,8.16301575778309e-05,"ENSG00000184227"
4461.43082309411,1.45109524484266,0.315242646164491,4.60310577422794,4.16236693411786e-06,8.22992150503054e-05,"ENSG00000138356"
758.533367603348,1.04704366449438,0.227499222902813,4.60240545499215,4.17639164724955e-06,8.24732940540605e-05,"ENSG00000159212"
937.3118033693,0.353494210690822,0.0768699165919316,4.59860276117335,4.25333904527676e-06,8.38879528555334e-05,"ENSG00000154945"
124.519982470469,-1.1331918357841,0.246513103165477,-4.59688276701229,4.28858755748474e-06,8.44776885700049e-05,"ENSG00000139354"
7051.06211606359,-0.757966535305649,0.165073826676624,-4.59168210106674,4.39687757846028e-06,8.65029539035063e-05,"ENSG00000166963"
24.2909038055829,2.38694475121584,0.519876873886309,4.59136551578526,4.40355352651976e-06,8.65265405621383e-05,"ENSG00000267480"
2277.10073999472,0.725726167000739,0.15814474992165,4.58899942843684,4.45375648738391e-06,8.7404279487815e-05,"ENSG00000110090"
4207.42641554058,0.894692454094146,0.195097015376807,4.58588488586641,4.52067641727478e-06,8.86075012904553e-05,"ENSG00000134871"
1259.8886286932,0.818358496238144,0.178463214871408,4.58558642926954,4.52713947642433e-06,8.86242248433104e-05,"ENSG00000104936"
222.255145867401,-0.645757317140607,0.140871720738837,-4.5840095780315,4.561433286843e-06,8.88666039410481e-05,"ENSG00000032742"
250.831677742986,1.70501981762028,0.371951631385325,4.5839826304027,4.56202150881061e-06,8.88666039410481e-05,"ENSG00000103175"
1375.29730386736,0.367557408060417,0.080180884056063,4.58410271210552,4.55940088417366e-06,8.88666039410481e-05,"ENSG00000119541"
33.5258219039983,-1.57539561626905,0.343619642994212,-4.58470768010078,4.54622017562797e-06,8.88666039410481e-05,"ENSG00000230417"
1249.04745116525,1.39091683415442,0.303583901190063,4.58165544583212,4.61309510980085e-06,8.97508331830467e-05,"ENSG00000068383"
2287.7105691505,-0.603348826306288,0.131714492787407,-4.58073226064894,4.63350717019267e-06,9.00370802886885e-05,"ENSG00000142227"
285.60010267668,0.709729505538331,0.154963703259042,4.57997253945284,4.65036983291164e-06,9.02537378628232e-05,"ENSG00000120942"
1278.43793720832,1.22592309366817,0.267697863397531,4.57950272037725,4.66082726997159e-06,9.03457045533879e-05,"ENSG00000107104"
1714.23736725465,0.715708052460252,0.156427091994272,4.57534589012535,4.75433833395445e-06,9.20453884801623e-05,"ENSG00000115084"
308.186692087447,0.556381986482883,0.121632285563865,4.57429525313612,4.77825618599096e-06,9.23952156992474e-05,"ENSG00000156232"
526.863783495643,0.698488108238939,0.152877122176232,4.5689511831191,4.90170924551303e-06,9.4666506920067e-05,"ENSG00000139291"
336.839547712833,0.552387033096516,0.120982617477149,4.56583800727283,4.97502854796915e-06,9.59652026871998e-05,"ENSG00000230733"
7925.97775154974,-1.16356156863683,0.254927560533576,-4.56428314852046,5.01203961107882e-06,9.65612216778332e-05,"ENSG00000196230"
64.2490993584263,-0.981128385665444,0.214999523386303,-4.563397956481,5.03322790582522e-06,9.6851320896744e-05,"ENSG00000138658"
940.429048116165,1.03199119436247,0.226184830833131,4.56260126092997,5.0523712357497e-06,9.71014121440071e-05,"ENSG00000151690"
181.516168940592,1.62299376612136,0.355982963032406,4.55918944068574,5.13514337761776e-06,9.85722904976979e-05,"ENSG00000245812"
402.467073745439,-0.531505111022939,0.11662051427529,-4.55756102882797,5.17510558610468e-06,9.92188325840797e-05,"ENSG00000182916"
7882.32633773477,0.676225410117983,0.148410252046758,4.55646022287552,5.20228853442812e-06,9.96190960810853e-05,"ENSG00000092841"
1758.31209887223,0.775145905298867,0.170181599118218,4.5548162040739,5.24314011027429e-06,0.000100279815329435,"ENSG00000186918"
151.015369909142,-0.901319324878379,0.198009914226403,-4.55188988086637,5.3166162731159e-06,0.000101562157052823,"ENSG00000110400"
364.275806006126,2.37749870372105,0.522464044288374,4.55054989852812,5.35058960537254e-06,0.00010208769877497,"ENSG00000060718"
102.337917943696,1.73052750117327,0.380519208432537,4.54780590000117,5.42080950755286e-06,0.000103302712424994,"ENSG00000137959"
408.481861310015,0.747718995099302,0.164508315320066,4.545174471239,5.4889768316277e-06,0.00010447573010368,"ENSG00000270504"
24.3674197871725,-3.96962304766355,0.873724988123352,-4.54333240049571,5.53718327449903e-06,0.000105139929531894,"ENSG00000155897"
739.290555201505,1.21323142035664,0.267027190705963,4.54347520621071,5.53343164622169e-06,0.000105139929531894,"ENSG00000253276"
78.2111738588458,-1.23337688799928,0.271565922235754,-4.54172186939033,5.57966223665158e-06,0.000105819332550566,"ENSG00000173947"
1696.28227102089,0.88019674810473,0.193838178398472,4.54088433649698,5.60187591191436e-06,0.000106113232201946,"ENSG00000158747"
105.316946010679,-1.19085904334997,0.262333446695253,-4.53948613244641,5.63914888244775e-06,0.000106691346161568,"ENSG00000175538"
745.696173601457,-0.783563547208731,0.17262198821747,-4.53918736135512,5.64714417268192e-06,0.000106714812966542,"ENSG00000116679"
937.693425988391,0.855514310396775,0.188506802570459,4.53837367527894,5.66897394642784e-06,0.000106999343375946,"ENSG00000141458"
8110.85060534669,0.632279797356371,0.139333947956409,4.53787326512976,5.68243916388433e-06,0.000107125505860435,"ENSG00000152518"
2080.64483836936,0.90776960369277,0.2001241317469,4.53603269015472,5.73222989369186e-06,0.000107935360978002,"ENSG00000169926"
1154.50534975527,-0.931014041663472,0.205269920020933,-4.53556001565416,5.74508378798368e-06,0.000108048611526865,"ENSG00000196411"
344.859146704352,-1.7446895711798,0.38482870236115,-4.53367838852744,5.79652673315156e-06,0.000108886479584219,"ENSG00000133216"
238.343907541223,-1.63398656098333,0.360779837340544,-4.52904068317154,5.9252090616531e-06,0.000111171559092631,"ENSG00000185745"
605.249402697952,0.514023031447354,0.11368316184624,4.52154059668562,6.13911828220726e-06,0.000115048387452325,"ENSG00000163719"
153.939466064023,-1.4159045370287,0.313393622952824,-4.51797494693067,6.2433869212081e-06,0.000116863775570196,"ENSG00000154263"
1913.23871012982,1.24700834538699,0.276069042802134,4.51701622438251,6.27171017640805e-06,0.000117255002801058,"ENSG00000085117"
1042.6168625691,0.39942858978235,0.0884407237208081,4.51634239271126,6.29169051338993e-06,0.000117489511501813,"ENSG00000074319"
540.872670555002,-0.64356238351812,0.142518187397375,-4.51565091635438,6.31225735977024e-06,0.000117734405867356,"ENSG00000233280"
5720.75069808316,0.309687398451196,0.0686170702410921,4.51327049323269,6.3835522249396e-06,0.000118923771284901,"ENSG00000143761"
2699.92096998382,-0.725386457508516,0.160755875087894,-4.512348037743,6.41138682921403e-06,0.000119301636193078,"ENSG00000219481"
1821.93970202804,0.663568982334026,0.147066389360988,4.51203694615248,6.42080000920872e-06,0.000119336233582917,"ENSG00000125676"
491.573762720926,0.599029166251516,0.132782375063921,4.51136053232324,6.44131296344807e-06,0.000119576806341425,"ENSG00000211455"
663.606948516401,1.54699012213343,0.34378467454345,4.49988099146028,6.79915167171176e-06,0.000126071594025472,"ENSG00000211448"
548.768895952552,-0.675461728108257,0.15014297864396,-4.49878998144832,6.83413298922336e-06,0.000126571668187281,"ENSG00000066697"
619.857435289918,0.613915355356699,0.136646847183095,4.49271511207357,7.03208284648948e-06,0.000130085298371008,"ENSG00000206527"
6560.38299834851,-0.547129706635521,0.121830222671076,-4.490919368281,7.09163961960127e-06,0.000131033593813405,"ENSG00000182670"
44.9181327230538,2.07494324658937,0.462998307359911,4.48153527476379,7.41079806357383e-06,0.000136770780149929,"ENSG00000169031"
103.472755976078,-0.953941243506456,0.212895773157238,-4.48078996289844,7.43672695644386e-06,0.000137089162728005,"ENSG00000233901"
567.438328006241,-1.44790374133662,0.323244073361467,-4.47928936880308,7.4891950049314e-06,0.000137895457678212,"ENSG00000225415"
540.571659803937,-0.604951141938238,0.135099192614692,-4.47782943946661,7.54058079952411e-06,0.000138679971444566,"ENSG00000135749"
173.656931839412,-0.634122661142672,0.141637956274151,-4.47706729060168,7.56754026216093e-06,0.000139013954722812,"ENSG00000139173"
2828.77046459558,-0.539000416670347,0.12049538607412,-4.47320378175139,7.70562779838187e-06,0.000141386188105502,"ENSG00000149212"
12117.885159313,0.457555111919429,0.102362452801587,4.46995064495303,7.82376490770301e-06,0.000143387283076441,"ENSG00000187109"
846.99926465968,-1.03476528401385,0.231546805896474,-4.46892488975425,7.86137273417963e-06,0.000143909578742259,"ENSG00000164171"
1557.054748795,0.607400084800303,0.136143423323298,4.46147210032993,8.13985450861088e-06,0.000148834978619253,"ENSG00000156671"
541.11148822308,-0.685425451461427,0.153646578832822,-4.46105247945166,8.15581130889195e-06,0.000148954343419509,"ENSG00000148468"
8037.26092886987,-1.00974237223179,0.226390055130341,-4.46018872891942,8.18875106820204e-06,0.000149383244082513,"ENSG00000124762"
1397.88800604328,0.538198347068521,0.120675904192911,4.45986587519713,8.20109595051183e-06,0.000149435886766074,"ENSG00000134046"
2148.20308346218,0.524728774481493,0.117689068476058,4.45860249618884,8.24957470178765e-06,0.000150146061219863,"ENSG00000165637"
2100.41681330985,-0.54174093517594,0.121552146399356,-4.45686029595945,8.31687642264479e-06,0.000151196793699589,"ENSG00000198728"
1641.68482080716,0.395687784821257,0.0888017608746039,4.45585516462904,8.35594334365759e-06,0.000151732405681727,"ENSG00000127947"
630.660521960192,0.528715443070459,0.118670617976577,4.45531886565903,8.37685963013805e-06,0.000151830281835594,"ENSG00000112290"
14419.3359824602,1.04749437076042,0.235115969820407,4.45522425193214,8.38055486521319e-06,0.000151830281835594,"ENSG00000164292"
253.154784522704,-0.499933885808867,0.112266695531137,-4.45309166216808,8.46425983191159e-06,0.000153171107473699,"ENSG00000140455"
2107.27576938096,0.303564735608876,0.068181642029065,4.45229429176069,8.4957616850666e-06,0.000153565266705586,"ENSG00000171456"
739.445052195607,0.326897800164622,0.0734454707668033,4.45089120883376,8.551465779214e-06,0.00015439549300574,"ENSG00000135503"
42.2480602500775,-1.63864953289211,0.368239131655732,-4.44996034376946,8.58861467845519e-06,0.000154889194851867,"ENSG00000160145"
156.188279082006,-1.64060707340784,0.368758524971589,-4.44900107335617,8.62705851435948e-06,0.000155405097388656,"ENSG00000135472"
851.711571052436,0.848732407294684,0.190928230918902,4.44529550821212,8.7771134959434e-06,0.000157928062652521,"ENSG00000158122"
2565.68443838222,0.499464168579529,0.112371199120882,4.44477030134952,8.7985822287516e-06,0.000158134245790464,"ENSG00000101558"
68.2906364874011,3.01305157896745,0.678094476544567,4.44340970644881,8.85443251781958e-06,0.000158957187405129,"ENSG00000179300"
3491.92533882368,0.899477859974778,0.202459974869317,4.44274410562073,8.88187763329274e-06,0.000159268902214255,"ENSG00000070540"
1150.31053361684,0.878033990629464,0.197781329077993,4.43941799118571,9.0202477614785e-06,0.000161566750720904,"ENSG00000082146"
671.481690714694,0.469627708179284,0.105855719761025,4.43648873428375,9.14381181062803e-06,0.000163594494885959,"ENSG00000139624"
1082.59987307754,0.50263816251675,0.113329563996278,4.43519011979309,9.19910682376706e-06,0.000164397612671801,"ENSG00000143771"
959.311125499051,0.534798501939025,0.120623138018304,4.43363114842754,9.26590985666081e-06,0.000165404343407376,"ENSG00000172974"
4942.63497765937,1.14656611507362,0.258625207589753,4.43331153122695,9.2796628153283e-06,0.000165462881666542,"ENSG00000163431"
2039.35723816899,-0.460914931828028,0.10405144474772,-4.42968315284375,9.43716367319817e-06,0.000168081523911144,"ENSG00000079432"
41.1939073586906,-1.54709847064601,0.349286183037625,-4.42931483058222,9.45329384653693e-06,0.000168179207418458,"ENSG00000107611"
1276.37269433628,-0.424514955678478,0.0959034197210535,-4.42648402854904,9.57814706738158e-06,0.000169826674938826,"ENSG00000104047"
409.167867594919,-0.637646583314694,0.144051779067974,-4.42650960259094,9.57701209905252e-06,0.000169826674938826,"ENSG00000148908"
203.137734652556,-0.684155946090748,0.154551810768865,-4.42670935194617,9.56815170196263e-06,0.000169826674938826,"ENSG00000261801"
7635.42416724464,-1.53948437439413,0.347962341672604,-4.42428444122445,9.6762463350639e-06,0.000171373699104641,"ENSG00000164761"
66.8501297797301,-1.0170575069512,0.22992599487681,-4.42341244406105,9.71540153223641e-06,0.000171759385051479,"ENSG00000061337"
629.214021427904,-0.59578933689887,0.134692935237985,-4.42331541625542,9.71976770705291e-06,0.000171759385051479,"ENSG00000123352"
410.511372448203,0.581583050705514,0.131783892285653,4.41315733371179,1.01873906054811e-05,0.000179821672385912,"ENSG00000146281"
1200.26636927451,-0.984590942054599,0.223161449124137,-4.41201177855279,1.0241454055509e-05,0.000180449108500413,"ENSG00000019991"
38.0859971014148,-1.24512346610709,0.28221802972897,-4.41192034152762,1.02457811320971e-05,0.000180449108500413,"ENSG00000256340"
1551.59816117808,0.700565088027915,0.15886815456579,4.40972635417501,1.03501323391864e-05,0.000182083954002747,"ENSG00000197442"
7631.07671775624,0.489462394280996,0.111065081737021,4.40698720629354,1.0481837671599e-05,0.000184195852653973,"ENSG00000179295"
1401.67075287775,0.365731268131263,0.0831283671238957,4.39959644084157,1.08452372242653e-05,0.00019016101543882,"ENSG00000034713"
278.499848444915,0.721794431715169,0.164059331489449,4.39959388571318,1.0845364913937e-05,0.00019016101543882,"ENSG00000133794"
1798.01771489762,0.466173590033567,0.105997232731801,4.39797887189282,1.09263612492378e-05,0.000191368797134654,"ENSG00000010256"
1228.07889917461,0.659546321104977,0.150004599116324,4.39684066348871,1.09837913927345e-05,0.000192161612870897,"ENSG00000057252"
2026.17495859184,-0.897086038759409,0.204160574178942,-4.39402192302386,1.11272587142733e-05,0.00019445623138063,"ENSG00000165801"
776.61022414511,-0.750367797413296,0.170938951161407,-4.38968293835364,1.13516048345008e-05,0.00019815762781817,"ENSG00000109339"
92.3849548642712,-2.04731175464719,0.467162518161984,-4.38244010393254,1.1735743601179e-05,0.00020463717153579,"ENSG00000016391"
53.9424331449685,-0.975329980657043,0.2226062338274,-4.38141360144153,1.17911799734474e-05,0.000205377134752505,"ENSG00000100092"
416.666126015704,1.1169516531276,0.255089423387309,4.37866705054132,1.19407394572651e-05,0.000207606489726272,"ENSG00000154127"
159.749873951273,4.71353196305552,1.07649760899788,4.37858098676445,1.19454550678048e-05,0.000207606489726272,"ENSG00000168309"
1176.55297134774,0.39803276474941,0.0909423827092285,4.37675760071128,1.20457808527609e-05,0.000209120050452655,"ENSG00000151929"
423.960408669553,-0.437125041929229,0.0999325802386039,-4.37419949415424,1.21878885571746e-05,0.000211354844595218,"ENSG00000173914"
568.323752423296,0.451919428719368,0.10334785049892,4.37279949740312,1.22663370040955e-05,0.000212482008761733,"ENSG00000131844"
153.606956454729,-2.60565287690589,0.596337345077452,-4.36942763758567,1.24572609843492e-05,0.000215552912410459,"ENSG00000154864"
1531.09005551687,0.765024317664633,0.175222079977005,4.36602691718434,1.26526894529992e-05,0.000218694954024597,"ENSG00000157216"
398.439062711258,0.568936171247895,0.130435381801186,4.36182394218072,1.28982644818674e-05,0.000222695936922996,"ENSG00000088766"
403.326310493953,0.805621355804496,0.184727940210779,4.36112347100966,1.29396317961224e-05,0.000223166269776355,"ENSG00000171608"
132.729747269794,0.695860767561913,0.159622920197628,4.35940381682263,1.30417259147039e-05,0.000224441978883437,"ENSG00000175482"
1849.21179006717,-0.603461964800246,0.138427789503072,-4.35939898315615,1.30420139647421e-05,0.000224441978883437,"ENSG00000196526"
2928.70555702171,-0.596092304083646,0.136795410585675,-4.35754607213457,1.31528817447494e-05,0.000226103618937488,"ENSG00000090861"
252.972173970501,0.474156395582133,0.108876912851544,4.35497648825383,1.33081201373391e-05,0.000228523567314872,"ENSG00000063169"
1633.92737047472,1.54122963675779,0.354042173648738,4.35323741483667,1.34141743335123e-05,0.000230094599479725,"ENSG00000156675"
527.7842807162,0.70303417065882,0.161514570535943,4.35276005332515,1.34434260775443e-05,0.000230346252899181,"ENSG00000130529"
5828.81476041866,0.302322339433918,0.0695264789182692,4.34830505064565,1.37193692505825e-05,0.00023481971334854,"ENSG00000082153"
650.351091214008,-1.44198576329914,0.331640204577631,-4.34804267816568,1.3735787954595e-05,0.000234846296652264,"ENSG00000149256"
457.080108929012,-0.613778198648645,0.141171724641974,-4.34774173231395,1.3754643574991e-05,0.0002349144423759,"ENSG00000083097"
16.8509968375902,-1.85458973313883,0.426873233337145,-4.34459129386094,1.39535205779904e-05,0.000238053691243081,"ENSG00000139269"
431.589706716757,-0.732104683748083,0.168601091479522,-4.34222980007814,1.41043893115157e-05,0.000240368006842853,"ENSG00000074219"
36.3464681994329,1.90104432362733,0.43798328727693,4.34044946200272,1.42191569951261e-05,0.000241834381455955,"ENSG00000100206"
1107.33189560479,-0.536738761120038,0.123660552210771,-4.34042021909464,1.42210495235209e-05,0.000241834381455955,"ENSG00000101384"
506.818868377898,0.599309635750549,0.138098181747421,4.33973589056137,1.42654062172712e-05,0.000242067548249678,"ENSG00000136379"
102.954344219385,1.48444966330045,0.342049870163799,4.33986325616667,1.42571406736539e-05,0.000242067548249678,"ENSG00000163803"
1342.01187491171,0.761345566329191,0.175504418856302,4.33804214897037,1.43757590071053e-05,0.000243678369950912,"ENSG00000149577"
886.164447687358,0.679506814967085,0.156679298251687,4.3369278682595,1.44488014821096e-05,0.000244653982652056,"ENSG00000105419"
490.768723319206,-1.23966632703455,0.285919026998271,-4.33572518782407,1.45280357722481e-05,0.000245732236755863,"ENSG00000161381"
56.730253251641,-1.05936892677202,0.244462415168522,-4.33346339167,1.46781698016954e-05,0.000248006124628004,"ENSG00000203722"
640.834392433377,0.480436321517116,0.110883801136407,4.33279087290752,1.47230950023781e-05,0.000248413989643792,"ENSG00000138686"
966.03510364012,0.590953858286051,0.136396057000979,4.33263153847481,1.47337579627948e-05,0.000248413989643792,"ENSG00000166347"
157.662061516529,-0.829454350754618,0.191486186999458,-4.3316667575451,1.47984803757366e-05,0.000249239224920988,"ENSG00000172296"
56.3113311424152,-3.06456243497189,0.707521190899591,-4.33140727710982,1.48159338515493e-05,0.000249267436620634,"ENSG00000188176"
472.118736418746,0.585615479458329,0.135267344828872,4.3293189512901,1.49571176790594e-05,0.000251107911895622,"ENSG00000101460"
85.076828575031,1.16207703963698,0.268420198792278,4.32932038969346,1.49570199940101e-05,0.000251107911895622,"ENSG00000253833"
19572.5556111701,0.639773497354578,0.147878744638875,4.32633843975972,1.5160842486368e-05,0.00025425795074272,"ENSG00000177469"
165.52703778265,1.26307704801899,0.292266294709887,4.32166510774962,1.54856107683787e-05,0.000259374783577485,"ENSG00000102996"
327.087835630973,-0.665214246319295,0.153932131565113,-4.32147752100678,1.54987843839186e-05,0.000259374783577485,"ENSG00000186073"
1972.69780269734,-0.550204656815138,0.127384309770231,-4.31924981818849,1.56560478721409e-05,0.000261729359030775,"ENSG00000205581"
633.51906941252,-0.362759892309867,0.0840577155225433,-4.31560493947256,1.59166415683967e-05,0.000265804549151725,"ENSG00000100099"
5244.36302025315,0.40282975763089,0.0934741541989304,4.30953091882054,1.63601185739629e-05,0.000272922020307779,"ENSG00000105281"
1055.84426884881,0.38753346443188,0.0899573412178194,4.30796930173292,1.64760245270161e-05,0.000274565649238186,"ENSG00000169410"
2001.51728218263,0.686335322530605,0.159403208796255,4.30565562458571,1.66491894444841e-05,0.000277159004050537,"ENSG00000198793"
1193.77849899701,-0.929260734806535,0.215944961621045,-4.30322952585144,1.68326308078019e-05,0.000279917791054374,"ENSG00000067113"
250.294738313926,-0.836288963380651,0.194356673965539,-4.30285693985961,1.68609727101372e-05,0.000280094265904046,"ENSG00000162944"
47.8747227086603,-1.86011733477926,0.432470480146202,-4.30114289916488,1.69919433607724e-05,0.000281973446652818,"ENSG00000179388"
831.356469839397,-0.351383916075243,0.0817000372951118,-4.30090276221044,1.70103695812722e-05,0.000281983020613786,"ENSG00000109685"
2049.33078588022,-0.452887404332228,0.105324255363016,-4.29993454756725,1.70848560966611e-05,0.000282920918883702,"ENSG00000125970"
2126.69549296535,-1.18731830791655,0.276143173307938,-4.29964751144699,1.71069979713962e-05,0.000282990946546719,"ENSG00000170624"
840.273336726012,0.659728152438399,0.153646939446412,4.29379299591252,1.75646251918633e-05,0.000289953969468189,"ENSG00000100647"
347.984574830353,-0.573503046954943,0.133560907467704,-4.29394392287745,1.75526826518899e-05,0.000289953969468189,"ENSG00000204072"
2574.84278923712,0.566209609137549,0.132007190548726,4.28923308483375,1.79291138118414e-05,0.000295661941544332,"ENSG00000145901"
935.053876266952,0.299398017902842,0.0698150816141409,4.28844328446936,1.79929728484764e-05,0.000296405615286997,"ENSG00000160218"
71.287777460042,0.888268389301123,0.207169530991632,4.28764010349091,1.80581359691776e-05,0.000297169200042779,"ENSG00000058085"
448.748222444175,0.458963432648037,0.107129041084834,4.28421115320721,1.83388685771516e-05,0.000301474969596088,"ENSG00000185344"
70165.9941590893,0.913128691202606,0.213280353568286,4.28135398280016,1.85759594763828e-05,0.000305055101671409,"ENSG00000163430"
3472.6033654944,0.482313493045929,0.112660771893652,4.28111298137755,1.85960909962744e-05,0.000305068583135143,"ENSG00000159216"
1299.51616327769,0.442191513076889,0.103353327037969,4.27844488174474,1.88203579188573e-05,0.000308427400832062,"ENSG00000142002"
356.5911849208,0.560956228668398,0.131159173141126,4.27691190203536,1.8950375288068e-05,0.000310236299275542,"ENSG00000118503"
888.073834963825,0.696336489207744,0.162975782762369,4.27263779565982,1.93174103554109e-05,0.000315917648855881,"ENSG00000083720"
15874.7860724826,0.916000995663891,0.214621602892894,4.26798133699998,1.97249825556211e-05,0.000322249508183766,"ENSG00000125868"
465.128392721328,-0.466973026755328,0.109424273872685,-4.26754512713194,1.97635799988459e-05,0.000322546525642322,"ENSG00000035115"
35.9518229862477,-1.98677189636777,0.465752513951434,-4.26572447137654,1.9925456234814e-05,0.000324659660701231,"ENSG00000100302"
570.248133614932,0.548470808014663,0.128579177665962,4.26562696986245,1.99341607089628e-05,0.000324659660701231,"ENSG00000122970"
1572.24011725627,0.343150145161573,0.0804590358568293,4.26490501044759,1.99987265982379e-05,0.000325375780431476,"ENSG00000114650"
1081.10932950275,-0.511942810024399,0.120090914278441,-4.26296038380901,2.01736294852785e-05,0.000327883743424311,"ENSG00000204371"
21235.890933057,0.861076724370967,0.202080742748337,4.26105284778825,2.03466108687803e-05,0.000330016179163236,"ENSG00000129116"
12613.0575291722,1.14506533230392,0.26871773957249,4.26121972492637,2.033142173085e-05,0.000330016179163236,"ENSG00000147027"
108.781406158258,-1.32807129636117,0.31186725866169,-4.25845054097791,2.05848750541731e-05,0.000333538313954695,"ENSG00000165895"
5499.16101300261,-0.358595500402476,0.0842573048411012,-4.25595740427187,2.08156337244281e-05,0.000336931743420609,"ENSG00000100320"
5831.50400478651,0.85867774959556,0.201785016778733,4.25540886683942,2.08667345262463e-05,0.000337413175072302,"ENSG00000152601"
2228.08963652257,0.530584323968092,0.12474024895455,4.25351342822326,2.10442312602399e-05,0.000339588115882809,"ENSG00000114698"
800.563550680279,0.337904726785142,0.0794372018730302,4.25373400393983,2.10235019713228e-05,0.000339588115882809,"ENSG00000118454"
2955.16355942263,0.395674338148018,0.093055623105761,4.25201965171219,2.1185126503222e-05,0.000341512886222348,"ENSG00000114850"
673.734521487078,-0.573889151399729,0.134996008294763,-4.25115645009774,2.12669539124354e-05,0.00034248250551341,"ENSG00000171604"
387.690905119561,-0.67346565686554,0.158485708543261,-4.24937783384871,2.14365079597788e-05,0.000344861459010779,"ENSG00000139946"
16.4742683768145,-2.64019581913847,0.621390344086875,-4.24885234259346,2.14868483708444e-05,0.000345319664865309,"ENSG00000106003"
82.0285063206672,1.52817015644858,0.359690080102338,4.24857465074874,2.15134958037403e-05,0.000345396551532002,"ENSG00000158813"
5717.33471549166,0.810279993817631,0.190759313679832,4.24765626478188,2.16018487724249e-05,0.000346462951174384,"ENSG00000111885"
4063.91831067486,1.00536417856109,0.236758588500344,4.24636835744452,2.17263334055382e-05,0.000348106100548369,"ENSG00000109861"
143.5947309495,-0.814677550075441,0.191957585808204,-4.24404978133781,2.19521619925143e-05,0.000351368039673496,"ENSG00000064687"
442.414066596882,-0.748656203445087,0.176513978872636,-4.24134229043288,2.22186986836972e-05,0.000355274293324948,"ENSG00000170899"
16782.6069767956,0.838109599030474,0.197624745375337,4.24091425109088,2.22611176110902e-05,0.000355592655227506,"ENSG00000035403"
210.99269340177,-0.558919010586462,0.131801550261568,-4.24061029234674,2.22912868748929e-05,0.000355714899039957,"ENSG00000204576"
368.385290768134,-0.614630188516208,0.144963455650275,-4.23989746766941,2.23621906230953e-05,0.000356486263838204,"ENSG00000131437"
190.57107096624,0.870993269326238,0.205473460714461,4.23895750963491,2.24560152215708e-05,0.000357621097248363,"ENSG00000154217"
837.422558211809,-0.657583880821252,0.155432299864286,-4.2306771590938,2.32988862517516e-05,0.000370670498494634,"ENSG00000178764"
185.110140778263,-0.570364328145294,0.134851119936043,-4.22958540066857,2.34122389693967e-05,0.00037209914611522,"ENSG00000198521"
2394.38837271502,0.571919157380856,0.135248657318246,4.22864942780989,2.35098347215933e-05,0.000373274742644955,"ENSG00000112078"
291.612367155032,0.613130142199497,0.145012810335503,4.22811019785738,2.35662369302328e-05,0.000373794589381342,"ENSG00000132740"
1362.04659401467,0.36046794393576,0.0853471103062537,4.22355183019416,2.40482033830052e-05,0.000380694545421954,"ENSG00000135090"
47.3209634672103,0.974338385448131,0.230692344021075,4.22354018544768,2.40494465331758e-05,0.000380694545421954,"ENSG00000272430"
8380.4138355553,0.473697023686372,0.112172469676118,4.22293478118211,2.41141615455846e-05,0.000381336860958104,"ENSG00000106211"
141.839282784673,0.683344676550517,0.161835095398772,4.22247519839075,2.41633994854451e-05,0.000381733385071061,"ENSG00000011478"
404.783180937797,-0.481666778060113,0.114116434861002,-4.22083618934294,2.43397766194875e-05,0.000384135655379284,"ENSG00000151065"
726.44650106537,-1.27120163286429,0.301204256194595,-4.22039731086344,2.43872127292657e-05,0.00038422455235722,"ENSG00000135069"
1901.34504872336,0.959223984399124,0.227286267023165,4.22033410536572,2.43940515264142e-05,0.00038422455235722,"ENSG00000177706"
1236.23332743152,0.489377818114884,0.115992270398425,4.21905542872735,2.45327960182755e-05,0.000386025011450912,"ENSG00000138802"
111.25301438307,-1.06611940934871,0.252838215817941,-4.21660707381507,2.4800555601801e-05,0.00038984992775846,"ENSG00000102385"
5923.55450541161,-0.665088119546738,0.157776093602033,-4.21539223314989,2.49344440030143e-05,0.0003915649566199,"ENSG00000168214"
192.767384220791,-1.00164449682266,0.237634319954337,-4.21506664952747,2.49704434548662e-05,0.000391740879543173,"ENSG00000198932"
52257.5885333579,0.611258797269475,0.145079065949973,4.21328048445151,2.516881919558e-05,0.000394461315130727,"ENSG00000184009"
926.490873077136,0.409323393947218,0.0972270815481652,4.20997305924938,2.55401141617348e-05,0.00039988376960068,"ENSG00000103111"
4824.73604311467,0.497277064706001,0.118171201546526,4.20810703621572,2.57518886587181e-05,0.000402324138846094,"ENSG00000060138"
95.7496025568606,-3.0533032199767,0.725531485044303,-4.20836763519678,2.57222133307773e-05,0.000402324138846094,"ENSG00000131771"
1484.1837232707,-0.328104429453064,0.0779731730353959,-4.20791429513996,2.57738577117521e-05,0.000402324138846094,"ENSG00000144036"
1094.11607990911,0.447014761595893,0.106237215995466,4.20770402732475,2.57978448316934e-05,0.000402324138846094,"ENSG00000197771"
1056.96820557519,0.314830667370739,0.0748763021861659,4.2046770230182,2.61455238398479e-05,0.000407344167279997,"ENSG00000144747"
327.74215168846,0.634447558610082,0.150966971570448,4.20255869221049,2.63914789891713e-05,0.000410771019774313,"ENSG00000153443"
1045.3886387037,0.495747815376119,0.117984777664463,4.20179471614531,2.64807213893758e-05,0.000411349495092782,"ENSG00000109736"
384.78268512326,0.902998572051419,0.214900435212255,4.20193924297796,2.64638167844224e-05,0.000411349495092782,"ENSG00000185262"
1504.06503153771,0.370461741182973,0.0881919060772385,4.20063198156215,2.66170949612494e-05,0.000413061754614752,"ENSG00000148110"
301.443150575852,-0.460784936999009,0.109760676102631,-4.19808763357248,2.69178471763579e-05,0.000417319087038373,"ENSG00000196810"
169.762985652598,-2.18855202268173,0.521474493518426,-4.19685344131677,2.70648949486933e-05,0.000419187461175938,"ENSG00000025423"
619.678087564347,0.932663966929451,0.222351859271226,4.19454089561617,2.73424819751884e-05,0.000422809419535877,"ENSG00000145604"
323.590007425423,-1.06914145686258,0.25489372328441,-4.19445972653329,2.73522741337933e-05,0.000422809419535877,"ENSG00000203727"
96.7326337139342,-0.911624354232847,0.217430437988614,-4.19271727852835,2.75632872013577e-05,0.000425654751913049,"ENSG00000204366"
1602.91621496009,-0.588767945550194,0.140441682157697,-4.19225928160763,2.76190076690633e-05,0.000426098714019396,"ENSG00000113552"
2611.55917553138,0.593379839416541,0.141571016926346,4.19139349493587,2.77246330561038e-05,0.000427310978556417,"ENSG00000064393"
376.758860155669,-0.63059666609006,0.150469541185725,-4.19085923384131,2.77900040526896e-05,0.000427901056553986,"ENSG00000170836"
1679.39070122259,0.340765996091877,0.0813213471730747,4.19036339088962,2.78508053883764e-05,0.000428419691845735,"ENSG00000105402"
79.3228109785675,0.911224237367494,0.217585971698296,4.18788137054622,2.81570619465036e-05,0.000432709401391891,"ENSG00000260549"
3752.38929989878,1.10211648929764,0.263266556853692,4.18631406308902,2.83520983847585e-05,0.000435283236426059,"ENSG00000156804"
4506.84349598532,1.19688079782065,0.285958541617322,4.18550462263283,2.84533277695424e-05,0.000435567511727937,"ENSG00000137962"
520.110821436004,0.811992616559952,0.193995300484967,4.18563034532312,2.84375822639325e-05,0.000435567511727937,"ENSG00000183723"
54.2458293020985,-0.989162675634819,0.236325949488259,-4.18558638091481,2.84430874229044e-05,0.000435567511727937,"ENSG00000247746"
436.330679105171,-0.617278144213221,0.14754122732597,-4.18376717749161,2.86717758129401e-05,0.000438486654688119,"ENSG00000121210"
212.837886891099,1.2668931514512,0.302934094720812,4.18207515604602,2.88860444123261e-05,0.000441336295576333,"ENSG00000057657"
43.3212723108137,-2.98186963325809,0.713422766532005,-4.17966705457573,2.91936198100247e-05,0.000445604643245189,"ENSG00000184564"
490.623144428972,-0.454464258181843,0.108744478212641,-4.17919388323491,2.9254420559962e-05,0.000446101675681737,"ENSG00000187189"
62.4492636867838,1.44679376417151,0.346212181135273,4.17892218415683,2.9289387256316e-05,0.0004462041850292,"ENSG00000144362"
892.394298044369,-0.654751736342284,0.156736537650186,-4.17740334294992,2.94855895873626e-05,0.000448760447303616,"ENSG00000132646"
312.953334924513,-0.517191477010004,0.123818009575518,-4.17702948693068,2.95340751599622e-05,0.000449065754934632,"ENSG00000163879"
562.993356341629,0.82378645414316,0.197299642349488,4.17530637325708,2.97585278339434e-05,0.000451632560590793,"ENSG00000100906"
1569.53379287806,0.782004202868139,0.187293179026925,4.17529462061039,2.97600642850371e-05,0.000451632560590793,"ENSG00000189320"
712.889114324882,0.809987912652681,0.19401470897993,4.1748788888809,2.98144624005004e-05,0.00045202387428321,"ENSG00000096968"
586.276156716547,-0.882192487006191,0.21140381259516,-4.17302070467194,3.00587614027313e-05,0.000455290807900623,"ENSG00000164237"
2628.0033661412,1.03764346284006,0.24898707367605,4.16745916774022,3.08013663941858e-05,0.000466091940895926,"ENSG00000186575"
554.534096078332,-1.4715176736635,0.353252701931877,-4.16562326520371,3.10503096182682e-05,0.000469409369712345,"ENSG00000164619"
5289.05878959872,0.539077156530504,0.129561213865632,4.16079118469499,3.17146967555584e-05,0.000478995008933376,"ENSG00000135926"
563.49336251549,-1.03007777994088,0.247591037490522,-4.16040011133405,3.17690541753749e-05,0.000479357705694912,"ENSG00000107731"
278.944359511167,0.564932607523986,0.135845165709575,4.15865080345782,3.2013285414753e-05,0.000482581949410561,"ENSG00000224531"
429.312053260196,0.521640477958385,0.125626972537285,4.15229681510925,3.29154960234818e-05,0.00049570925279215,"ENSG00000064933"
2010.94599155202,0.492654992434331,0.118671707168394,4.15141067900253,3.30432223942399e-05,0.000497158883223049,"ENSG00000163812"
15.4029272758098,-2.24585238352789,0.541470819965775,-4.14768866708246,3.35848678698843e-05,0.000504827538162162,"ENSG00000165495"
300.620558283858,-0.937992072640119,0.226198397799167,-4.14676709369501,3.37202765366066e-05,0.00050638111095562,"ENSG00000161682"
74.8417948588336,1.02117671532971,0.246288531466322,4.14626174125917,3.3794748987482e-05,0.000507017516148376,"ENSG00000165644"
570.081325556486,0.520371289879982,0.125543413230368,4.14495094955811,3.39886457150423e-05,0.000509442718222237,"ENSG00000136270"
255.07745523442,5.79175307335697,1.3975963670427,4.14408137423273,3.41178587257876e-05,0.000510894722417054,"ENSG00000171819"
1717.28426218022,-0.428222947606828,0.103341708070582,-4.14375720705479,3.41661470510036e-05,0.000511133324916434,"ENSG00000130227"
174.173164275189,-0.684387768785103,0.165266147207392,-4.14112496932762,3.45606588770969e-05,0.000516546157937915,"ENSG00000203965"
928.765531413222,0.401718322674318,0.0970242178258205,4.14039228221854,3.46712391862136e-05,0.000517709108377885,"ENSG00000129566"
1674.53694394347,0.507910388761661,0.122701850380546,4.13938654703603,3.48235763887967e-05,0.000519492785448735,"ENSG00000139793"
89.9745317650031,-0.958780671013191,0.231723129901605,-4.13761315678892,3.50937389658053e-05,0.000523029139794144,"ENSG00000104313"
90.1353959218928,-0.937138286451499,0.226537052802155,-4.13679914547994,3.52184128325614e-05,0.000524392540931955,"ENSG00000073146"
466.911462013245,0.789450004419823,0.190946564827063,4.13440275888081,3.55878894511027e-05,0.000529304057063792,"ENSG00000102780"
841.561859117804,1.36461625846745,0.330077805382054,4.13422604069955,3.56152812165344e-05,0.000529304057063792,"ENSG00000138615"
37.9322990201575,-1.56587034063633,0.379038513997497,-4.13116420313602,3.60930640220491e-05,0.000535900587801063,"ENSG00000138135"
2024.54669250484,0.567767550801998,0.137460592974242,4.13040231034351,3.62128953329518e-05,0.000537174948798096,"ENSG00000126458"
436.687192001447,0.563360359060506,0.136450284785843,4.12868584294046,3.64842488275327e-05,0.000540185719753853,"ENSG00000112276"
171.911566376607,-1.63971506244895,0.397146573831811,-4.12874029512178,3.64756110006354e-05,0.000540185719753853,"ENSG00000183496"
1704.00389938537,0.52478570548127,0.127181613297366,4.12627023573176,3.68694001526308e-05,0.000545377138212792,"ENSG00000038274"
1839.06317949399,-0.471918651439665,0.114466278402707,-4.12277448017829,3.74336146823728e-05,0.000553205093313495,"ENSG00000105855"
536.668058337058,1.29922623812071,0.315510205155923,4.11785804988032,3.8241011246008e-05,0.000564608874452742,"ENSG00000155324"
1758.2649458257,1.1149465917012,0.270969328643245,4.11465975608305,3.87750934684506e-05,0.000571426237513604,"ENSG00000133816"
270.74501932144,-0.75824874655052,0.184277301996498,-4.11471591094235,3.87656554205964e-05,0.000571426237513604,"ENSG00000182621"
937.408101302026,0.510741697440834,0.124226172903054,4.11138559214423,3.93291745910604e-05,0.000579051537921316,"ENSG00000139436"
3077.00084350527,1.32899535593412,0.32348690672285,4.10834357840872,3.98506966575119e-05,0.000586183711168876,"ENSG00000153904"
307.943805137992,-1.16782803650337,0.284278790935442,-4.10803786191908,3.99034700249868e-05,0.000586413971585806,"ENSG00000127589"
805.45367467819,0.575173020646948,0.140036331126418,4.10731283817846,4.00288902981742e-05,0.000587710417221706,"ENSG00000065882"
189.009161198175,-0.592176759554666,0.144302985149701,-4.10370415373137,4.06587336182269e-05,0.000596403596750927,"ENSG00000213462"
478.261609505962,-0.552136267402536,0.134769477011816,-4.09689404192115,4.18730444203758e-05,0.000613645970086362,"ENSG00000116128"
133.429085870772,1.29055758857322,0.315058086467214,4.09625286258926,4.19891286863894e-05,0.00061477688136013,"ENSG00000180672"
1709.28059253551,-0.333010668527445,0.0813064756890244,-4.09574595018879,4.20811202373302e-05,0.000615553275471613,"ENSG00000114861"
55.2497536622771,1.45473589513148,0.355202383252837,4.09551276601649,4.21235013421968e-05,0.000615603213879765,"ENSG00000179862"
124.058662469665,-1.03722680736058,0.253392683061492,-4.09335737255236,4.25171647610823e-05,0.00062046055234219,"ENSG00000091262"
478.581496617059,0.372722057624806,0.0910574345983546,4.09326332626047,4.25344206979739e-05,0.00062046055234219,"ENSG00000204160"
245.358833610834,0.524455991780318,0.128135201090218,4.09298918109986,4.25847597148951e-05,0.000620621802560805,"ENSG00000103404"
614.491278432953,-0.577787839029645,0.14119499752374,-4.0921268399222,4.27434730846941e-05,0.000622360726075573,"ENSG00000133103"
68.9759705358564,1.47275593406186,0.360121869130494,4.08960427095915,4.32109783881847e-05,0.000628588431470112,"ENSG00000254254"
219.827097069701,-0.59974128771382,0.146672711708892,-4.08897661143781,4.33280532862213e-05,0.000629711670483647,"ENSG00000118707"
164.037870255988,-0.913306407112735,0.223390782236364,-4.08838000372992,4.34396150976267e-05,0.000630752793485576,"ENSG00000221829"
653.168917915699,0.502612703770087,0.122996235093965,4.08640722527896,4.38104553571974e-05,0.000635553327578516,"ENSG00000168884"
151.782803459395,0.886773099090443,0.217154105351853,4.08361194762408,4.4341053049983e-05,0.000642219462655009,"ENSG00000165195"
75.3230949250989,1.15258308213961,0.282249686657418,4.08355841166464,4.43512744497161e-05,0.000642219462655009,"ENSG00000244490"
157.561175673839,-0.63594922555538,0.155773212575763,-4.08253264498911,4.4547552015287e-05,0.000644470903605773,"ENSG00000096654"
245.165220377438,-0.777931735122961,0.19056397840874,-4.08226015020729,4.45998314599249e-05,0.000644636905218568,"ENSG00000148400"
153.350341398205,0.850007722877868,0.208314467817644,4.08040656888967,4.49569972478748e-05,0.000649205340513644,"ENSG00000224945"
1183.57482992971,-0.557840588198226,0.136825060000207,-4.07703521706757,4.56135863102257e-05,0.00065808533016342,"ENSG00000130517"
239.794640506726,-1.64207320432878,0.402797858629029,-4.07666815786402,4.56856195247771e-05,0.000658523190923749,"ENSG00000138669"
1493.09152122011,0.462724176926464,0.113515320176925,4.07631477588455,4.57550705780186e-05,0.000658923067448987,"ENSG00000141867"
1336.76345164385,1.46304093430849,0.359033703198287,4.07494037823096,4.60261375516669e-05,0.00066222306105759,"ENSG00000172260"
1190.64695565316,0.317574541282788,0.0779771649681606,4.07266077719623,4.64790946664255e-05,0.000668131699308636,"ENSG00000139687"
856.866459802947,-0.865981094038637,0.21266048546546,-4.07212977127943,4.65852109638868e-05,0.000669048329824985,"ENSG00000185215"
2004.59541395712,0.481328713346677,0.11824493943835,4.07060729730113,4.68907374485439e-05,0.000672824586931968,"ENSG00000132589"
752.379538403785,-0.70069141642119,0.172167750993535,-4.069818025604,4.70498734821236e-05,0.000674495373203801,"ENSG00000184898"
1242.22941038877,0.595693251310426,0.14642042374958,4.06837540867406,4.73420637768855e-05,0.000678068833678366,"ENSG00000107929"
4092.55852066328,-0.456444045899358,0.112329677217111,-4.06343236451344,4.83563386021192e-05,0.000691968693148803,"ENSG00000159842"
371.632596951659,-2.13362136597673,0.525218833017779,-4.06234740996903,4.8581703518617e-05,0.000694564481617296,"ENSG00000103742"
21.3614982385297,2.47069110905181,0.608344631980621,4.06133461062662,4.87929787704499e-05,0.000696954320628904,"ENSG00000135604"
1653.51528540062,-0.353894419666429,0.0871638384303133,-4.06010595723551,4.90504516347267e-05,0.000699999128207239,"ENSG00000205302"
21.3897524787639,1.58850921811416,0.391359213448679,4.0589544426874,4.92929282836444e-05,0.000702824621863731,"ENSG00000174944"
2431.57096216566,1.17635836145007,0.289861635855162,4.05834445106724,4.94218353487937e-05,0.000704027191019155,"ENSG00000107796"
827.658597323027,-0.602371209854469,0.14844134921212,-4.05797450004103,4.95001712091898e-05,0.000704507842128631,"ENSG00000154608"
2811.64562997443,0.410978004063091,0.101284480737742,4.0576601772511,4.95668204505669e-05,0.000704821448675117,"ENSG00000104388"
835.08824718896,1.24337103407343,0.306498490714949,4.05669545443146,4.97719126102939e-05,0.00070710132681423,"ENSG00000160200"
15890.9238331372,0.361683042845395,0.0891804465262135,4.05563166516645,4.99989979367012e-05,0.000709689280686438,"ENSG00000204262"
307.270331133263,0.455384709648792,0.112333885476679,4.0538498932571,5.03815513087863e-05,0.00071447733175602,"ENSG00000148339"
114.831137439771,-0.714826731950577,0.176450428118037,-4.05114762018256,5.09670383848991e-05,0.000722132082874113,"ENSG00000176371"
148.640793591739,-0.939829039177653,0.23205795298877,-4.04997556460878,5.12229813400545e-05,0.000725108117571847,"ENSG00000011347"
524.936948073084,-1.03300305636736,0.255210618881075,-4.04764919616738,5.17346054900629e-05,0.000731694984361695,"ENSG00000145632"
694.056847215263,-0.505652141602053,0.125005336747146,-4.04504443378171,5.23132010588664e-05,0.00073921641353128,"ENSG00000144136"
22.3825487615225,-1.50717659577846,0.372677822205509,-4.04418107538298,5.25063280842399e-05,0.000741282369146401,"ENSG00000126860"
1216.66872008779,0.439246447331922,0.108627867140115,4.04358898776273,5.26391641404005e-05,0.000742494209901828,"ENSG00000181852"
317.492718106616,-0.846326983437287,0.20936169722023,-4.04241556442402,5.29033655666958e-05,0.000745555191099607,"ENSG00000168781"
35.3129790507974,-1.96080376600684,0.485349216571949,-4.03998543534513,5.34545208622125e-05,0.000752651087862062,"ENSG00000171509"
786.487919265923,0.433158088294274,0.107251745838096,4.03870431114618,5.37472666819663e-05,0.000756099126484152,"ENSG00000070610"
42.4082278220509,1.93548267140216,0.479436931871865,4.03699119265897,5.41411005750905e-05,0.000760961838865907,"ENSG00000123685"
5395.52020714952,0.430820299220896,0.106731388104168,4.03649110981696,5.42565806834782e-05,0.00076190707701119,"ENSG00000142864"
3181.20466160432,0.799257231092412,0.198038430788369,4.03586934066615,5.44004863010286e-05,0.000763249451672868,"ENSG00000185551"
584.720733740513,-0.346146187102866,0.0857756961197722,-4.03548094345428,5.44905624717902e-05,0.000763834876601013,"ENSG00000105771"
14155.3734978551,0.913483599208987,0.226414687201993,4.03455981808298,5.47047529881111e-05,0.000766157524562215,"ENSG00000134333"
780.243472471855,0.495002954669675,0.122731299279342,4.03322508256858,5.50165365840051e-05,0.000769841669578487,"ENSG00000080822"
1372.38262076824,-1.01145427087772,0.250840404745774,-4.03226215450747,5.52425134600613e-05,0.000772319670479688,"ENSG00000183801"
1019.05006054442,0.657759473367066,0.163163745351488,4.03128447407307,5.54728518221668e-05,0.000774854211393979,"ENSG00000133121"
1013.17761916904,-0.752630855597984,0.186874180872053,-4.02747373706636,5.63793627149338e-05,0.000786820823472194,"ENSG00000145431"
257.203164374162,-0.492927798680775,0.122455129952161,-4.02537483626326,5.68846309819755e-05,0.000793171580099955,"ENSG00000237984"
207.599627931941,-0.682945795094696,0.169701775519519,-4.02438803603528,5.71236628474068e-05,0.000795802139032921,"ENSG00000198046"
89.8859304045887,0.975666137513152,0.242565369052698,4.02228125689774,5.76371738631549e-05,0.000802248522193939,"ENSG00000154319"
143.536420822331,-0.745987918853039,0.185555464576568,-4.0202961446345,5.81250276564943e-05,0.000808326749046917,"ENSG00000156050"
349.212410506804,0.382858092139196,0.0952525530499018,4.01939979434064,5.83465906345688e-05,0.000810694317365803,"ENSG00000131148"
1123.37131454996,0.327765610245285,0.0815734015140541,4.01804514905284,5.86829549522217e-05,0.000814651425602107,"ENSG00000180957"
1221.53492033105,-0.468810147867928,0.116698415820254,-4.01727945124824,5.88738925570042e-05,0.000815858815629727,"ENSG00000071564"
404.713445668498,-1.17052413649117,0.291387141257115,-4.01707546682135,5.89248581234029e-05,0.000815858815629727,"ENSG00000103257"
344.68674728757,0.657764260044943,0.163740777430724,4.01710722500528,5.89169205870822e-05,0.000815858815629727,"ENSG00000168792"
207.016294679051,-0.544201565020228,0.135489764684874,-4.01655111207808,5.90560601134989e-05,0.000816959402515811,"ENSG00000198890"
428.357096910186,0.597026980556827,0.14869339915461,4.01515456604798,5.94068493190263e-05,0.000821093093212579,"ENSG00000162341"
7181.06037147957,0.394556306737528,0.0982881578394373,4.01428122584281,5.96272197023585e-05,0.000823418546204423,"ENSG00000002834"
22.4670990363201,-1.55829873481956,0.388637527282937,-4.00964555768462,6.08099583747658e-05,0.000839018098169913,"ENSG00000227268"
41.5801735573864,1.45122744378226,0.361957252208952,4.00938905057356,6.08760476081116e-05,0.000839197033257371,"ENSG00000258016"
649.998793651238,0.471102510499975,0.117541460389477,4.00796883873113,6.12431985599635e-05,0.000843522276242636,"ENSG00000173418"
284.857787845634,-1.10710303856801,0.276242615083737,-4.0077199465854,6.13077572853233e-05,0.000843675914280085,"ENSG00000101255"
1270.43135834834,-0.753569002385279,0.188132825522904,-4.00551578540736,6.18823008407089e-05,0.000850841243412985,"ENSG00000012171"
834.982418135821,-0.29314902857201,0.0732339814563278,-4.00290988885844,6.25681378592225e-05,0.000858776231016505,"ENSG00000066135"
2430.49217454466,0.560818852882282,0.140098529173699,4.003031696264,6.25359201103788e-05,0.000858776231016505,"ENSG00000170776"
1039.31900437489,0.713803647912026,0.178365671235118,4.0019115952593,6.28327767172118e-05,0.000861659901543847,"ENSG00000213853"
175.607691866278,-0.738111495472409,0.184456500653782,-4.00154775167191,6.29294916572856e-05,0.0008622377356477,"ENSG00000146409"
70.5792493396603,0.95407495551585,0.238556125045642,3.99937312585586,6.35104836133361e-05,0.00086944421154548,"ENSG00000159884"
69.4376509511343,1.2153802009157,0.303937622946912,3.99878168793861,6.36693734024146e-05,0.000870864728148351,"ENSG00000260841"
144.847225043617,1.27070289965497,0.317814837009788,3.99824914283608,6.38127635089203e-05,0.000871317232423443,"ENSG00000025708"
2982.42994575215,0.426338723647645,0.106629512459238,3.99831823118036,6.37941439283482e-05,0.000871317232423443,"ENSG00000196159"
1281.96257319499,0.299395058852768,0.0748897082771855,3.99781312733429,6.39303901281387e-05,0.000872169519209271,"ENSG00000112062"
509.745054433429,-0.650959886546048,0.162868418073945,-3.99684539362628,6.4192195365082e-05,0.00087498559307814,"ENSG00000121753"
40.0812202078824,-1.50100281606418,0.375621747058911,-3.99604875866989,6.44084737199023e-05,0.000877176782609497,"ENSG00000165891"
1039.33349036018,-0.340299824355758,0.0852176808558843,-3.99330069696752,6.51598500630515e-05,0.00088664540163315,"ENSG00000035681"
3723.14180595262,0.424477008292333,0.106309332768943,3.9928480147167,6.52844157390133e-05,0.000887575903481009,"ENSG00000198668"
706.814122529243,1.22727665550169,0.307468958707271,3.99154653094633,6.56438048594434e-05,0.000891694608056308,"ENSG00000185112"
610.035758514558,-0.467787808314011,0.117222252348897,-3.99060586996487,6.59047219399749e-05,0.000893701971852123,"ENSG00000104093"
64.7421301261839,-1.48854519621518,0.373000498633545,-3.99073245657403,6.58695527476193e-05,0.000893701971852123,"ENSG00000272341"
266.882203158623,-0.444302039869861,0.111361978177137,-3.98971037640097,6.61540223250674e-05,0.000896313245875999,"ENSG00000196912"
468.199710337188,0.41185520824284,0.103257902879953,3.98860713568493,6.64623854683888e-05,0.000899719593512944,"ENSG00000114209"
2118.55527032455,-0.366943546726193,0.0920210834242504,-3.98760298261704,6.67442349901717e-05,0.000902761493471518,"ENSG00000168502"
291.324330963381,1.28268434832709,0.321821157486193,3.98570547177938,6.72799264806372e-05,0.000909228638615147,"ENSG00000206190"
3764.80755890409,0.670053584112142,0.168148279787738,3.98489705013922,6.75093879246869e-05,0.000911549837977951,"ENSG00000133789"
6924.28226497816,-0.6759995477256,0.169699127241528,-3.98351811652789,6.79024925526003e-05,0.000916074788510658,"ENSG00000149257"
2099.78178064696,0.773825056421045,0.194505646127286,3.97841950518314,6.93748898543263e-05,0.000934343145710696,"ENSG00000121691"
357.606773881933,0.562080707472451,0.141276051207936,3.97859865608189,6.93226458489664e-05,0.000934343145710696,"ENSG00000236060"
963.067791423759,1.12753765760804,0.283433705537804,3.97813540019377,6.94578169686779e-05,0.000934663196312754,"ENSG00000157617"
53.1861519353029,2.48855260699127,0.625702573776057,3.97721331394418,6.97276103930822e-05,0.000937495139565882,"ENSG00000188916"
1156.32850360015,0.751585653474167,0.18906687396086,3.97523710911811,7.03091717025963e-05,0.000944510454555796,"ENSG00000147459"
17346.1015906808,0.655392902793994,0.165012419989594,3.97177923234702,7.13378167553297e-05,0.000957514723110195,"ENSG00000148926"
532.937532524605,0.65247221909714,0.164334461307887,3.97039193060492,7.17544976590047e-05,0.00096228994398723,"ENSG00000142279"
1396.16879075066,0.306401199682999,0.0772373832163729,3.96700647955209,7.27810145664089e-05,0.000975228556505621,"ENSG00000176915"
1179.33384823516,0.4928294131503,0.124320355061756,3.96418923438152,7.3645816421349e-05,0.000985373240527302,"ENSG00000100600"
689.321937401338,-0.639356744323651,0.161285349543439,-3.96413404028029,7.3662855871803e-05,0.000985373240527302,"ENSG00000117122"
1240.22941816899,-0.30266667734919,0.0763638942577174,-3.96347881798343,7.38654203097999e-05,0.000986412434534419,"ENSG00000004487"
381.791662094911,-0.63567426659997,0.160382701946969,-3.96348395982353,7.38638286417154e-05,0.000986412434534419,"ENSG00000153879"
2238.70106285045,0.908509213626366,0.229625155156822,3.95648818617413,7.60596479054648e-05,0.00101485668717106,"ENSG00000157483"
449.543666398575,2.55411808101798,0.645983948321863,3.95384140372692,7.69063965860078e-05,0.00102528882132131,"ENSG00000126803"
103.826433149532,-0.651714155385285,0.164978136865262,-3.95030619067751,7.80512784496037e-05,0.00103967461799902,"ENSG00000260852"
6325.91907318497,-0.39539126953372,0.100179757698386,-3.94681798616579,7.91967165428139e-05,0.00105330760593496,"ENSG00000149090"
3919.03001653181,0.258520759603596,0.065501630394952,3.94678358454295,7.92080919009202e-05,0.00105330760593496,"ENSG00000184007"
84.1022795004501,-0.675852689037355,0.171278017211036,-3.94593947339208,7.94876929833258e-05,0.00105613673149755,"ENSG00000099365"
1073.12684131541,0.460366170063354,0.11672904683472,3.94388699768274,8.01714470293022e-05,0.0010643264875369,"ENSG00000169032"
16.192772951366,-2.10169753333227,0.533002585136446,-3.94312821727543,8.04256290347762e-05,0.00106680443953937,"ENSG00000168918"
921.905859990672,0.526727761529178,0.133593419479422,3.9427672678916,8.05468097920242e-05,0.00106751552105235,"ENSG00000075391"
1016.10813595543,0.962129032802526,0.244157654589031,3.94060564851834,8.12761451265778e-05,0.00107627874326042,"ENSG00000182704"
798.062922824806,0.368146972634532,0.0934837224329935,3.93808636469744,8.21340337039914e-05,0.00108672819468648,"ENSG00000119523"
89.5367974914334,1.77333425710909,0.450429758531848,3.93698290026213,8.25124841595119e-05,0.00109082194539914,"ENSG00000162998"
643.850465863332,0.330228899936853,0.0838986267358762,3.93604654551089,8.2834913749432e-05,0.00109416886907486,"ENSG00000144233"
19.0922170453687,1.92892744312759,0.490571842300276,3.93199787840026,8.42428094095858e-05,0.00111183617631799,"ENSG00000108387"
1623.42368032762,0.377353755488999,0.0959915751978529,3.93111327438077,8.45534199612039e-05,0.00111500411397922,"ENSG00000174238"
29.0409053347646,1.32998752691977,0.338596582603562,3.92794137700131,8.56760873261852e-05,0.00112886641165894,"ENSG00000074660"
46.2552579770609,1.01185890960747,0.257754212423416,3.92567361011846,8.64873641601088e-05,0.00113860614916783,"ENSG00000175946"
466.73506093921,0.421954575806276,0.107556125514156,3.92311059727362,8.7412999091362e-05,0.00114983393808937,"ENSG00000134265"
180.609888337608,-0.51140735078108,0.130386314247948,-3.92224716014725,8.77269324290185e-05,0.00115300339310619,"ENSG00000184517"
244.981632721266,0.840294825716533,0.214277898926401,3.92151887771288,8.79925532931803e-05,0.00115553313127653,"ENSG00000152642"
1525.85144229814,-0.4689735595145,0.119604970620854,-3.9210206488921,8.8174705975222e-05,0.00115696345929947,"ENSG00000164985"
840.743979583303,0.459554317078838,0.117259208201403,3.91913201639153,8.88684306338004e-05,0.00116509831298986,"ENSG00000154813"
328.037606352913,-0.480648480795259,0.122656403970951,-3.9186578542535,8.90434059004218e-05,0.00116642431709359,"ENSG00000120370"
1057.17967590303,-1.03731152882144,0.264853837876628,-3.9165433173924,8.98276815195754e-05,0.00117572154373079,"ENSG00000103710"
1970.97960837363,2.31882917794732,0.592090288989038,3.91634387705733,8.99019891648816e-05,0.00117572154373079,"ENSG00000197381"
1347.99582871352,0.543810118543257,0.138891068521692,3.91537140819335,9.02651449894734e-05,0.00117949442559446,"ENSG00000093183"
10.4259989082737,-2.69116259868103,0.687441224802815,-3.91475300227006,9.04968009158529e-05,0.00118154418253607,"ENSG00000084710"
294.043219004188,-0.576662233376327,0.147451495559536,-3.91086052527349,9.19678713026181e-05,0.00119975923273226,"ENSG00000230606"
257.078656192317,-0.835265270796557,0.213612921077354,-3.91018140000103,9.22268336586039e-05,0.00120214481694606,"ENSG00000088325"
5005.73121965767,0.545068250085407,0.139461882491593,3.90836722083013,9.29219932623575e-05,0.00120921058448,"ENSG00000117868"
40.3205521961342,1.19535873561537,0.305832115109029,3.90854549460651,9.28534634523365e-05,0.00120921058448,"ENSG00000223401"
2157.42157769594,-0.323717512191377,0.0828720620751052,-3.90623213765332,9.37464561492424e-05,0.00121849719341814,"ENSG00000070087"
2471.35827841042,0.816738692700588,0.209113326363909,3.9057228293488,9.39441436626975e-05,0.00121849719341814,"ENSG00000111371"
109.9286362414,-1.01494402840691,0.259840322131912,-3.90602974965395,9.3824965765724e-05,0.00121849719341814,"ENSG00000138311"
11.1658253839315,-2.56597985636541,0.65695611776975,-3.90586187868447,9.38901327677513e-05,0.00121849719341814,"ENSG00000206172"
932.358395092404,0.49426882266679,0.126567861369027,3.90516847895278,9.41597616362166e-05,0.00122029197237814,"ENSG00000075975"
167.062200570108,0.523192817075808,0.133989154671246,3.90474003929279,9.43267259439958e-05,0.00122145378398627,"ENSG00000273290"
1065.96358989328,0.64355809061162,0.164832719397448,3.90431033938025,9.44944621672952e-05,0.0012225046987566,"ENSG00000151893"
360.578984471573,-0.539201880793898,0.138110429415186,-3.90413586488067,9.45626498215324e-05,0.0012225046987566,"ENSG00000197062"
584.617646273903,0.9704368235414,0.24870119977013,3.9020190672114,9.53936412026987e-05,0.00123223936526593,"ENSG00000090376"
17.3991732567754,-1.8338653012685,0.470090418466776,-3.90109057582953,9.57603105656202e-05,0.00123596518489842,"ENSG00000223949"
8452.4239882099,2.30232453445667,0.591462872792477,3.89259350056359,9.91782562138114e-05,0.00127903517687003,"ENSG00000145390"
3813.57727793899,0.296800166158162,0.0762553171338781,3.89218978182312,9.93434841788715e-05,0.00128012101391339,"ENSG00000101150"
1628.53380738662,-0.456106116009203,0.117276086656863,-3.88916554952689,0.000100589486443206,0.00129512038046435,"ENSG00000070081"
3207.66228112301,0.653020480083755,0.167988090717086,3.88730223253461,0.000101364513608501,0.00130297525304076,"ENSG00000048707"
3482.64450170929,0.76698581942632,0.197303656159724,3.88733708414111,0.00010134996586206,0.00130297525304076,"ENSG00000129128"
9349.73428439592,-0.575380173127058,0.148058364461894,-3.88617134343089,0.000101837640048749,0.00130799271340662,"ENSG00000130635"
2484.62887636007,0.490788072691058,0.126359389462282,3.88406492607782,0.000102724457288444,0.0013183111098642,"ENSG00000140564"
4546.56985008427,-0.439631417372216,0.113228920177971,-3.88267782366213,0.000103312412453385,0.00132263329978814,"ENSG00000111642"
1819.94319319612,0.820439499735357,0.211303643849675,3.88275130891273,0.000103281184537274,0.00132263329978814,"ENSG00000138385"
782.135101504741,-0.421765947716441,0.108621984633815,-3.88287830624983,0.000103227237399374,0.00132263329978814,"ENSG00000170734"
1146.64925370875,0.841821177262993,0.216900696898674,3.88113634165157,0.000103969530447239,0.00132996813117853,"ENSG00000034152"
1575.05643795783,-0.617298789151577,0.159066453603019,-3.88076036882147,0.000104130401128708,0.0013309482823878,"ENSG00000108797"
284.817605894978,-1.0156918981208,0.261747337037189,-3.88042877386176,0.00010427247840381,0.00133168683413371,"ENSG00000055163"
309.22404039585,-0.413317691854357,0.106541686900387,-3.87939879571077,0.000104714956926609,0.0013362575844318,"ENSG00000130921"
2796.64627248963,-0.848055394799122,0.218655457734748,-3.87850092371305,0.000105102127714362,0.0013401157495008,"ENSG00000167553"
36.1642357431568,-1.98088785308229,0.511111627984411,-3.87564622799525,0.00010634209400376,0.00135483258150919,"ENSG00000168811"
124.332958708256,3.99435002794906,1.03169977421754,3.87162053125235,0.000108114173304329,0.00137629952446558,"ENSG00000128045"
742.588541331703,0.604840316018928,0.15632663792349,3.86908030552637,0.000109246658436505,0.00138959638484695,"ENSG00000155508"
25.9640372893507,-1.77773320808474,0.459540727949631,-3.86849978676882,0.000109507032167353,0.00139178768638764,"ENSG00000223764"
187.308088888431,0.70863811042593,0.183342999666063,3.86509499526369,0.000111045971354761,0.00141021242400523,"ENSG00000170542"
341.708744696018,0.4628358009757,0.119767696767077,3.86444603569374,0.000111341601457833,0.00141283101994445,"ENSG00000196116"
836.680683852769,0.790234286125072,0.204546197513211,3.86335358824763,0.000111840937630732,0.00141802819638066,"ENSG00000138032"
127.558987193215,-0.810073657281304,0.209762584516097,-3.86185963121149,0.000112527216402304,0.00142558537668292,"ENSG00000148219"
3655.35657308562,0.428801776061983,0.111056758760503,3.86110472561786,0.000112875506117872,0.00142885195965556,"ENSG00000117592"
2979.96639040804,-0.645767889782724,0.167337968550939,-3.85906375806245,0.000113822242258841,0.00143968277278237,"ENSG00000196305"
439.709558378502,-0.718708906563288,0.186315435759161,-3.85748450542938,0.000114559938932342,0.00144785433220251,"ENSG00000125675"
65.5960153057633,-1.3525036410973,0.350805321992205,-3.8554250928022,0.00011552870256952,0.0014589308099067,"ENSG00000145911"
50.9554931577041,-1.76983509459032,0.459487817089642,-3.85175630074439,0.000117273700785287,0.00147896598251983,"ENSG00000172738"
72066.228711322,0.578935702339402,0.15030668679928,3.85169625295856,0.000117302467153902,0.00147896598251983,"ENSG00000196924"
2291.12650290926,1.32411230990595,0.343894499346021,3.85034454585343,0.000117951776670316,0.00148596664101886,"ENSG00000106123"
704.639201961061,0.795916408381211,0.206742736459361,3.84979139781127,0.000118218464309207,0.00148813968060307,"ENSG00000246705"
2840.50072973909,-0.342227471538455,0.088933746289049,-3.84811711885116,0.000119029148830268,0.00149715166657689,"ENSG00000099622"
296.853271352942,0.801607022048788,0.208333556207585,3.84770958956828,0.000119227265920564,0.00149845055450522,"ENSG00000272565"
8315.18770141813,0.529465369329726,0.13763662149484,3.8468349744372,0.000119653503248809,0.00150261211790515,"ENSG00000197879"
666.17191076849,1.29823476169288,0.337503690438882,3.84657945518963,0.000119778299635837,0.00150298457319058,"ENSG00000072163"
24.8565347241962,3.28502002798665,0.854101323894129,3.84617133364126,0.000119977882044569,0.00150429411153977,"ENSG00000182836"
106.981975353441,-0.791686668828413,0.205867997978039,-3.8456033798554,0.000120256148571335,0.00150658733951622,"ENSG00000204991"
261.408909710752,0.697738148750819,0.181456385418468,3.84521132800988,0.00012044858757623,0.00150780252498358,"ENSG00000203709"
164.561138927101,-2.28035393944868,0.593095178531855,-3.84483641410381,0.000120632885967979,0.00150891396082513,"ENSG00000128510"
172.167185350507,-0.815750437309838,0.212186380869726,-3.84449951012962,0.000120798726399266,0.00150979294276552,"ENSG00000249839"
2175.09936643377,0.354469927754185,0.0922183457823304,3.84381138858059,0.000121138121233088,0.00151283797568405,"ENSG00000174695"
246.547162546664,0.473212193777521,0.123130472607454,3.84317694683219,0.000121451836544964,0.00151555775176725,"ENSG00000116455"
14.6892872275093,-1.68306165156478,0.438274777199211,-3.84019738101371,0.000122935428990179,0.00153286022666681,"ENSG00000160097"
1735.46993891786,-0.392742883908169,0.10234995843464,-3.83725494289256,0.000124417289113727,0.00155011382761723,"ENSG00000109572"
115.136426911922,-2.05691284233278,0.53615397075534,-3.83642191334511,0.000124839864928524,0.00155415302296361,"ENSG00000272841"
1944.35277222994,0.404102558481255,0.10534710081521,3.83591532518862,0.000125097506044741,0.00155613417361797,"ENSG00000117500"
571.117185011352,-0.370814782874388,0.0967282206826357,-3.83357390694725,0.000126294832064555,0.00156979209831301,"ENSG00000142459"
38.0026294813732,-1.29126499639841,0.337152927296231,-3.82990889847405,0.000128190708333326,0.00159210441057381,"ENSG00000178662"
746.525809853801,0.531896681096319,0.138950877111397,3.82794763267236,0.000129216239168299,0.00160358063344916,"ENSG00000132376"
1783.08884317866,0.515855871432189,0.134785710984575,3.82722966450965,0.00012959358874409,0.00160479796771634,"ENSG00000080815"
1157.96498704566,0.475993474260037,0.124360137377984,3.82754059537011,0.000129430042450954,0.00160479796771634,"ENSG00000081087"
32.5910695596712,1.32303193939174,0.345693568603169,3.82718123665899,0.000129619078795167,0.00160479796771634,"ENSG00000213763"
213.484762595056,0.692863255469538,0.181058404071928,3.82673899629805,0.000129852071165638,0.00160642366505462,"ENSG00000198517"
165.253768013211,-0.675920508135262,0.176727781784596,-3.8246420642517,0.00013096221296476,0.00161888970298692,"ENSG00000073111"
140.570133645029,-0.807353287826391,0.211159427901893,-3.82342998296764,0.000131607976398957,0.00162560032146264,"ENSG00000185252"
567.381038684919,-0.422181605981309,0.110453615271602,-3.82225248981826,0.000132238184548825,0.0016321084683612,"ENSG00000204406"
1388.22932039069,-0.516047244324937,0.135059397840748,-3.82089104923613,0.000132970387881207,0.00163986431518135,"ENSG00000185532"
1430.65248362838,0.541106584134745,0.141667994714019,3.8195400819152,0.000133700733319424,0.00164758516769131,"ENSG00000101782"
534.125994211279,-0.724548567330344,0.189788968205066,-3.81765375607855,0.000134726823522726,0.00165893558691506,"ENSG00000158467"
269.823621146522,0.543743334919898,0.142485557411795,3.81612947162382,0.000135561392012778,0.00166791189331609,"ENSG00000064652"
2265.19430539906,-0.723965847197274,0.189748279246666,-3.81540138372556,0.000135961747594532,0.00167153594435674,"ENSG00000137273"
10991.9145167071,1.04990589183058,0.275193066106044,3.81516114009212,0.00013609409521547,0.00167186198772472,"ENSG00000150938"
464.757136420878,-0.479156437877165,0.125648239466851,-3.81347514227269,0.000137026313441373,0.00168200598270926,"ENSG00000163818"
245.67425559141,-1.3343480649198,0.350082905097354,-3.81152020133268,0.000138114765781921,0.00169405052004875,"ENSG00000171033"
1063.73321794452,0.838597710110393,0.220146255765408,3.80927537102434,0.000139374664143543,0.00170817761376237,"ENSG00000134508"
1343.66767042733,0.430948096671103,0.113174477181802,3.80782052104234,0.000140196963457666,0.00171692374318156,"ENSG00000135596"
559.918276774017,0.552595736504441,0.14521566707919,3.80534516432786,0.000141606576761311,0.00173284329951603,"ENSG00000102547"
33.2352194862633,1.15672468974765,0.303994448096133,3.80508491846488,0.000141755549007258,0.00173332365574044,"ENSG00000235927"
1935.87017252013,0.561918600291522,0.147795980406458,3.80198838118719,0.000143539460218342,0.00175306354328541,"ENSG00000104695"
674.365369680212,-1.18264592445969,0.311067244116216,-3.8018979716741,0.000143591861312275,0.00175306354328541,"ENSG00000126785"
222.733544214123,-1.17606267173715,0.30937353993335,-3.80143263703326,0.000143861853036912,0.00175500351681632,"ENSG00000185338"
204968.715772056,-0.43729336867356,0.115116799306415,-3.79869290414843,0.000145461191411849,0.00177314498605277,"ENSG00000164692"
1141.29207077795,-0.559753896175802,0.147423877455969,-3.79690119290876,0.000146516154389368,0.00178414833957024,"ENSG00000176845"
3663.41026831502,0.368619420973938,0.0970874642185144,3.7967766893601,0.000146589729381071,0.00178414833957024,"ENSG00000186063"
421.621670655056,0.515505656838637,0.135892938881261,3.79346904322284,0.000148557159239627,0.00180670207980572,"ENSG00000102218"
1226.34734964121,0.517621012640721,0.136590132192138,3.78959302793993,0.000150894294985326,0.00183371390167552,"ENSG00000117280"
151.254162999783,-0.576503095350436,0.15216061886213,-3.7887799067957,0.000151388958300327,0.00183831111700889,"ENSG00000196150"
164.643192439522,-0.81002913862478,0.213808208342083,-3.78857830064584,0.000151511841623667,0.00183839022578394,"ENSG00000161921"
145.252900990717,-0.661007126367092,0.174533233311398,-3.78728517100087,0.000152302267654231,0.00184656272018537,"ENSG00000111206"
103.466574626032,-0.9447979724415,0.249529098149978,-3.7863238373652,0.000152892397026441,0.00185087669595687,"ENSG00000106462"
926.027120714194,-0.919299223606984,0.242784800989569,-3.78647765370815,0.000152797830085916,0.00185087669595687,"ENSG00000167106"
206.105762760483,0.582315018709232,0.153803064059123,3.78610804844165,0.00015302515783712,0.00185106542382145,"ENSG00000177054"
669.845265172533,-0.315085896753169,0.0832371189452824,-3.78540128185235,0.000153460745243833,0.00185491419538032,"ENSG00000230409"
1088.50836306194,0.409884162549963,0.108385763427676,3.7817158784278,0.000155751070164493,0.00188115856762895,"ENSG00000185122"
20425.7990846045,0.37173437808697,0.0983673635865037,3.77904179326784,0.000157433002178067,0.00189856989954893,"ENSG00000113721"
543.920782440619,0.517344366679595,0.136894240616882,3.77915363238294,0.000157362317025976,0.00189856989954893,"ENSG00000171155"
929.663877632777,0.39808336671253,0.105359656220535,3.77832826142938,0.00015788467632181,0.00190188833767196,"ENSG00000172081"
32.1681959254189,1.10036403107239,0.291238209154143,3.77822688262035,0.000157948949172402,0.00190188833767196,"ENSG00000224468"
1374.96402807199,0.54485089743453,0.144295871185418,3.77592853460377,0.000159412695971301,0.00191805161535005,"ENSG00000182551"
194.169032389793,-1.64324276780711,0.435847938273789,-3.77022035326199,0.000163103472898306,0.00196096549836183,"ENSG00000183876"
669.856693988043,0.544000095851373,0.144527805708356,3.76398225369253,0.000167228756539073,0.00200903414129603,"ENSG00000077585"
952.064218530109,0.531347481706169,0.141182678367426,3.76354583898276,0.000167521002883828,0.00201101580817532,"ENSG00000135241"
186.683413174598,-0.634151708989825,0.168557598971907,-3.76222557071139,0.000168408052305944,0.00202012939280889,"ENSG00000154134"
41.7917480787721,-2.33969235741617,0.622058860321202,-3.76120734974832,0.000169095180833847,0.00202683282762755,"ENSG00000150594"
877.432603050295,0.486374252909721,0.129338277964591,3.76048189726847,0.000169586347564506,0.00203117901351332,"ENSG00000100014"
34.5319093743107,-2.022826238388,0.538024009608446,-3.75973228380671,0.000170095282030192,0.00203569677707093,"ENSG00000028277"
172.075532089617,-0.493801970242328,0.131346133630406,-3.75954705779032,0.000170221258546063,0.00203569677707093,"ENSG00000120696"
843.498935953098,0.35263244214362,0.0938324676144641,3.75810688036582,0.000171203754834089,0.00204589782062703,"ENSG00000169359"
12563.6403094748,-0.610097146972331,0.162430529086694,-3.75604974263615,0.000172616398775947,0.00205966304219215,"ENSG00000108828"
1046.25025384064,0.841885659071983,0.224130125337643,3.75623606065323,0.00017248800342545,0.00205966304219215,"ENSG00000122863"
90.9214558409766,1.23614640039747,0.329135494368909,3.75573714031568,0.000172832021029146,0.00206067944771204,"ENSG00000133401"
1133.13068950157,0.325849751133899,0.0867992300539222,3.75406269078045,0.000173991317400128,0.0020729372792513,"ENSG00000164031"
1109.75671291698,0.673377111790748,0.179383373135703,3.7538435141441,0.000174143603344752,0.00207318812783752,"ENSG00000171824"
3494.54738841782,0.766024690795032,0.204152811806699,3.75221229634759,0.000175280932876718,0.00208515676023072,"ENSG00000184743"
351.086211520372,-0.460176587029574,0.122663784291673,-3.75152772015702,0.000175760315871339,0.00208614685960587,"ENSG00000089050"
571.451050778003,-0.59461678069416,0.158489160427098,-3.75178200888807,0.000175582103273383,0.00208614685960587,"ENSG00000181472"
2006.81132465973,0.24511081142611,0.0653358823860066,3.75154972237135,0.000175744889389425,0.00208614685960587,"ENSG00000182446"
48.0358491900197,-1.3670558596382,0.364433929118562,-3.75117614033532,0.000176006992952023,0.00208711964848214,"ENSG00000109674"
706.677283932767,-0.315905410693454,0.0842182110374174,-3.75103444732517,0.000176106500280206,0.00208711964848214,"ENSG00000160766"
107.019354998914,-0.959944156480958,0.255962031611184,-3.75033808896762,0.000176596304058628,0.00209135563082324,"ENSG00000226200"
467.148065600579,0.382234643938278,0.10193346860048,3.74984437580964,0.000176944347265616,0.00209390771393423,"ENSG00000171135"
673.050078745867,0.99297246819321,0.264839910529974,3.74933093054654,0.000177306984765834,0.00209662855189419,"ENSG00000137124"
529.387584265446,0.430987246703562,0.115073911814985,3.74530803642532,0.000180172570115038,0.00212892016655002,"ENSG00000125746"
35.7487840932165,-1.07399744109915,0.286870829704214,-3.743836353827,0.000181231714089009,0.00213983454348144,"ENSG00000206561"
4076.76503644517,0.364827822265779,0.0974544143670255,3.74357410729279,0.000181421061705905,0.00214047045020902,"ENSG00000143549"
651.687227027621,-0.81546496629067,0.21811144679711,-3.73875364299072,0.000184934844550622,0.00218029901060502,"ENSG00000152990"
7205.6772232315,0.485660317621792,0.129921645998686,3.73810163724915,0.00018541499376263,0.00218432965806266,"ENSG00000198121"
2686.89294560889,0.379823063611955,0.101771518825156,3.73211550733061,0.000189878391732477,0.00223524503173598,"ENSG00000112851"
3957.66684721611,-0.667797523492555,0.178946394405453,-3.73183000256195,0.000190093773556817,0.00223611424769218,"ENSG00000185650"
466.312188479995,0.960369435038742,0.257581473876257,3.72841035726081,0.000192691427668096,0.00226498450468793,"ENSG00000076716"
519.72828119519,0.805364734025138,0.216038713229532,3.72787229652434,0.000193103177784659,0.00226813680493832,"ENSG00000028137"
186169.456198858,-0.642347544247233,0.17235709188305,-3.72684139207389,0.000193894386486114,0.00227573812608294,"ENSG00000087086"
2778.10009927297,0.563953751503224,0.151620052900841,3.71951955373639,0.000199602095244565,0.00234099027518458,"ENSG00000108840"
345.796928219559,1.13869621131323,0.306210489377816,3.71867147212013,0.000200273320962315,0.0023453802257692,"ENSG00000115828"
158.968625050528,-0.756606640744264,0.203452161151618,-3.71884297744284,0.00020013740991662,0.0023453802257692,"ENSG00000139880"
51.4858867654652,-1.05562646756749,0.283948287462724,-3.71767154153404,0.000201067453718266,0.00235293602506753,"ENSG00000196511"
1154.6967247333,0.76532428503794,0.205957319694001,3.71593632202543,0.000202452569487046,0.00236739133438664,"ENSG00000183688"
7804.31878318259,1.31227408429018,0.353568233370804,3.71151579931089,0.00020602180583558,0.00240734651522966,"ENSG00000149591"
1227.33640310121,0.365353375661709,0.0984656929559415,3.71046366194962,0.000206879992026196,0.00241380362926871,"ENSG00000004059"
260.398332536442,1.96027329117605,0.528284817564889,3.71063719039262,0.00020673822100457,0.00241380362926871,"ENSG00000176928"
190.272562209631,0.693510749162091,0.18692226963252,3.71015583389554,0.00020713170919849,0.00241495700510535,"ENSG00000123178"
399.811425255081,0.414249154646712,0.111662073973401,3.70984650298891,0.000207384945041791,0.00241612637298688,"ENSG00000145016"
719.158480048593,-0.491344503576483,0.13245658479667,-3.70947585830278,0.00020768875879087,0.00241788283815635,"ENSG00000113810"
1622.0907204048,0.592730918717473,0.159815493280886,3.70884515981008,0.000208206697141321,0.00242212768883548,"ENSG00000007866"
791.025895115503,-0.537091369527645,0.14486953904422,-3.70741408491471,0.000209386418416632,0.00243405933638407,"ENSG00000172301"
1689.21510418856,0.339872860560482,0.0916880186288902,3.70684049718782,0.000209861021394001,0.00243778265881061,"ENSG00000132463"
1854.99724938772,0.836267415884511,0.225667121543903,3.70575655932145,0.000210760662597536,0.00244525248395679,"ENSG00000187239"
54.4907981630403,1.00134524993308,0.270218090502347,3.70569286486904,0.000210813639900567,0.00244525248395679,"ENSG00000250899"
1381.05748986282,0.364774285817352,0.0984427156388206,3.70544720805634,0.000211018079955451,0.0024458280463215,"ENSG00000056586"
1493.77619045303,1.10754355057071,0.299075107837086,3.70322879286234,0.000212872736612978,0.00246268096674902,"ENSG00000081320"
38.6688883523927,1.02396354999607,0.276511573584347,3.70314897392067,0.000212939751903985,0.00246268096674902,"ENSG00000179294"
2079.8396817273,0.247824228150938,0.0669206079959006,3.70325727115509,0.000212848831279581,0.00246268096674902,"ENSG00000198832"
152.229011300464,0.763685048634989,0.206287959701789,3.70203403891811,0.000213877915216893,0.00247172151031197,"ENSG00000103150"
28.8682952034924,-1.23629657082505,0.334011383679162,-3.70136058599902,0.000214446471754318,0.0024764805268821,"ENSG00000119703"
52.5852501920669,-1.12020206870378,0.302723903621387,-3.70040837642212,0.000215252788450583,0.00248397629798562,"ENSG00000176909"
158.376255312837,1.78256293863146,0.482271781202034,3.69617922530845,0.000218868490877815,0.00252385724006403,"ENSG00000175471"
300.19902949332,0.388784452245576,0.105190941127573,3.69598796320366,0.000219033350072081,0.00252391602074306,"ENSG00000143811"
147.172532479244,0.679987420917603,0.184084619577822,3.69388503220464,0.000220853684948414,0.00254303681837831,"ENSG00000134532"
471.357766803385,1.16119410071664,0.314510991230837,3.69206206807691,0.00022244315820021,0.0025594734255258,"ENSG00000254851"
1734.64390954788,0.502744272968755,0.136201183075712,3.69118873724677,0.000223208428965445,0.00256640957845422,"ENSG00000163660"
1215.04681333021,0.379842092972133,0.102930876301813,3.69026386075216,0.000224021561632529,0.00257388554957868,"ENSG00000115307"
1548.42247772981,0.84663564048329,0.229481561742089,3.6893405903992,0.000224836054964087,0.00258136627639727,"ENSG00000213064"
6323.73289834843,0.609639654686001,0.165261218860129,3.68894565156255,0.000225185311402779,0.00258349858354474,"ENSG00000183287"
853.210097279582,-0.794111364632032,0.21531705082683,-3.68810255194653,0.000225932594725935,0.00259019095172737,"ENSG00000124104"
350.080922283445,0.408847799500855,0.110864660625773,3.68780995849465,0.000226192479254198,0.00259128991099189,"ENSG00000163788"
310.607494326882,-0.911724762956126,0.247367899638606,-3.68570361913619,0.000228071648866729,0.00261092457159173,"ENSG00000112320"
260.535723449655,0.54254439666033,0.147257114673473,3.68433401580197,0.000229301390665712,0.00262310164354592,"ENSG00000084444"
1391.79460913351,0.350584509234023,0.0952010350039164,3.68257035461433,0.000230894117318475,0.00263941046700237,"ENSG00000166579"
1210.47500978777,0.483146714476828,0.131236295424179,3.68150223164416,0.000231863759428632,0.00264857821507848,"ENSG00000075142"
2150.97896481638,0.39804538935715,0.108186913218316,3.67923788114663,0.00023393198844241,0.00267027279870895,"ENSG00000102580"
6235.95806329472,-0.275346648343558,0.0749213106838343,-3.67514457275731,0.000237714766019597,0.0027114930495145,"ENSG00000100380"
1352.30310001937,0.371462679136193,0.101117246080795,3.67358382010708,0.000239172170709375,0.00272614859514193,"ENSG00000110768"
160.66587565595,-0.933499346311965,0.254192972656939,-3.67240422327419,0.000240279216283465,0.0027367924000333,"ENSG00000006025"
20.5715655324141,-1.450301618227,0.395054170084798,-3.67114620740667,0.000241465154143837,0.0027463401765042,"ENSG00000123612"
894.187561678898,0.477740414974249,0.130132781285927,3.67117654947035,0.00024143648601582,0.0027463401765042,"ENSG00000132361"
2872.58129733106,0.479804080908053,0.130709893827519,3.67075564716769,0.000241834452868665,0.00274856164490587,"ENSG00000170242"
68.8971590328787,-0.951522286689142,0.259239873106187,-3.67043184865081,0.000242141025963903,0.00275006752564899,"ENSG00000093217"
1917.78492445688,-0.434542038287765,0.118430235182015,-3.66918158711682,0.000243328201303924,0.00276156531910876,"ENSG00000160360"
1018.12117994267,0.576790188574709,0.157244313791966,3.66811476145206,0.000244345511798192,0.00277112016897906,"ENSG00000114626"
377.085505100695,-0.396542177904397,0.108137083035749,-3.66703231465293,0.000245381795281634,0.00278087632844996,"ENSG00000148153"
350.465252604641,0.533036347828264,0.145398123359869,3.66604695790307,0.000246328712557757,0.00278960645232075,"ENSG00000165675"
1087.19716518388,0.34789156471302,0.0949876580538802,3.66249228416269,0.000249773278242387,0.00282658900406392,"ENSG00000148719"
2777.62565779626,-0.289009209587014,0.0789517363526961,-3.66058079199096,0.000251644188505463,0.0028457228990761,"ENSG00000177628"
2634.46629477345,0.522455240111196,0.142748942179157,3.65995875090612,0.000252255852357165,0.00285059939595028,"ENSG00000164754"
435.581789481182,-0.48474707073339,0.132465606954126,-3.65941833415871,0.000252788385193062,0.00285457534616154,"ENSG00000135541"
1643.82795983593,-0.252012023078131,0.0688912474874357,-3.65811379920349,0.000254078236389881,0.00286504495252487,"ENSG00000054965"
1729.92506403214,0.471580853996973,0.128911700293629,3.65816952939749,0.000254023007521612,0.00286504495252487,"ENSG00000162458"
3485.70274327165,0.532037126092057,0.145460119974754,3.65761506442039,0.000254572986304322,0.00286857634638779,"ENSG00000147649"
4997.70551024391,1.42205400695613,0.388813859811731,3.6574159358535,0.000254770776096449,0.00286875888864698,"ENSG00000136546"
1378.55752785516,0.363007216176622,0.099327773314456,3.65463962458314,0.000257543475885421,0.00289791441028339,"ENSG00000101974"
1360.75841733507,0.310194325616308,0.084910969244636,3.65317141443305,0.000259021189941326,0.00291246744390966,"ENSG00000168172"
1026.6513918939,0.309201707355681,0.0846897274431979,3.6509942432282,0.000261227095900752,0.00293518183573263,"ENSG00000162298"
1192.89030208017,0.581359486116225,0.159428304793112,3.64652617281885,0.000265809415262042,0.00298242694766317,"ENSG00000108262"
917.379698695601,0.412684134406231,0.113171046249939,3.64655225944291,0.000265782444254509,0.00298242694766317,"ENSG00000123130"
747.070934753885,-0.846079806807659,0.232373045951143,-3.64104108264583,0.000271537798236422,0.00303985782683868,"ENSG00000137193"
237.568534915654,-0.580173533894134,0.159342602511586,-3.64104467197935,0.000271534012146341,0.00303985782683868,"ENSG00000138380"
1420.45286875844,0.48519309319625,0.133262237327798,3.64088959427248,0.00027169763587139,0.00303985782683868,"ENSG00000168724"
670.493278969824,-0.545586107746937,0.149839072168847,-3.64114713105097,0.000271425957436958,0.00303985782683868,"ENSG00000237172"
44.5464511266789,-1.07767663195534,0.296012935586103,-3.64064033155019,0.000271960828620557,0.00304064909451349,"ENSG00000260230"
321.909064773162,-0.498546289330507,0.136946213468814,-3.64045326046228,0.000272158511109251,0.00304070732567464,"ENSG00000167380"
283.836597735262,0.511828186766716,0.140604759728773,3.64019104156954,0.000272435830784564,0.00304165459698555,"ENSG00000136783"
158.45744711269,-0.53300683001659,0.146501507755853,-3.63823443308757,0.000274513494011778,0.00305836683949089,"ENSG00000182217"
158.45744711269,-0.53300683001659,0.146501507755853,-3.63823443308757,0.000274513494011778,0.00305836683949089,"ENSG00000183941"
2587.46779205978,-0.445661194501902,0.122492665986698,-3.63826838865846,0.000274477311344699,0.00305836683949089,"ENSG00000189339"
1537.38266317969,0.366938060286626,0.100890076512779,3.63700844493014,0.000275822891375381,0.0030702001541145,"ENSG00000124006"
2091.63337847922,0.553814994801613,0.152285248710328,3.63669494906275,0.000276158654196525,0.0030702001541145,"ENSG00000172935"
133.807917735823,-0.550502719777989,0.151373735876996,-3.63671225122776,0.000276140113112505,0.0030702001541145,"ENSG00000189298"
611.724033817876,-0.285385408406851,0.0784832284515435,-3.63625979763372,0.000276625348413967,0.00307322591718977,"ENSG00000138375"
573.128393694074,-0.440513782627823,0.121156455492811,-3.6359084692269,0.000277002682699846,0.00307525536281951,"ENSG00000186260"
29.0592735449272,1.64002641957265,0.451170818629818,3.63504542371185,0.000277931661038336,0.00308340195300817,"ENSG00000259426"
530.390355819416,0.725236213140392,0.199563348817854,3.63411526934402,0.000278936143554016,0.00309237417253779,"ENSG00000166912"
611.392649431455,0.373821466710539,0.102910959456037,3.63247479847113,0.000280715999106931,0.00310992381058296,"ENSG00000102900"
215.211129993934,0.559508824504942,0.154061769316079,3.63171750518477,0.000281541222063705,0.00311688032667303,"ENSG00000070371"
390.833263150798,-0.436900659253782,0.120412032506087,-3.62838040485444,0.000285204814236694,0.00315522804993788,"ENSG00000263563"
1094.41442829799,-0.62556323019569,0.172424314533873,-3.62804533622083,0.000285575122222548,0.00315711391243653,"ENSG00000078269"
3026.67895616899,-0.302600971339285,0.083462133431843,-3.62560791219644,0.000288282479562545,0.00318481581267768,"ENSG00000116171"
665.662297786992,1.2031246592499,0.331970604399048,3.6241903448887,0.000289868075520941,0.00319575834055269,"ENSG00000102466"
2514.67267577285,0.568389283034381,0.156832496441775,3.62418054886601,0.000289879061065802,0.00319575834055269,"ENSG00000110422"
12136.6237855397,0.710203645429736,0.19596258294834,3.62417985487036,0.000289879839347512,0.00319575834055269,"ENSG00000173706"
159.596575018425,0.483321349262623,0.133421822473597,3.62250597617393,0.000291762718193577,0.00321279623328534,"ENSG00000154743"
361.116741140488,-0.548498331806421,0.151416626426794,-3.62244454093424,0.000291832041699232,0.00321279623328534,"ENSG00000170854"
206.25646410038,0.540894255161799,0.149404395867482,3.62033695207709,0.000294219609691502,0.00323682548322169,"ENSG00000175324"
617.318750386286,0.411994957810315,0.113819915022713,3.61970888598979,0.000294934641160003,0.00324243386294065,"ENSG00000123342"
2176.9152579289,0.231919071414577,0.0640887261319687,3.61871869534463,0.000296065245615189,0.00325259996538856,"ENSG00000157916"
292.533985421008,-0.791217777637217,0.218701942541278,-3.61779035176097,0.000297128918695361,0.00326201713519758,"ENSG00000080493"
837.777198894213,0.31285798326146,0.0866038608837685,3.61251773383808,0.000303238361219033,0.00332677752120714,"ENSG00000164081"
218.302029114099,-0.503166298532404,0.139299861141252,-3.61210911776996,0.000303716707962131,0.00332740398917181,"ENSG00000148814"
117.514664159631,0.844186340884114,0.233702039201007,3.61223352509145,0.000303570995660709,0.00332740398917181,"ENSG00000197905"
199.720008713609,-0.970522708123809,0.26900755289634,-3.60778980989353,0.000308816505747984,0.00338093080929081,"ENSG00000157601"
1249.09027857274,0.406466521150073,0.11271413303363,3.60617173916244,0.000310747518515804,0.00339971557999492,"ENSG00000168538"
11.46474695578,2.84154510199973,0.788175918883252,3.60521684806845,0.000311892388099784,0.00340987954823556,"ENSG00000254842"
4681.98278468292,1.39063367883452,0.38579470748826,3.60459501346797,0.000312640060471659,0.0034156899552775,"ENSG00000213626"
36.2564920286995,-1.13015355535985,0.313644124492999,-3.60329898475453,0.000314203756913342,0.00343040148701934,"ENSG00000091428"
12294.6835047402,0.672052353465235,0.18653584023955,3.60280551234648,0.000314801068107947,0.00343454922235452,"ENSG00000105974"
41.0416965720712,1.4309805108126,0.397272178554182,3.60201541426952,0.000315759636344196,0.00344262990680856,"ENSG00000198108"
5671.09891131762,0.814453397775278,0.226195868316819,3.6006555019587,0.000317415920326355,0.00345830117883846,"ENSG00000106772"
171.870699365926,0.97990696578349,0.27217194168075,3.60032323586423,0.000317821833090878,0.00346033722892467,"ENSG00000145386"
348.72529058191,-0.508111468563239,0.14114480998842,-3.59993023197188,0.000318302573420554,0.00346318461081124,"ENSG00000148356"
1667.9273875261,-0.410788237738461,0.114119479935274,-3.5996329283261,0.000318666700982409,0.00346476018039924,"ENSG00000147475"
486.538677811034,0.34186223402113,0.0949981386033175,3.59862034190627,0.000319909810652125,0.00347588389868106,"ENSG00000176148"
594.87688191621,0.455767198861926,0.126741698419819,3.5960319653619,0.000323108113772147,0.00350581180039311,"ENSG00000100605"
1451.83465990253,-0.20491347690265,0.056982062265765,-3.59610496276761,0.000323017506576488,0.00350581180039311,"ENSG00000102226"
1554.75288042439,0.317798503911044,0.0884848757331684,3.59155732861495,0.000328707847562014,0.00356412256402519,"ENSG00000088854"
2581.79203143879,0.347885956696389,0.0968690745938558,3.59130050694687,0.000329031984173979,0.00356519018242834,"ENSG00000172354"
179.500811163546,-0.765997633823307,0.213447357675614,-3.58869578974798,0.000332336361469937,0.00359797513742164,"ENSG00000130584"
23.0227895141737,-1.70099441355062,0.474005116868883,-3.58855707041057,0.000332513210573212,0.00359797513742164,"ENSG00000172497"
58.9010734044994,-0.866552928209743,0.241641229284109,-3.58611372230231,0.000335642633221081,0.00362935134813596,"ENSG00000237149"
97.7205817236024,-0.729141012318478,0.203419292372758,-3.58442409180324,0.000337822794017499,0.00365042715450646,"ENSG00000164850"
1302.50171170982,0.403252295798567,0.112524294322257,3.58369095516118,0.000338772889155768,0.003658191457883,"ENSG00000135272"
68.27826829606,-0.767863118126928,0.214278008785413,-3.58349007665036,0.000339033650019118,0.00365850655942761,"ENSG00000049089"
446.753506947883,-0.963040791419794,0.268785637501607,-3.58293248244724,0.00033975844875167,0.00366132603913976,"ENSG00000017483"
543.505906266896,0.380178050863429,0.106103562323534,3.58308470081503,0.00033956044127835,0.00366132603913976,"ENSG00000105186"
116.847434753062,-0.557987402296548,0.155744025298531,-3.5827210785582,0.000340033624656931,0.00366179359395378,"ENSG00000196409"
6729.97812035117,0.318760708411192,0.08904755912098,3.57966811845032,0.000344030859327141,0.0037023157463557,"ENSG00000171603"
1995.13453436072,0.493917595950461,0.137996080278395,3.57921467735915,0.000344628284492649,0.00370440143290661,"ENSG00000090565"
296.90415637206,0.523676464121614,0.146312463040219,3.57916511854265,0.000344693638838633,0.00370440143290661,"ENSG00000141452"
648.199183707214,0.445256441397797,0.124471033483957,3.57718923780918,0.000347308743518192,0.00372996840931367,"ENSG00000254986"
30.1895318180737,1.14258727872602,0.319507477816381,3.5760893188943,0.000348772530236047,0.00374314431567192,"ENSG00000225313"
36.2295055207257,-1.13738716309516,0.318215896736265,-3.57426255181028,0.000351216373391665,0.00376412792588102,"ENSG00000102935"
2940.01719011989,0.486416779750884,0.136090576870423,3.57421351967684,0.000351282188605643,0.00376412792588102,"ENSG00000198873"
70.0223117341233,-1.10247047252435,0.308461510899801,-3.57409412055456,0.000351442504790132,0.00376412792588102,"ENSG00000259583"
2951.47402304644,-0.47570084131307,0.133118798878212,-3.57350611124638,0.000352233018689675,0.00377003877321104,"ENSG00000147274"
368.370435530952,0.614149819829089,0.172116239854661,3.56822703277558,0.00035940502248169,0.00384419806713998,"ENSG00000150990"
651.942560203924,0.460726831026086,0.129169199195201,3.56684746748205,0.000361301640454292,0.00386186963186529,"ENSG00000111684"
2670.70040068801,0.271870222627379,0.0762397198269698,3.56599189037424,0.000362482580255051,0.00387136541938728,"ENSG00000022840"
567.957352411008,-1.25834825070504,0.352888819701929,-3.56584901660506,0.000362680138036029,0.00387136541938728,"ENSG00000125398"
50.6941393440083,1.40035415048356,0.393046981319411,3.56281619510916,0.000366897578093315,0.00391373932391505,"ENSG00000135917"
74.0367154367488,-1.02059225999092,0.286556668046845,-3.56157219075453,0.000368640715227975,0.00392968017487959,"ENSG00000056736"
1583.09769678099,0.283328797516645,0.0795725888855624,3.56063314622219,0.000369961658223593,0.00394110200715868,"ENSG00000146433"
258.337064995182,-0.712354164972477,0.200108820167583,-3.55983391624571,0.000371089410250231,0.00395045182151829,"ENSG00000186665"
4610.49527363658,-0.737224935040854,0.207157849393323,-3.55875935765828,0.000372610729937873,0.00396397596737947,"ENSG00000164920"
20.5580625574034,2.4178936645985,0.67947464205697,3.55847520266367,0.000373013999544451,0.00396559566945036,"ENSG00000145569"
1786.31359996835,-0.347297189828455,0.0976060244320196,-3.55815321697012,0.000373471451142905,0.00396778882660095,"ENSG00000086015"
79.4706097614882,-0.98117170151841,0.275801386606234,-3.55752998051182,0.000374358386133913,0.00397453883342981,"ENSG00000186310"
52.5036504775172,-0.825706921236352,0.232266415444289,-3.55499920062445,0.000377980238602539,0.00401029671554259,"ENSG00000258130"
121.304127580335,-0.829577719344261,0.23344031202293,-3.55370378044548,0.00037984679005575,0.00402739569751727,"ENSG00000188015"
318.125719113131,-0.7377385959063,0.207944069201005,-3.5477741622589,0.000388501183759608,0.004116392824302,"ENSG00000167995"
543.067002884116,-0.89205225862004,0.251499452560438,-3.54693519026913,0.000389740455261033,0.00412675583928539,"ENSG00000163947"
226.350507409063,-0.447566229448844,0.126202038150669,-3.54642631773116,0.000390493925435407,0.00412919881795754,"ENSG00000051825"
528.024921116108,0.972536950515609,0.274229847127515,3.54642997727153,0.000390488502023172,0.00412919881795754,"ENSG00000122971"
2140.01394408764,-0.473849393001337,0.133678522077965,-3.54469353517369,0.000393069818535633,0.00415365685165615,"ENSG00000143702"
39.3866946448047,-2.08581492583055,0.588761889215717,-3.54271389510118,0.000396032109222973,0.00418216260795757,"ENSG00000117600"
258.497619806743,-0.572445738634866,0.161598945781264,-3.54238535324181,0.000396525745672453,0.00418457831004236,"ENSG00000198105"
301.904492284587,-0.568353526914996,0.160490075350271,-3.54136245294021,0.000398066344334215,0.00419523155956766,"ENSG00000120318"
1232.07479349872,0.683076416634286,0.192884105774051,3.54138260326364,0.000398035941842346,0.00419523155956766,"ENSG00000147202"
4159.83390630749,0.347032413402576,0.0980194537092868,3.54044427172416,0.000399453985796446,0.00420704937840817,"ENSG00000137693"
274.304293481466,-0.564716473330346,0.159518323370589,-3.54013546154451,0.000399921703345047,0.00420916926678552,"ENSG00000068784"
1670.31032669781,0.318453210889541,0.089976194856813,3.53930516172999,0.000401181796806682,0.00421962052327028,"ENSG00000058272"
78.5499113815573,1.31927401179181,0.372908242629895,3.5377979378728,0.000403478698064016,0.00424095573653714,"ENSG00000261589"
2051.88298817077,-0.247487842981562,0.0700374144071491,-3.53365190700557,0.000409860485748416,0.00430230960388935,"ENSG00000111481"
2762.47257304309,0.412623837762685,0.11676927019514,3.53366803674567,0.000409835476334586,0.00430230960388935,"ENSG00000162368"
1246.74072251391,0.474903165372994,0.134427014965069,3.53279558797313,0.000411190270358034,0.0043105400737334,"ENSG00000087191"
260.475430032851,-0.774978205231302,0.219360249963466,-3.53290172380991,0.000411025232668068,0.0043105400737334,"ENSG00000088826"
22121.9612600166,-0.633648687832359,0.179485719382725,-3.53035712262547,0.000414999092062857,0.00434470222426044,"ENSG00000116016"
424.278810467997,-0.599938937194278,0.169931435074301,-3.53047649442823,0.00041481187185102,0.00434470222426044,"ENSG00000152926"
296.399345854373,-0.410819100023639,0.116382155115249,-3.52991487068461,0.000415693398672758,0.00434908894849817,"ENSG00000065491"
380.072902843963,0.502400355492312,0.142345230667782,3.52944986730788,0.00041642459345476,0.00435385554427419,"ENSG00000166189"
2893.15124545644,0.514841608496682,0.14590653348679,3.52857131338327,0.000417809355658266,0.00436544457717545,"ENSG00000110906"
671.843652386618,-0.28791244686291,0.0816913438745759,-3.5243935673889,0.000424453293971465,0.00443193201464719,"ENSG00000178567"
419.401892113897,-0.38068642549079,0.108023000651281,-3.52412378100584,0.000424885712887595,0.00443351683764744,"ENSG00000110442"
1298.0632777374,0.264220242173881,0.0749894123011047,3.52343396309013,0.000425993237866139,0.00444213938733285,"ENSG00000108588"
590.345649846102,-0.4213281570774,0.119606847893061,-3.52260898518204,0.000427321306092819,0.00444806953481248,"ENSG00000131323"
747.203033168382,0.968385054506726,0.274909762246334,3.52255608019842,0.000427406605509896,0.00444806953481248,"ENSG00000154027"
718.441978889589,0.324094043596118,0.0920028111560669,3.52265370507373,0.000427249216006398,0.00444806953481248,"ENSG00000159593"
31.8627117165465,-1.50109016176665,0.426177995856401,-3.52221413672524,0.00042795830913776,0.00445002071995382,"ENSG00000121621"
3609.21071740505,0.727172830691614,0.20646055723066,3.52209080729743,0.000428157456281163,0.00445002071995382,"ENSG00000169047"
340.357376859107,-0.50419162446889,0.14316587117011,-3.52173056572825,0.000428739654736425,0.00445009549331464,"ENSG00000007944"
1568.16497863691,0.533374523522817,0.151455399108609,3.52166067807417,0.00042885268808701,0.00445009549331464,"ENSG00000068305"
361.891986875215,-0.46642728840721,0.132448917236516,-3.52156361968821,0.000429009712388795,0.00445009549331464,"ENSG00000114735"
1529.7658250035,-0.397664564187286,0.112953448289821,-3.52060579121887,0.000430562200757329,0.00446326879761436,"ENSG00000031823"
847.271750743259,0.524471156413988,0.149019580296459,3.51947814757367,0.000432396654927809,0.00447934580626199,"ENSG00000166398"
52.7424831612736,-1.5896933876561,0.452103445017515,-3.51621604563203,0.00043774462266973,0.00453177558908021,"ENSG00000186198"
695.298688728948,0.556237999025225,0.158246370779255,3.51501267476867,0.00043973300044602,0.00454937913624507,"ENSG00000136111"
148.619810996948,0.924606262481809,0.263398994046334,3.51028775120972,0.000447622006070215,0.00462796626433066,"ENSG00000162687"
1801.08434833868,-0.263361969025681,0.0750498576752641,-3.50916013945331,0.00044952415706055,0.00464459295830122,"ENSG00000197006"
2396.21472183422,-0.447433158859131,0.127518103893843,-3.50878146080036,0.000450164634514422,0.0046481705202999,"ENSG00000163629"
9957.69412418802,0.201695868687124,0.0574892150993446,3.50841228808886,0.000450789853874479,0.00465158596440824,"ENSG00000065308"
1107.22134043858,0.887482009964848,0.253008921583484,3.5077103384752,0.00045198088975541,0.00466083165558484,"ENSG00000196781"
737.35270566687,0.39830964967247,0.113597695046363,3.50631805962178,0.000454351938606315,0.00468222565303494,"ENSG00000122490"
89.3278583349509,-1.62075929106682,0.462366840505955,-3.50535364796764,0.000456001129497422,0.00469615765567162,"ENSG00000272168"
2107.88551091047,0.499313079677088,0.142454500742917,3.50507058094417,0.000456486247265385,0.00469809103211632,"ENSG00000108861"
45.1636609456436,-2.17899142118855,0.621787299802175,-3.50440001248306,0.000457637383990528,0.00470687200018383,"ENSG00000149403"
1263.48146810173,0.382226646365188,0.109090863425649,3.50374572500927,0.000458763182230897,0.00471231518392959,"ENSG00000143398"
1398.55576540618,0.619402084441677,0.176779376571862,3.50381416912558,0.000458645293106163,0.00471231518392959,"ENSG00000153823"
2964.51713275918,0.639855007652601,0.182663717772565,3.50291243085989,0.00046020072947656,0.00472400982733639,"ENSG00000133818"
852.023357262185,0.584915869736996,0.167017784868326,3.5021172757029,0.000461576399713094,0.00473505452121263,"ENSG00000182054"
26.1418132524416,-2.7476162693622,0.78478142870928,-3.50112294818338,0.000463302050170164,0.00474967280245831,"ENSG00000124134"
27.890746174031,1.8859203823604,0.538696877040133,3.50089347597962,0.000463701152003671,0.00475068145223995,"ENSG00000165899"
1606.0380860048,0.556116861647076,0.158860529669343,3.50066100625873,0.000464105794231876,0.00475174551994503,"ENSG00000164023"
255.49128086982,-0.635140087576611,0.18145293714532,-3.50030204839257,0.000464731251832178,0.0047523079705718,"ENSG00000087076"
425.409235306963,-0.742625019728645,0.212161349264449,-3.50028420493781,0.000464762363244299,0.0047523079705718,"ENSG00000225151"
105.515170719115,-0.673111834633215,0.192312548484792,-3.50009315531714,0.000465095594507687,0.00475263919924479,"ENSG00000034533"
1028.70410353673,0.325802762987174,0.0931013851780559,3.49944055466069,0.000466235551137192,0.00476120829790908,"ENSG00000110911"
465.145490895179,0.943528332859037,0.269856937838717,3.49640198401328,0.000471577704742255,0.00481265153715643,"ENSG00000177425"
1106.54173119753,-0.349879907574941,0.10011032446306,-3.49494329832127,0.000474162476303778,0.00483278632299811,"ENSG00000086102"
648.590083349631,0.348499401174612,0.0997123310209502,3.49504818116618,0.000473976185244496,0.00483278632299811,"ENSG00000168924"
353.274501516693,-0.742837199230462,0.212567103867554,-3.49460093172887,0.000474771057283043,0.00483403043588191,"ENSG00000132199"
941.289298790868,0.305309729699411,0.087367884851582,3.49453040116585,0.000474896520856357,0.00483403043588191,"ENSG00000134371"
1359.19842573361,0.40882968845515,0.117033762501605,3.4932627962768,0.000477156684368483,0.00485390940093579,"ENSG00000160746"
550.109744872703,-0.370273866503518,0.106075466860622,-3.49066450011519,0.000481820891798276,0.00489820234789522,"ENSG00000122507"
260.280397372057,-0.433738439102217,0.124274135332417,-3.4901746686229,0.000482704939514978,0.0049040338485258,"ENSG00000124459"
505.983283210314,-0.339274393778811,0.0972171479039613,-3.48986162517309,0.000483270712345041,0.00490662642263944,"ENSG00000148925"
655.52578253218,-0.652338194906034,0.187081946063353,-3.48691153065688,0.000488632968050914,0.00495788287043567,"ENSG00000157657"
704.407217059669,0.489954159678515,0.140540185849239,3.48622108842307,0.000489895941554756,0.0049675071146868,"ENSG00000161326"
393.789971094418,-0.442983646634558,0.127081284844914,-3.48582914608678,0.000490614245762021,0.00496841272727462,"ENSG00000070718"
2732.49310635478,0.550515670049155,0.157927217350589,3.48588216321854,0.000490517025008036,0.00496841272727462,"ENSG00000167291"
496.998050128226,0.371830521333266,0.106703876379526,3.48469553262278,0.000492697326709808,0.00498631157422265,"ENSG00000143862"
19.0629193703323,-1.77406362007402,0.509279959514525,-3.48347424030815,0.00049495074982124,0.0050059103365403,"ENSG00000128594"
15061.9862822218,0.514449454881002,0.147724204832274,3.48249940126676,0.000496756331614216,0.00502095747078784,"ENSG00000136156"
99.7363763305851,0.688855294387222,0.197866347060264,3.48141715163628,0.000498768050685011,0.00503806756056382,"ENSG00000137269"
403.177573075057,-0.519934615470158,0.14938180970772,-3.48057515494999,0.000500338431182131,0.0050442543304501,"ENSG00000110583"
207.243576742472,0.860281082615182,0.247155114235085,3.48073348705589,0.000500042779666155,0.0050442543304501,"ENSG00000123104"
454.191776242701,-0.483955558505977,0.139034161597444,-3.48083919049484,0.000499845491666007,0.0050442543304501,"ENSG00000170456"
87.9988383453383,0.78556101715508,0.225721843965072,3.48021708203233,0.000501007657343057,0.00504777995580716,"ENSG00000158201"
1475.64375465387,0.612718714969154,0.176084673868231,3.47968225461615,0.00050200878602055,0.00505464295828722,"ENSG00000105971"
616.126513808808,-0.402961835738888,0.115873566110703,-3.47759932885734,0.000505925560876367,0.00509083567562092,"ENSG00000101843"
257.461873244039,0.634873284726557,0.182789224695911,3.47325333745868,0.0005141897568782,0.00517070005038943,"ENSG00000236739"
2874.07288344433,0.739588599232536,0.213323289487605,3.46698478637284,0.000526331678892164,0.00528943248291247,"ENSG00000107438"
11.5744381912743,-1.88290975306098,0.543314346234725,-3.46559918049268,0.000529051353525034,0.00531338415956038,"ENSG00000261827"
44.4786862461236,0.885467497347775,0.255516283056555,3.46540536186412,0.000529432824118044,0.00531383720166256,"ENSG00000138696"
633.941924489473,1.56452070363493,0.451538196979066,3.46486900577198,0.000530489807747959,0.00532106538590619,"ENSG00000035664"
239.408706094161,-0.40564442018319,0.117195980043097,-3.46124858577931,0.000537676074848981,0.00538972501933007,"ENSG00000112972"
33.1896163324598,-1.19149784792297,0.344292147593828,-3.46071746407827,0.00053873790949922,0.00539694451126739,"ENSG00000171817"
957.215135687844,-0.451343200658736,0.130444920762319,-3.46002893804595,0.000540117339880082,0.00540733443309603,"ENSG00000164172"
1809.99269446779,0.312604362784025,0.0903642783998445,3.45937983813483,0.000541420794662664,0.00541695105388269,"ENSG00000099341"
341.195709358446,-0.816213052317226,0.235998936084491,-3.45854547422624,0.00054310058214263,0.00542411702644325,"ENSG00000135723"
6809.36980512746,0.354536553197277,0.102507481753762,3.45864074633036,0.000542908529823456,0.00542411702644325,"ENSG00000153113"
1142.40540461957,0.387864544650912,0.112147793009254,3.45851250607229,0.000543167055059705,0.00542411702644325,"ENSG00000153179"
586.612551370647,-0.327777266671472,0.0947973275474506,-3.45766357714466,0.000544881343334621,0.00543779877574248,"ENSG00000163755"
11.2334377544159,-2.7777431548977,0.803524460719882,-3.45694909201532,0.00054632804683358,0.00544879449739703,"ENSG00000140600"
578.989704259543,-0.602085615187404,0.174184280574322,-3.45660132591875,0.000547033504437873,0.00544895038027082,"ENSG00000134986"
13950.406805813,0.970071580390537,0.280641320469162,3.45662420191304,0.000546987073495284,0.00544895038027082,"ENSG00000187134"
3288.53529824314,0.693065228999559,0.20053159861591,3.45613974946177,0.000547971141631885,0.00545485072180247,"ENSG00000148730"
685.702519898199,0.333487566720709,0.0965358274242181,3.45454714191476,0.000551217839886373,0.0054802639613121,"ENSG00000132357"
2949.36654745795,0.371993228341505,0.107677324197858,3.45470349595579,0.000550898304245383,0.0054802639613121,"ENSG00000146535"
517.836632044236,-0.431577607650985,0.124977717267828,-3.45323644154992,0.000553903273146644,0.00550349931394382,"ENSG00000130338"
117.051345061499,-0.813409022799101,0.235645600014527,-3.4518320000414,0.000556794289939966,0.00552874682116378,"ENSG00000120217"
209.13506813403,1.08706827032908,0.315183598290623,3.44900012635403,0.000562666438781458,0.00557815387701589,"ENSG00000100767"
349.088410937701,-0.972455023574543,0.281959125077831,-3.448921978695,0.000562829299909059,0.00557815387701589,"ENSG00000136052"
977.392366270977,0.315939404159423,0.0915969513174596,3.44923493211505,0.000562177363361977,0.00557815387701589,"ENSG00000205937"
334.419775095649,-3.12022336483044,0.90485888831771,-3.44829829834735,0.000564130635160548,0.00558754593997889,"ENSG00000105989"
808.456330285504,0.465265741115654,0.13496242566963,3.44737239870425,0.000566067732416978,0.00560321932125528,"ENSG00000135823"
456.878436941235,0.413915360847314,0.120084480033101,3.44686807765016,0.000567125438903285,0.00561017387839329,"ENSG00000150768"
17.0193332164227,-1.60417642223182,0.46547474970405,-3.44632318563308,0.000568270302727539,0.00561798137827888,"ENSG00000064201"
13051.4613510209,0.524104631373401,0.152131919443565,3.44506684258212,0.000570918191775236,0.00564062888909642,"ENSG00000148180"
544.079546176413,-0.361279794458903,0.104876910465019,-3.44479821971307,0.00057148583455332,0.00564270825892084,"ENSG00000138002"
2099.5111643725,0.333993950673535,0.0969710385987121,3.44426496302341,0.000572614248135192,0.00565031848347268,"ENSG00000105993"
446.61373709412,0.379634712328609,0.110262298068458,3.44301469295431,0.000575268058775004,0.00566942282752808,"ENSG00000122376"
311.477559417369,-0.559973308103048,0.162635584353984,-3.44311677132255,0.000575050959671488,0.00566942282752808,"ENSG00000166123"
716.955442857687,0.482519256966811,0.140160897633914,3.44260963729772,0.00057613027896573,0.00567438039096047,"ENSG00000161091"
19.9828272016845,-1.42563214497062,0.414258820399869,-3.44140444274551,0.000578702833427017,0.00569616658098443,"ENSG00000124466"
638.483218632763,0.27799011163922,0.0808013119244237,3.44041581774357,0.000580821089021945,0.00571345676486219,"ENSG00000154114"
353.626715934234,-0.783373275050755,0.227811368328034,-3.43869263768588,0.000584530488798179,0.00573922477441494,"ENSG00000124608"
516.701116857203,1.03346563102208,0.300514376920297,3.43898898153606,0.000583890998566996,0.00573922477441494,"ENSG00000132170"
1926.07605816045,0.402831033028134,0.117143001737994,3.43879725678467,0.00058430465334541,0.00573922477441494,"ENSG00000254893"
247.626405684507,-0.649899914084453,0.189056927621015,-3.43758846746546,0.000586918959691329,0.00575909672372895,"ENSG00000137821"
21.1657640117293,-2.57084344752493,0.748070444768875,-3.43663282716538,0.000588993471483244,0.00577586521569975,"ENSG00000095585"
450.585171196185,0.440087922423209,0.128090312215227,3.435762742804,0.000590888192398747,0.00579085090788797,"ENSG00000147324"
60.698293698792,-1.08647263223759,0.316280144874445,-3.43515914560142,0.000592205934778677,0.00580016699171329,"ENSG00000173114"
879.404422923853,0.593867114536036,0.172907737932933,3.43458957728303,0.000593451895120689,0.00580876892138578,"ENSG00000006607"
17.5557115046123,-2.57040561524621,0.748567492376079,-3.43376601498859,0.000595257796014395,0.00581336700268548,"ENSG00000015520"
2380.18824896755,0.340499028186244,0.0991500530127761,3.43417898266144,0.000594351605325197,0.00581336700268548,"ENSG00000135956"
3247.76215973622,-0.478441854455909,0.139336945948566,-3.43370418519521,0.000595393582120845,0.00581336700268548,"ENSG00000137309"
2654.8818313921,0.425111471061833,0.123796986064715,3.43394039366682,0.000594874993483246,0.00581336700268548,"ENSG00000146966"
485.355690129732,-1.08885993093332,0.317213566820092,-3.43257680258949,0.000597874519191903,0.00583038373715659,"ENSG00000107821"
75.3317208124898,0.945326032460802,0.275391232348072,3.43266568220294,0.000597678580379444,0.00583038373715659,"ENSG00000184788"
303.542404353748,0.358479883514448,0.104513133083957,3.4299984407364,0.000603584717745141,0.0058788109561885,"ENSG00000135776"
729.042311967808,0.317985809578807,0.0927041137380615,3.43011541512912,0.000603324563758193,0.0058788109561885,"ENSG00000198954"
3455.73937362402,0.262389436293911,0.0765191526604769,3.42906876475957,0.000605656055759372,0.00589535081262265,"ENSG00000014216"
404.348140160054,0.576793593983594,0.168258246878153,3.42802569672136,0.000607987907672199,0.00591440453534816,"ENSG00000106993"
1206.82323136247,-0.442912129492538,0.12921555306102,-3.42769983179485,0.000608718112709903,0.00591676333690766,"ENSG00000131899"
2234.55628755024,0.459918747665926,0.134181639809301,3.42758329917239,0.000608979439537401,0.00591676333690766,"ENSG00000146278"
3821.82135693043,0.864367466286532,0.252363511815264,3.42508891269222,0.000614598249856099,0.00596768478870722,"ENSG00000118762"
263.192982621823,1.04806347859881,0.306163178839235,3.42321856786424,0.000618842961482359,0.00600181192723056,"ENSG00000117479"
1381.99843034133,0.971550341645866,0.283813035905093,3.42320548648355,0.000618872745249941,0.00600181192723056,"ENSG00000164930"
349.208123884247,-0.437749072612562,0.127901730706615,-3.42254221419946,0.000620384637084021,0.0060127831267812,"ENSG00000196295"
2422.11013935175,0.271676155368969,0.0794139963032554,3.42101100581224,0.000623888074506809,0.00603751269899967,"ENSG00000156261"
136.240167425858,0.644190878552235,0.188293481593193,3.4212064756655,0.000623439812633771,0.00603751269899967,"ENSG00000183655"
96.9172961578932,-0.717049197640665,0.209606743581745,-3.4209261848535,0.000624082683723665,0.00603751269899967,"ENSG00000198416"
303.998406786842,-0.518843089398399,0.151697511634392,-3.42024785910049,0.000625641035484702,0.00604888438102039,"ENSG00000197380"
868.190108317773,0.647562008468586,0.189402608655752,3.41897090575748,0.000628584471255824,0.00607362536813426,"ENSG00000162604"
81.6961335813721,0.630874986802775,0.184577549594201,3.41793998343662,0.000630970187627923,0.00609295050375668,"ENSG00000181819"
3132.01682173122,0.451603365654917,0.132179591473119,3.41658920731917,0.000634108845909578,0.00611250128467792,"ENSG00000164574"
75.6595300271413,-0.77770792051718,0.227628327357801,-3.41656914824457,0.000634155564349102,0.00611250128467792,"ENSG00000247796"
22.8619491124376,-1.95917612248034,0.573385372031272,-3.41685752383213,0.000633484233081883,0.00611250128467792,"ENSG00000261425"
26.3990299841386,-1.4977091656266,0.43842243654415,-3.41613257166362,0.000635173163354312,0.00611857660650696,"ENSG00000145242"
9782.57000601734,0.61756393536936,0.180801194752953,3.41570715953067,0.000636166200594783,0.00612440806642071,"ENSG00000067167"
1609.83463815864,-0.430951515006362,0.126321642586473,-3.41154141271839,0.000645966880994047,0.00621497246403408,"ENSG00000134874"
199.478740921314,0.470223819295421,0.137852356249556,3.4110684219584,0.000647088512111112,0.00622197462832096,"ENSG00000204516"
603.703687533433,0.370319482067377,0.108612883434159,3.40953550222119,0.000650736075838048,0.00625324119591818,"ENSG00000173915"
58.5223466050529,-0.962490990345256,0.282321128244956,-3.40920637547945,0.000651521718283389,0.00625698486652947,"ENSG00000197959"
1607.9798530815,0.43854727854179,0.128663293317359,3.40848790074164,0.000653239819978231,0.0062682659206449,"ENSG00000100528"
358.725260769757,-0.732415686092608,0.214886527814787,-3.40838345493619,0.000653489933618316,0.0062682659206449,"ENSG00000128805"
89.020336395876,-0.730936917325911,0.214573719065449,-3.4064605885074,0.000658110513202347,0.00630875599973949,"ENSG00000198566"
1329.79727569839,0.442322562618767,0.129877327892829,3.40569497228767,0.000659958703621867,0.00632263650686371,"ENSG00000133639"
107.736692095892,-0.602822827858737,0.177056095659969,-3.40469965528009,0.000662368605419507,0.00634187832025295,"ENSG00000196659"
830.990364695915,-0.411177967941646,0.120947795217818,-3.39963177667805,0.000674766563295324,0.00644885793523262,"ENSG00000048342"
41.2504990160332,-0.905851586362664,0.266445041210024,-3.3997689814337,0.00067442808601284,0.00644885793523262,"ENSG00000105750"
137.12268373326,-1.16004568890646,0.34119546331886,-3.39994464645725,0.000673994959584169,0.00644885793523262,"ENSG00000235649"
383.8387987584,0.835475589550542,0.245796935759698,3.39904802705653,0.000676208410501575,0.00645873063428288,"ENSG00000166263"
1259.93963861266,0.376020204545058,0.110693251528951,3.39695689982249,0.000681396983691465,0.00650435622257267,"ENSG00000148411"
1320.1281794886,0.307109193520262,0.0904464491763761,3.39548093172105,0.000685081456808892,0.00653557781078917,"ENSG00000140497"
514.451259058791,0.536151202534049,0.157969175805157,3.3940241809918,0.00068873610862061,0.00656647739528569,"ENSG00000150977"
479.233090631753,0.716546943247003,0.211193061288193,3.3928526764864,0.00069168828061177,0.0065906462346832,"ENSG00000196843"
14.1541487060377,-1.54882404818738,0.456649870222934,-3.3917102558931,0.000694578484541653,0.00661419584013806,"ENSG00000159713"
1088.28817714424,-0.242991563927035,0.071683260426875,-3.3897950857706,0.000699448855706458,0.00665643193774923,"ENSG00000074201"
19218.2344804899,0.74704664864564,0.220391450360483,3.38963533940964,0.000699856529218982,0.00665643193774923,"ENSG00000198467"
4227.17929214527,-0.874493031743213,0.258059875235157,-3.38872143895416,0.000702193056105132,0.00667463652247225,"ENSG00000135318"
496.425001512289,0.869576170294343,0.256720505334236,3.38724859224705,0.000705973875298793,0.00670356707530792,"ENSG00000067177"
52.5668034416911,-0.844144161176763,0.249215529434934,-3.38720529611761,0.000706085302779616,0.00670356707530792,"ENSG00000267002"
850.389567167228,1.04266381703003,0.30789956902817,3.38637634447171,0.000708221857829461,0.00671653037018019,"ENSG00000069431"
146.683643240998,1.33654629215135,0.394706096931067,3.38618101555389,0.000708726175914063,0.00671653037018019,"ENSG00000140511"
647.152347001264,-0.458144438457681,0.13529581561539,-3.3862424818818,0.000708567440550466,0.00671653037018019,"ENSG00000164039"
51.7748277219876,-0.976543051510662,0.288504280110495,-3.38484770879882,0.000712177552257276,0.00674519242839355,"ENSG00000267121"
2604.38016235078,0.313699037936419,0.0927116396596556,3.38359928794279,0.000715423345266728,0.00676792135194924,"ENSG00000104331"
2217.08733007396,-0.740446177024211,0.218834153008179,-3.38359514200938,0.000715434147218334,0.00676792135194924,"ENSG00000136295"
3202.68183613804,0.39676489307434,0.117277670234344,3.38312393383605,0.000716662836332885,0.00677548742572526,"ENSG00000183291"
644.705683913459,0.348779322783183,0.103121604702855,3.38221388028425,0.000719041379025772,0.00679390891498154,"ENSG00000103005"
43888.8253950321,-0.669877468900389,0.198078022507027,-3.38188689700103,0.000719897781636426,0.0067979349398041,"ENSG00000100234"
1337.01629402971,0.287981204948636,0.0851785704776801,3.38091145852345,0.000722458187923562,0.0068180373075367,"ENSG00000112146"
1511.79523117469,-0.383619026082757,0.113529283767808,-3.37903150051877,0.000727416727706934,0.00686073400854575,"ENSG00000143013"
304.827984493728,1.77963514674577,0.526915520680506,3.37745820135909,0.000731590710365221,0.00689598451214187,"ENSG00000127083"
299.588393631751,-0.381348193184754,0.112962941926258,-3.37586987982038,0.000735827105996901,0.00693178093055399,"ENSG00000136925"
1029.428073097,-0.368915772756319,0.109324036260171,-3.37451657820582,0.000739454619034638,0.00696180218802695,"ENSG00000204304"
13.347771040527,-1.76529546582155,0.5231878098337,-3.37411429058843,0.000740536145774517,0.00696783206131377,"ENSG00000125657"
337.386312500069,0.415374221840022,0.123172903691223,3.3722857007683,0.000745470744445509,0.00701008739330366,"ENSG00000164535"
1169.14282285416,0.517636014684329,0.15350908070567,3.37202211299029,0.000746184570567736,0.00701262572625169,"ENSG00000088888"
45.8914811034664,-1.65652864868946,0.491317275030914,-3.37160676588307,0.000747310666798409,0.0070148626940471,"ENSG00000163485"
1348.70432015951,0.482437793392415,0.143085629022999,3.3716718910665,0.000747133994010789,0.0070148626940471,"ENSG00000185189"
1029.42279269419,-0.397482748339343,0.117903673110585,-3.37124991828315,0.000748279418413731,0.00701978518533262,"ENSG00000072121"
359.025890227061,-0.592990566903009,0.176013891435832,-3.3689986742847,0.000754417916979641,0.00706897642493734,"ENSG00000069399"
656.536819779333,0.3583127210933,0.106351960915254,3.36912190437956,0.000754080697627881,0.00706897642493734,"ENSG00000163870"
1644.11899912847,-0.307884473594346,0.0913983910419762,-3.36859839745916,0.000755514241566304,0.00707505274941581,"ENSG00000070366"
4080.2970593714,0.361582374267486,0.107356306403231,3.36805900260186,0.00075699393885708,0.00708470986141241,"ENSG00000213625"
25.5978948027178,1.2721106281669,0.377844119372693,3.36676042564563,0.000760567310462088,0.00711393864457079,"ENSG00000124374"
419.547500900967,-0.483042012131662,0.143505756702334,-3.36601139377014,0.000762635582268332,0.00712906327140539,"ENSG00000166997"
493.317142107028,0.820508988490848,0.243806618023723,3.36540900793353,0.000764302713610239,0.00714042239480459,"ENSG00000244405"
5778.64742429375,0.471747638396839,0.140191194451992,3.3650304517406,0.000765352116491611,0.00714600043518586,"ENSG00000118680"
281.441333903441,-0.45565218821972,0.135444683691387,-3.36412013968691,0.000767881088755235,0.00716347527039939,"ENSG00000088179"
4266.3386273584,-0.483323870278811,0.143674046073597,-3.36403048071208,0.000768130592990035,0.00716347527039939,"ENSG00000130340"
469.053658060824,1.09435912216468,0.325449370503412,3.36260942976137,0.000772095177013013,0.00719620035778854,"ENSG00000077943"
197.975418922869,-0.819931013398158,0.243913019063358,-3.36157133615395,0.000775003348354406,0.00721904651963615,"ENSG00000185418"
3147.42332543419,-0.497485174820223,0.148019522927476,-3.3609429687459,0.000776768627853725,0.00723122615370251,"ENSG00000162512"
1092.9738445421,0.36577804240855,0.108889154353369,3.35917791428081,0.000781747202951138,0.00726900665816485,"ENSG00000128908"
169.558497343003,0.966923926598476,0.28784172295397,3.35922088248861,0.000781625654359163,0.00726900665816485,"ENSG00000185561"
344.664090460062,0.337159195536002,0.100397166054911,3.35825410999746,0.00078436471069561,0.00728905511739367,"ENSG00000170113"
9494.22117184204,-0.294426774280876,0.087677541882064,-3.3580637408484,0.000784905112710518,0.00728978893039434,"ENSG00000058262"
1197.85877014196,0.875013372533845,0.260644198462707,3.35711816221009,0.000787594457488472,0.00729856263804226,"ENSG00000053747"
42.8583705808419,1.21613900144489,0.362278243205926,3.3569197826589,0.000788159758228895,0.00729856263804226,"ENSG00000099849"
293.307435255151,-0.756362596889225,0.225291956438765,-3.35725522049344,0.000787204117175746,0.00729856263804226,"ENSG00000105327"
770.672863774231,0.536237328676425,0.159723406054549,3.35728708723685,0.000787113386812549,0.00729856263804226,"ENSG00000119900"
174.822003279909,0.99388720292434,0.296064059811713,3.35700052061847,0.000787929642571022,0.00729856263804226,"ENSG00000247903"
677.468975370818,-0.662742387991917,0.197535107066474,-3.35506127408984,0.000793474069979633,0.00734347003956546,"ENSG00000065833"
1882.95314302459,0.269897932633022,0.0804517428205471,3.35478043322253,0.000794280006671474,0.00734662502657842,"ENSG00000179632"
489.709695796133,-0.456679538615056,0.136141978231469,-3.35443589514035,0.000795269774735697,0.00735147565902548,"ENSG00000196072"
1797.07102994461,-0.450441697380499,0.134347600898861,-3.3528078980703,0.000799962087619406,0.00739052693579613,"ENSG00000135111"
429.301757278014,-0.467792882180298,0.139588554860061,-3.35122662921229,0.000804544303621321,0.00742851601905881,"ENSG00000184465"
20.0819772436736,-1.19799104750292,0.357689009354896,-3.34925316733532,0.000810297187055333,0.00747726341185756,"ENSG00000131730"
234.798022847498,-0.601122297554266,0.179513026072706,-3.34862773306936,0.000812128354988913,0.00748978619504662,"ENSG00000196214"
1016.27566604446,0.759549709116504,0.226903034083577,3.34746387232854,0.000815546171355167,0.00751691856188385,"ENSG00000132613"
984.60604915141,0.296996026174325,0.0887458354423826,3.3465911351654,0.000818117819135427,0.0075362246686306,"ENSG00000213699"
28.7880205422915,-2.36323765715881,0.70648243004386,-3.34507633404569,0.00082259927232924,0.00757309050364647,"ENSG00000066468"
275.197617241067,-0.451845558233543,0.135087473388169,-3.34483684460646,0.000823309869696945,0.00757521800901126,"ENSG00000111203"
60.1317818750316,1.42652145291989,0.426899667459417,3.34158483048128,0.000833015572144127,0.00765560209932107,"ENSG00000048540"
339.921684193438,-0.642322821121131,0.192219230049193,-3.34161582562133,0.000832922567635652,0.00765560209932107,"ENSG00000197119"
1140.49789335463,-2.18954386328991,0.655298791169899,-3.34129086272377,0.00083389813553266,0.007659257409968,"ENSG00000128606"
671.511695296722,0.384991662297163,0.115316304733638,3.33857092617068,0.000842105291238596,0.00773014491050978,"ENSG00000155850"
669.262039527684,0.275449599964722,0.0825225071138076,3.33787241321749,0.000844225046455721,0.00774510295232722,"ENSG00000059145"
3852.94801710683,0.408133785466435,0.122289408851191,3.33744180547211,0.000845534262879025,0.00775261188912527,"ENSG00000084652"
438.235110601292,0.376654442973623,0.112882190699285,3.33670387366081,0.000847782244447166,0.0077687145578749,"ENSG00000189077"
5098.62837703408,-0.404470224522217,0.121257738709902,-3.33562400903645,0.000851081857425203,0.00779442967165412,"ENSG00000103222"
315.830427530773,0.442682739440354,0.1327764142405,3.33404650195263,0.000855923469270121,0.00782516143954246,"ENSG00000087338"
1078.17427077365,-0.491463182336054,0.147399249646439,-3.33423123601313,0.00085535517451345,0.00782516143954246,"ENSG00000107130"
126.922128468224,-0.65900404803042,0.197658766918428,-3.33404917122844,0.000855915255322474,0.00782516143954246,"ENSG00000117724"
831.950893895322,0.584066051127663,0.175198800148158,3.33373316845632,0.000856888173308023,0.00782945018040495,"ENSG00000078804"
188.400578400677,-0.463872768319168,0.139246250293586,-3.33131245790203,0.000864375212052311,0.00789329456647538,"ENSG00000198478"
68.2940472984877,-0.819079886345933,0.24592499079161,-3.33060858804707,0.000866563574070118,0.00790870672626211,"ENSG00000185875"
392.757687625838,0.455912586776224,0.136901775121712,3.33021676578626,0.000867783991228353,0.00791527222484153,"ENSG00000181481"
671.090308244872,0.402406366045151,0.120864808505435,3.32939232702344,0.000870357094429492,0.00793416121050036,"ENSG00000157224"
1129.38228938456,0.365769517222671,0.109901539028804,3.328156461274,0.000874227529106934,0.00796484804200192,"ENSG00000118579"
182.64423610904,-0.791802432941772,0.237943640502822,-3.32768899084059,0.000875695689239654,0.00797034221306364,"ENSG00000156869"
288.851348736445,0.447433899309767,0.134459697620032,3.32764320632465,0.000875839605132198,0.00797034221306364,"ENSG00000213516"
156.167636723494,0.633216256700438,0.190325311217215,3.32702073439807,0.000877798417429722,0.00798356902622611,"ENSG00000167705"
761.597690017625,-0.421071260990737,0.126630013941144,-3.3252089918149,0.000883522798288184,0.00803100872690261,"ENSG00000196465"
775.71843237013,0.49692200288024,0.149454118571088,3.32491340908666,0.000884459998307682,0.00803490457347024,"ENSG00000107937"
2072.30487248308,0.845929522643633,0.254449307287651,3.32455030693922,0.000885612542605392,0.0080407511195862,"ENSG00000160613"
963.397196492865,0.316435094906336,0.0951928791628053,3.32414669762375,0.000886895296955961,0.00804777248782899,"ENSG00000144744"
37.7256651604734,1.03228157486441,0.31061375347923,3.3233608084049,0.000889397959643579,0.00806584900485032,"ENSG00000099840"
1287.09087602149,0.31167865921738,0.0937949589033335,3.32297879184105,0.000890616853675932,0.00807226910749993,"ENSG00000140374"
94.4899050309895,0.551018490970269,0.165847355160491,3.32244364365683,0.000892326946303603,0.00808313136336257,"ENSG00000165874"
581.92740396262,0.482100360590036,0.145185582086598,3.32058014068147,0.000898305644131033,0.00813057377950497,"ENSG00000077713"
1488.92890041864,1.95454495083556,0.588631362592476,3.32049067556861,0.000898593607989345,0.00813057377950497,"ENSG00000170873"
516.777392741514,0.332732138663063,0.100282748882345,3.31793994850934,0.000906839786959237,0.00820048938430568,"ENSG00000173545"
1038.89745870837,-0.499320429003772,0.15064575469064,-3.3145336888461,0.00091796117669294,0.00829631045159901,"ENSG00000020129"
567.625483290389,-0.341457791037764,0.103025396720489,-3.31430697582412,0.0009187058591351,0.00829829340343985,"ENSG00000131089"
5876.117870744,0.313577118619094,0.0946900113657416,3.31161771021336,0.000927582075120995,0.00837368092729227,"ENSG00000196914"
64.2935347157787,-0.861200788583901,0.26041698716502,-3.30700695818349,0.000942985496504624,0.00850787257211882,"ENSG00000243364"
3259.13908219303,-0.747961768342066,0.22618685424135,-3.30683129596896,0.000943577001304397,0.00850835015217286,"ENSG00000151835"
402.229872798764,-0.559749256123582,0.16933971483609,-3.30548127275036,0.000948134399016361,0.00854456773283541,"ENSG00000213918"
267.472551035118,-0.6419536916032,0.194319932320343,-3.30359157672471,0.000954547871762282,0.00859746139002311,"ENSG00000133466"
413.052442569406,-0.586355332697366,0.177650045602496,-3.30062022055077,0.000964713724769042,0.00868407260621158,"ENSG00000004866"
11.0808971885556,-2.03572239285364,0.617062747418699,-3.2990524891828,0.000970117698399168,0.0087277445326367,"ENSG00000270093"
7182.75964164782,0.508197311739913,0.154064661533009,3.29859752835682,0.00097169118957868,0.00873600704479376,"ENSG00000129250"
250.884871810241,0.63916134777114,0.193775257475999,3.2984672867758,0.000972142067650806,0.00873600704479376,"ENSG00000136158"
1492.13735782211,-0.33770272370774,0.102389523855096,-3.29821558879075,0.000973013959795562,0.00873887125460506,"ENSG00000170035"
17.6817871941944,-1.66857427827126,0.506559137069075,-3.29393777777961,0.000987943653998565,0.0088679169578803,"ENSG00000272796"
420.072571655906,0.334160727642634,0.101494371911933,3.29240647878079,0.000993339287140581,0.00891128566623901,"ENSG00000104825"
2952.60593710354,0.383721278297248,0.116586562560162,3.29129935621214,0.000997257285820226,0.00894135675447669,"ENSG00000166681"
1631.65601738158,-0.452685947400874,0.137552049458333,-3.29101564959236,0.000998263596148156,0.008945302491179,"ENSG00000133059"
889.231581588049,0.432944535196341,0.131590637256368,3.29008616587872,0.0010015670734724,0.00895996863051762,"ENSG00000104142"
183.467021522119,0.855112242387719,0.259899590770489,3.2901638661788,0.00100129053174077,0.00895996863051762,"ENSG00000143434"
309.733752820463,-0.355989017414127,0.108200835426544,-3.29007642141361,0.001001601759811,0.00895996863051762,"ENSG00000181045"
459.714506206713,-0.394359182554816,0.119927462380066,-3.2883142420294,0.0010078927190489,0.00901114271394142,"ENSG00000120802"
186.499720694974,-0.389642620304902,0.118664833976319,-3.28355593859136,0.0010250629932464,0.00915947124847662,"ENSG00000115998"
73.9385840712542,-1.06623228287545,0.324789738337956,-3.28283857837281,0.00102767493744914,0.00916824271075644,"ENSG00000150636"
1393.08377886967,0.22931512388406,0.0698521968804736,3.28286201615748,0.0010275895020659,0.00916824271075644,"ENSG00000173039"
20351.2617026103,0.839151931121334,0.255620151514606,3.28280820643119,0.00102778565899162,0.00916824271075644,"ENSG00000178209"
57.6455768447397,-0.787731330951,0.23996831919035,-3.28264719946698,0.00102837279762877,0.00916830330527048,"ENSG00000150967"
297.363783919888,-0.367993691551831,0.11215986291211,-3.28097486923816,0.00103448961077214,0.00921763500901196,"ENSG00000100578"
301.723100888807,0.448151203840613,0.136646433406346,3.27964069510651,0.00103939369095892,0.00925611134710772,"ENSG00000008083"
198.729261179042,-0.503217632850992,0.153482205737365,-3.27867084287339,0.00104297211135839,0.00928274558605061,"ENSG00000163611"
325.863822885721,-0.410134981109421,0.125099281816385,-3.27847590453315,0.00104369274116645,0.0092839290117948,"ENSG00000135093"
1091.43818824187,2.58082341181099,0.787241410109512,3.27831257180942,0.00104429688899476,0.00928407554999395,"ENSG00000046653"
3878.8382831192,0.239737229923359,0.0731523194062825,3.27723347487968,0.00104829647524366,0.00931439129128199,"ENSG00000196961"
1531.55567350474,0.313608173273685,0.0957445992238844,3.27546593558096,0.00105487835150407,0.00936760438283376,"ENSG00000043143"
924.79853646081,2.2733135818649,0.694762469593681,3.27207309167752,0.00106761971478533,0.00947542486189807,"ENSG00000159167"
752.519771482723,-0.62122363306794,0.190021692116858,-3.26922482453165,0.00107842575969077,0.00956595741246195,"ENSG00000156113"
933.09213575377,0.500881054492387,0.153222347712182,3.26898172473677,0.00107935272660863,0.00956880716889066,"ENSG00000100485"
152.130883837955,1.00436778814745,0.307286526923656,3.26850577603419,0.0010811697069438,0.00957953955709376,"ENSG00000160256"
393.940322953597,0.794451969144065,0.243142120269405,3.26743868262645,0.00108525372634423,0.00961033540851242,"ENSG00000185499"
3156.69233936673,-1.08210786053726,0.331268226234397,-3.26656097639618,0.00108862360576258,0.00963477631587519,"ENSG00000177606"
956.80800992461,0.303997781067853,0.0930686330488518,3.26638278772488,0.00108930892694033,0.00963544368857971,"ENSG00000159792"
1158.09996022119,0.294357966961782,0.0901338786446346,3.26578608829572,0.00109160676459493,0.00965036579019062,"ENSG00000164808"
69.9388416688261,-1.86677650140382,0.571869883877461,-3.26433783983601,0.00109720250028335,0.0096944100108928,"ENSG00000225783"
294.483388573755,-0.52911158524197,0.162141671313919,-3.26326712284573,0.00110135657444038,0.00972567421073736,"ENSG00000112304"
1437.62813496522,-0.382135493268369,0.117144822618361,-3.26207752700524,0.00110598891733436,0.00976112453410511,"ENSG00000168300"
384.493018082877,0.535408750540595,0.164139573555639,3.26191142661344,0.00110663715171499,0.00976139236336872,"ENSG00000158985"
4953.47929013974,0.434770300600071,0.133307749950057,3.26140303742996,0.00110862340891747,0.00977345569982042,"ENSG00000136193"
233.500663995503,0.727497534935872,0.223091665313846,3.26098034147724,0.00111027737523826,0.0097825777880725,"ENSG00000023608"
98.6611126237478,-0.663778401928145,0.20370024320355,-3.2586038754252,0.00111961879667265,0.00985938559076619,"ENSG00000180881"
1246.55762995835,-0.262446731267719,0.0805504245432342,-3.2581669526379,0.00112134414241725,0.009869077861787,"ENSG00000091164"
978.423593095179,0.469392607003476,0.144254285866663,3.25392486041866,0.00113822381763955,0.0100120600618427,"ENSG00000134697"
69.676110188234,-0.673057664582235,0.206896347138218,-3.25311526226509,0.00114147185372478,0.0100350430412599,"ENSG00000197008"
3632.9144525639,0.278500572311927,0.085614704196893,3.25295257309356,0.0011421255811995,0.0100352057462679,"ENSG00000150403"
4468.32198130979,-0.429672731706958,0.13218317277606,-3.25058570378617,0.00115167550342753,0.010107872001749,"ENSG00000063660"
358.222169168888,-0.421725867629626,0.129736174355324,-3.25064207978412,0.00115144718024545,0.010107872001749,"ENSG00000162441"
97.9564928710287,0.562156090107004,0.172965975084646,3.2500963835916,0.00115365901215784,0.0101196585641696,"ENSG00000217416"
879.623676157724,-0.264448397917883,0.0813859037059217,-3.24931451118901,0.00115683496502409,0.0101418861140125,"ENSG00000137500"
348.89633852715,0.504407059207925,0.155313737036401,3.24766545981509,0.00116355989567601,0.0101927421620736,"ENSG00000123179"
314.879598590754,-0.573825260434587,0.176698501715602,-3.24748232080747,0.00116430897233157,0.0101927421620736,"ENSG00000143493"
389.925459548975,0.415636617169475,0.127996078525902,3.24726055638778,0.00116521663151696,0.0101927421620736,"ENSG00000151229"
764.926394623844,0.294109210464209,0.0905685789238554,3.24736474789428,0.00116479010488213,0.0101927421620736,"ENSG00000213281"
2159.82485963987,0.404577862753297,0.124626499059397,3.2463229393973,0.00116906143391488,0.0102207152921899,"ENSG00000089006"
2352.2661301135,-0.216936630758424,0.0668345050932902,-3.24587771624276,0.00117089122296005,0.0102266053989302,"ENSG00000077235"
280.86956245265,0.584553366270737,0.180092870460398,3.24584401801336,0.00117102982445023,0.0102266053989302,"ENSG00000242125"
230.974416846208,1.0347397127331,0.318904438161129,3.24467015479506,0.00117586742043835,0.0102631787337487,"ENSG00000105889"
345.881154236996,-0.475377851522329,0.146575039354862,-3.2432387779984,0.0011817912387452,0.0103091871837089,"ENSG00000168769"
2622.87391998471,0.586561190500759,0.180879532230704,3.24282788255237,0.00118349683526848,0.0103183681035162,"ENSG00000119537"
607.915299332793,-0.380707477497037,0.117418405497082,-3.24231517099335,0.00118562825249359,0.0103312493838355,"ENSG00000165240"
1287.28795294796,0.311774052718516,0.096212273631102,3.2404810836705,0.0011932818923653,0.0103922091155386,"ENSG00000136986"
476.230705856511,-0.302230343621653,0.093275014764337,-3.24020686981664,0.00119443010031666,0.0103964775343265,"ENSG00000144306"
3431.40690036235,0.365117654852333,0.11274100191373,3.23855251110614,0.00120137903293099,0.0104512037237025,"ENSG00000127314"
823.488973820148,-0.299001556697603,0.0923453274105643,-3.23786340989676,0.00120428452159421,0.0104692275291214,"ENSG00000166037"
247.915656189027,-0.820211142056103,0.25332774907495,-3.23774693080873,0.00120477627851265,0.0104692275291214,"ENSG00000198018"
308.076014254139,-0.610437471967393,0.188549654499202,-3.23754224630508,0.00120564087463646,0.0104709810541544,"ENSG00000139910"
1136.1146221306,0.359650162119742,0.11110846002888,3.23692869135492,0.00120823599236797,0.0104775546132272,"ENSG00000075539"
63.3222268718355,1.14068842623104,0.352408057527128,3.23683979939429,0.00120861240118318,0.0104775546132272,"ENSG00000137869"
64.1631312573666,-0.833977584637596,0.257660030888778,-3.23673633726138,0.00120905064311389,0.0104775546132272,"ENSG00000139410"
48.3516036095208,1.0101884987155,0.312063010020705,3.23712989453149,0.00120738440691841,0.0104775546132272,"ENSG00000254109"
2280.91800902226,-0.517478783905832,0.159907011936833,-3.23612315456341,0.00121165095911442,0.0104943321557509,"ENSG00000156471"
20.0040854671316,-2.05700414658913,0.635854529659864,-3.23502318634024,0.001216328529489,0.0105290729363656,"ENSG00000130592"
831.671526449344,0.698645659121093,0.215998419793973,3.23449430689116,0.00121858350069651,0.0105428160701005,"ENSG00000130150"
595.125497741537,0.55747786754733,0.172387878101882,3.2338577032537,0.00122130289403992,0.0105605600000233,"ENSG00000213445"
1717.19090673334,-0.233694374150687,0.0723160548054712,-3.23156973619925,0.00123112279134829,0.0106396487186654,"ENSG00000080845"
1697.98503516096,0.36449877646302,0.112835255114434,3.23036249701706,0.00123633357137216,0.0106788396722457,"ENSG00000157538"
2496.43158789181,0.390770037421692,0.120981598144807,3.22999566391878,0.00123792095513019,0.010686707786419,"ENSG00000143753"
18.387961407367,-2.11042186644788,0.653486900083528,-3.22947845806569,0.00124016223926173,0.0107002092058202,"ENSG00000267528"
559.389626984023,0.562743159723174,0.174260951482502,3.2293130212805,0.00124087994142934,0.0107005574861904,"ENSG00000008853"
366.15911677115,-0.421287322624665,0.130496479991914,-3.22834242464448,0.00124509834078348,0.0107310766981437,"ENSG00000099256"
891.391732679707,0.273256785033375,0.0846627608254555,3.22759123809739,0.0012483722277566,0.0107534266380037,"ENSG00000180182"
169.49238599897,0.733471643564923,0.227333406727487,3.22641381274932,0.00125351978338522,0.0107918831269317,"ENSG00000121361"
364.002331917685,0.381151409877209,0.118164235279785,3.22560721503196,0.00125705743116389,0.0108164451511586,"ENSG00000048405"
87.6363051349719,0.906220660584257,0.28101751958389,3.22478350078004,0.00126067966186905,0.0108417078378918,"ENSG00000273038"
398.472833828151,0.445028467445568,0.138085588748133,3.22284513163279,0.00126924156931615,0.0109094006050362,"ENSG00000167114"
215.307012007495,0.662935444389636,0.205727753032672,3.22239189714163,0.00127125126501122,0.0109207327268338,"ENSG00000133106"
30.7651934834849,-1.1227504084062,0.348465703137956,-3.22198253169755,0.00127306896462635,0.0109244668675541,"ENSG00000116299"
15450.5363119038,-0.368471345040247,0.114358312517955,-3.2220774942127,0.00127264709030032,0.0109244668675541,"ENSG00000151914"
1125.72346694757,0.422282818634368,0.131118929469632,3.22060910916887,0.00127918489621635,0.0109709896799272,"ENSG00000224470"
14.4236699479536,-1.6614443725457,0.515989180800012,-3.2199209486713,0.00128225950447039,0.0109913921061439,"ENSG00000178734"
9422.14756050453,0.321063344947484,0.0997232038158857,3.21954502725613,0.00128394195026518,0.0109998454068814,"ENSG00000140092"
705.829702374629,0.302471537022189,0.0939577743618075,3.21922841485632,0.00128536053763834,0.0110060302295992,"ENSG00000196968"
317.963166525478,0.333737851201421,0.103708617728695,3.21803393498592,0.00129072546050266,0.0110459809452985,"ENSG00000079313"
336.864269823546,0.637167086906134,0.198030999422802,3.21751184795954,0.00129307686275715,0.0110601127654778,"ENSG00000151151"
118.230003378569,-0.753868729270575,0.234316565752917,-3.21730871587422,0.00129399280738726,0.0110619579930216,"ENSG00000095397"
47.9822776665132,-0.775599659770936,0.241119213068152,-3.21666469420549,0.00129690073146525,0.0110808208521839,"ENSG00000258150"
1037.08467152944,0.362490399533016,0.112746244109721,3.21509955737639,0.0013039928862077,0.011125381990197,"ENSG00000004700"
38.7683109042116,-0.923225420747515,0.28713837253029,-3.21526312422811,0.00130325003913799,0.011125381990197,"ENSG00000119608"
52.1604235222912,-0.714064564659389,0.222100774100971,-3.2150476176853,0.00130422885465532,0.011125381990197,"ENSG00000266865"
826.745436639707,0.928598583530269,0.289243975076961,3.21043362539597,0.00132534872950155,0.0112994383317137,"ENSG00000172954"
168.101738634137,-0.521995792217504,0.162624974311185,-3.2098132185937,0.0013282124968134,0.0113177459679925,"ENSG00000187607"
1305.88290433768,0.426363305005058,0.132854596429565,3.20924767726121,0.00133082798117916,0.0113278127406618,"ENSG00000167657"
379.401283885991,0.600782675475671,0.187202646560167,3.20926379255316,0.00133075338633644,0.0113278127406618,"ENSG00000170364"
1680.60498229915,0.365144607140093,0.113793885291562,3.20882450058297,0.00133278817268907,0.0113290711032271,"ENSG00000116406"
1472.62523324001,0.508362066220516,0.158424935937513,3.20885132894122,0.00133266382233512,0.0113290711032271,"ENSG00000136720"
146.712976098317,-1.37570165735204,0.428742429362223,-3.20869026048687,0.00133341054091981,0.0113290711032271,"ENSG00000166473"
35.6093708507617,0.916312061820938,0.285580313507389,3.20859673612351,0.00133384430003813,0.0113290711032271,"ENSG00000229927"
687.236073486132,-1.48427771087159,0.462635723450427,-3.20830760712026,0.00133518608256982,0.0113343738487039,"ENSG00000088756"
179.021209304723,-0.70041057791806,0.218448343370718,-3.20629841870409,0.00134454472319468,0.0114076893324541,"ENSG00000162066"
57.2484002142653,-0.768007656368183,0.239651940297063,-3.20467948398912,0.00135212957883398,0.0114658846411268,"ENSG00000105996"
3943.65680651751,0.361139214731132,0.11272275701762,3.20378266364334,0.00135634823287396,0.011470872260676,"ENSG00000101439"
1430.57307844393,-0.718374455744787,0.224223996535923,-3.20382504479041,0.00135614859841726,0.011470872260676,"ENSG00000105810"
1180.7933125544,0.345477977045251,0.107822948291743,3.20412289330534,0.00135474636101903,0.011470872260676,"ENSG00000109184"
214.380411097257,-0.69329811205181,0.216359838596819,-3.20437525073104,0.00135355933735349,0.011470872260676,"ENSG00000121653"
146.529072236393,-0.485322960622534,0.151479821682415,-3.20387861057849,0.00135589631799823,0.011470872260676,"ENSG00000198246"
1049.44706878502,0.239904491666419,0.0748853550860648,3.20362361092766,0.00135709768521856,0.0114710696795521,"ENSG00000218283"
62.1228862955269,-0.742496539806648,0.231841492440055,-3.20260421028228,0.00136191015209681,0.0115037564688661,"ENSG00000144120"
469.452522663448,0.472389551592053,0.147506671536455,3.20249617642078,0.00136242108831805,0.0115037564688661,"ENSG00000180488"
572.77815905917,0.491602937287393,0.153584418823044,3.20086465186163,0.0013701587621603,0.0115629103229746,"ENSG00000162869"
443.120233284709,-0.371910341018762,0.116203204604867,-3.2005170793989,0.00137181238882469,0.0115706845267766,"ENSG00000168306"
894.222529351342,0.242492386013706,0.0757904676254173,3.19951035547356,0.0013766124172567,0.0116049749027862,"ENSG00000211456"
5585.62469084026,-0.28860897017296,0.0902194911781517,-3.19896472928515,0.00137922041411724,0.0116207595211862,"ENSG00000166340"
343.73844545836,0.357646056810843,0.111818033591105,3.19846491057676,0.00138161345751313,0.0116347171651346,"ENSG00000095380"
971.376690192809,0.444516564890407,0.138995909446211,3.19805501227666,0.00138357883513713,0.0116450604355335,"ENSG00000142794"
266.697865390996,0.480329202695856,0.150239207390233,3.19709622434471,0.00138818609826512,0.0116776166029778,"ENSG00000263006"
2431.33616912119,1.09064480485809,0.341271196197194,3.19583022830876,0.00139429126339686,0.0117227319739987,"ENSG00000106034"
22.3040830238714,-1.15595622061656,0.361821401530333,-3.19482544627656,0.00139915435785217,0.0117573619922067,"ENSG00000240498"
302.571563707114,-0.937125667152264,0.293404444472503,-3.19397229594485,0.00140329583541499,0.0117858945283817,"ENSG00000196123"
1118.13732620822,-0.608747683528926,0.190636164592325,-3.19324344796136,0.0014068428575416,0.0118094067287153,"ENSG00000174738"
68.1946971189598,-0.761069786918674,0.238351922685991,-3.19305075596692,0.00140778199585179,0.0118110143231368,"ENSG00000171097"
889.421993398252,0.308825784913403,0.0967255784968993,3.19280370003994,0.00140898693764949,0.0118148490663411,"ENSG00000138459"
796.335948886272,-0.57544540803827,0.180249211525142,-3.19249889178019,0.00141047485956165,0.0118210513694191,"ENSG00000148158"
496.808362707975,-0.813922427357776,0.254966054839117,-3.19227760680283,0.00141155596996062,0.0118238394556935,"ENSG00000161642"
666.005801247294,1.33996377280575,0.419994407601579,3.19043241660704,0.00142060062683992,0.0118932955499826,"ENSG00000197594"
616.947289142243,0.330066761242737,0.103476879916601,3.18976337041434,0.00142389329964775,0.0119114823313288,"ENSG00000102781"
201.007305148921,0.578265559266263,0.181292388904771,3.18968470082885,0.00142428092947716,0.0119114823313288,"ENSG00000215251"
428.803285793672,0.310371672228506,0.0973160063656381,3.18931780926531,0.00142609000491697,0.0119203015331631,"ENSG00000172732"
989.462925288695,0.460666536256291,0.144537148919206,3.18718433081725,0.00143665183898226,0.0120022346653843,"ENSG00000076685"
516.625266790148,-0.481161294412082,0.150986618593343,-3.18678104652446,0.00143865639206567,0.0120126287959057,"ENSG00000104738"
578.693975445644,0.347064235820083,0.10891524728054,3.1865532557267,0.00143978978140089,0.0120157416622141,"ENSG00000145041"
1125.79335309404,-0.400861557347681,0.12582137865688,-3.18595743924287,0.00144275820168269,0.0120341573760206,"ENSG00000166173"
50.5771773984043,-0.715722969141544,0.22468186258732,-3.18549508580555,0.00144506558110981,0.0120470427706453,"ENSG00000156876"
1442.79986167441,-0.39670432388554,0.124606098665103,-3.1836669965227,0.0014542220289129,0.0121169829181255,"ENSG00000184867"
29.9030692920574,1.73711370543495,0.54567805839497,3.18340398465793,0.00145554378167802,0.0121216028797836,"ENSG00000165125"
53.7580392359608,0.767771508573494,0.241201533005643,3.18311205988699,0.00145701213120154,0.0121274381710863,"ENSG00000259953"
848.560072556647,-0.36840595542772,0.115751877600944,-3.18272120559292,0.00145898022291732,0.0121310366113936,"ENSG00000134744"
113.222629184633,-0.646806262693072,0.203215942106998,-3.18285197503114,0.00145832147927278,0.0121310366113936,"ENSG00000254701"
148.047775461411,-0.501161014211412,0.157613972680892,-3.17967376678001,0.001474409398519,0.012252877263442,"ENSG00000121104"
4231.37558963368,-0.301501994390359,0.0948379790008884,-3.17912715524584,0.00147719274365296,0.0122679863751496,"ENSG00000100813"
5017.99755219062,-0.473207735534571,0.148853719704994,-3.17901182766811,0.00147778060969171,0.0122679863751496,"ENSG00000163565"
21.4910780565293,1.13802082967287,0.357997847505158,3.17884824616572,0.00147861481304242,0.012268464714519,"ENSG00000240291"
12978.7461336167,-0.326879389382662,0.102895748096639,-3.17680171852835,0.00148908806135701,0.0123488783167024,"ENSG00000198363"
1560.33318628681,0.847392165901954,0.266766663809862,3.17652945761593,0.00149048651542528,0.0123531914268808,"ENSG00000153936"
29.3367894153928,-1.30222300558154,0.409968710852479,-3.17639607879765,0.00149117205032673,0.0123531914268808,"ENSG00000240764"
83.4776818325497,-0.68452144241303,0.215575400892307,-3.17532259979417,0.00149670006018785,0.0123924882341969,"ENSG00000196345"
2981.63513311824,-0.349560702952768,0.110195795657256,-3.17217822030172,0.00151300125493174,0.0125208977608233,"ENSG00000106261"
224.070526921174,0.590793390984109,0.186309330448034,3.17103491040078,0.00151896887258408,0.0125637017010907,"ENSG00000172840"
396.623429762989,0.371105874743447,0.117038856106816,3.17079205221174,0.00152023928324773,0.0125676296162991,"ENSG00000139437"
1245.11405917793,-0.864422114868273,0.272713998827776,-3.16970202697285,0.00152595335624733,0.0126082694152695,"ENSG00000143772"
1385.45258746908,-0.805117270018983,0.254037854507196,-3.16928070259772,0.00152816729679889,0.0126144873314977,"ENSG00000123416"
760.326504615898,-0.538307327981073,0.169852959605577,-3.16925492043884,0.00152830287077393,0.0126144873314977,"ENSG00000160991"
30.402316846237,1.05207642183955,0.331980553156735,3.16909051399418,0.00152916765304344,0.0126150342468826,"ENSG00000240809"
2996.28431141081,-0.194307231143939,0.0613205917615686,-3.16871095927221,0.00153116584258957,0.0126249258774687,"ENSG00000163041"
42.8891969366027,1.21847994766943,0.384636425835037,3.16787455848503,0.00153557761853247,0.012654697557421,"ENSG00000165244"
654.253774227498,0.454943951813684,0.143631974806281,3.1674280913235,0.00153793739551468,0.0126675364829723,"ENSG00000102007"
247.982382807997,-0.996611691128157,0.314672564110461,-3.16713881283374,0.00153946814320484,0.0126735371163888,"ENSG00000121858"
1130.89022450308,0.400660975938308,0.126584290282354,3.16517140511361,0.00154991616953749,0.0127529039824756,"ENSG00000111737"
482.358532259519,0.402304418386366,0.127162009230832,3.16371549034018,0.0015576898829651,0.0128035300577953,"ENSG00000104886"
686.362067178504,0.333486750248944,0.105409499082336,3.16372578517288,0.0015576347889066,0.0128035300577953,"ENSG00000219201"
467.88240325917,0.793159841857001,0.250744074839396,3.16322466389296,0.0015603186840229,0.0128184683152334,"ENSG00000166165"
2420.35849331321,-0.269755203701478,0.0853379801890805,-3.16102165886503,0.00157216807713813,0.0129091014982475,"ENSG00000102882"
2679.97313593058,0.346788571380226,0.109753333488219,3.15970877930056,0.00157926906051683,0.0129606714898935,"ENSG00000173548"
119.629035012354,0.788051276695729,0.249464761758452,3.15896830935493,0.00158328705896428,0.0129868997702584,"ENSG00000226328"
651.25281981909,0.399104275934465,0.126357635575893,3.15852915508817,0.00158567447756562,0.0129997329510024,"ENSG00000126767"
890.270474979097,0.478595862343456,0.151542499358579,3.15816265647701,0.00158766944753873,0.0130093371017722,"ENSG00000241553"
738.055920948138,-0.532475663785034,0.168627314814354,-3.15770706763166,0.00159015258577064,0.0130229292638697,"ENSG00000184205"
888.581506251487,0.322718761597842,0.102212605376331,3.15732839809376,0.00159221920381742,0.0130330979180868,"ENSG00000105726"
350.692357570861,0.404972397609308,0.128305676752005,3.15630927532581,0.00159779343250768,0.0130719526912254,"ENSG00000173065"
477.444904414223,0.480002143634097,0.152156944416308,3.15465157029436,0.00160689886067138,0.0131328443874219,"ENSG00000115840"
102.372738767003,-0.719954562265431,0.22821231697515,-3.1547576914695,0.00160631453126288,0.0131328443874219,"ENSG00000237807"
255.438316851111,-0.565327210170133,0.179234823741376,-3.15411479962099,0.00160985745145358,0.013150221312339,"ENSG00000214174"
492.671285615734,-0.553360527912558,0.175508158035277,-3.15290487979102,0.00161654472613094,0.0131980225237295,"ENSG00000223756"
247.442855157363,-0.449847401207394,0.142735099477117,-3.15162425258625,0.00162365064834514,0.0132491905695024,"ENSG00000111224"
321.595453167894,0.623916627007182,0.197999948890617,3.15109488918029,0.00162659635972457,0.0132663754728594,"ENSG00000188112"
691.924068357891,0.390969614286816,0.124082998656401,3.15087174327124,0.00162783955710625,0.0132696642534389,"ENSG00000072134"
161.584768186365,-0.644893845855409,0.20474076679437,-3.14980673342454,0.00163378502799555,0.0133112614091149,"ENSG00000249115"
475.400064856176,-0.590414313661396,0.18750126838294,-3.14885503843939,0.00163911481384525,0.0133478019737769,"ENSG00000169946"
31.8631203037995,1.00298400879191,0.318736374731619,3.14675100900059,0.00165095486462316,0.013437292607582,"ENSG00000172955"
23.8332568579302,-1.18625336928118,0.37757272900411,-3.14178773559745,0.00167919724183861,0.0136530921392519,"ENSG00000104894"
2127.73423553636,-0.209481783747583,0.0666738423630596,-3.14188857763575,0.00167861902685461,0.0136530921392519,"ENSG00000174780"
715.726630327442,0.297564854436705,0.0947514897733509,3.14047678984775,0.00168673072448985,0.0137016248485091,"ENSG00000103035"
881.409328358935,1.08647185023736,0.345960867121026,3.14044723982404,0.00168690089443918,0.0137016248485091,"ENSG00000122641"
529.01186774556,0.370103484820694,0.117920250796561,3.13859139817475,0.00169761983939589,0.0137816023755274,"ENSG00000123505"
1122.03750256058,0.676559622272683,0.215633284382445,3.13754726785473,0.00170367801723411,0.0138165838379181,"ENSG00000153214"
277.730258312938,0.631603880373238,0.201303107456814,3.1375764058125,0.00170350868570538,0.0138165838379181,"ENSG00000169857"
1095.89331973594,0.236772939463787,0.0754703402567116,3.13729789289947,0.00170512786136481,0.013820239692917,"ENSG00000006831"
1556.86677455702,-0.487512099449746,0.155406189166149,-3.13701855804812,0.0017067532371744,0.013820239692917,"ENSG00000110492"
379.708280732621,0.390161538076466,0.124369089325667,3.13712627624705,0.00170612628465992,0.013820239692917,"ENSG00000178605"
96.8940060057851,-1.49286904648973,0.475951353155085,-3.13660006761928,0.00170919098940762,0.0138258423082624,"ENSG00000124249"
408.604309966455,0.63878431285249,0.203655058219607,3.13659929901506,0.00170919546955542,0.0138258423082624,"ENSG00000172123"
58.6254448738722,1.42323767665992,0.453885008747823,3.13567896984822,0.00171456776900629,0.0138622014405125,"ENSG00000112218"
481.668920122584,0.313936443154001,0.100124100547899,3.1354732920054,0.00171577050733937,0.013864829910459,"ENSG00000023697"
1195.85190410439,0.531232090160697,0.16943818782243,3.13525597144266,0.00171704217160627,0.0138680123860101,"ENSG00000166780"
46.7688225682716,-1.03345299505594,0.329783393554497,-3.13373267197324,0.00172598020993707,0.0139330788740858,"ENSG00000134070"
329.9379535597,-0.686419076188751,0.219076776846735,-3.1332352340977,0.00172890820693803,0.0139495872590434,"ENSG00000031081"
6007.97811445138,-1.15961018904375,0.370149904994197,-3.13281233737431,0.00173140103463782,0.0139625694462523,"ENSG00000152580"
1844.53302325795,1.02295275672744,0.326597391081558,3.13215226043245,0.00173529856276121,0.0139868605584191,"ENSG00000120837"
61.5822206750029,2.05365592172238,0.655742674857132,3.13180154421063,0.0017373727024207,0.013989303747626,"ENSG00000167642"
110.278481670733,0.716072622004102,0.228639586428109,3.1318838228797,0.00173688590088264,0.013989303747626,"ENSG00000261143"
1283.40143160634,0.303375189845924,0.096903142136603,3.13070539465336,0.00174387004889486,0.0140344671586556,"ENSG00000181904"
523.415995414918,-0.776511141363115,0.248082665424474,-3.13004997763342,0.00174776565111343,0.014058656698722,"ENSG00000106948"
27.3381385652089,-1.14916369128548,0.36716104423306,-3.12986279273145,0.00174887969003844,0.0140604586988434,"ENSG00000092853"
303.465957540012,-0.342535944143111,0.109459131930342,-3.12935008804104,0.00175193441797958,0.0140778534767251,"ENSG00000081026"
195.361820039543,-0.373734550636784,0.119469443400366,-3.1282856938098,0.00175829181795163,0.0141217560447381,"ENSG00000100577"
567.019649954514,0.379895395288055,0.121456599914129,3.12782833997203,0.00176103000414192,0.0141365609783709,"ENSG00000240771"
136.781460862157,-0.487842588610583,0.156045370981005,-3.1262868327569,0.00177028793773997,0.0141986220907003,"ENSG00000170631"
146.327550042129,0.729591757186682,0.233376618853422,3.12624186934905,0.00177055864784654,0.0141986220907003,"ENSG00000225135"
278.330392581181,-1.0600707533562,0.339207360611783,-3.12514077360908,0.00177719987701459,0.0142446492425553,"ENSG00000186469"
388.130286456944,-0.519220025114909,0.166225507811186,-3.12358814210805,0.00178660344704486,0.0143127592578168,"ENSG00000099139"
15.986168761542,1.58093193066605,0.506258775682314,3.12277437272141,0.001791550318377,0.0143451150175975,"ENSG00000259886"
87.7442861507736,0.610109923492061,0.195407112814764,3.12225033522917,0.00179474258204506,0.0143561695534413,"ENSG00000104205"
46.8115154351593,0.814687763005163,0.260929753726661,3.12224938463169,0.00179474837751909,0.0143561695534413,"ENSG00000264469"
462.125796076587,0.371105200038572,0.11888098190691,3.12165322060652,0.00179838637958558,0.014377989891039,"ENSG00000198933"
98.9557788605166,0.699487872186505,0.224130142980021,3.12090048614683,0.00180298951083575,0.0144075004006996,"ENSG00000147437"
1023.66585896466,0.307937884827604,0.0987202115531338,3.11929928008576,0.00181281726413603,0.0144787093725081,"ENSG00000083520"
93.6084344315458,-1.38260301319699,0.443497360819371,-3.11749997935186,0.00182391959513485,0.0145600211035575,"ENSG00000054938"
2882.98349904988,0.864107011071945,0.277199196111379,3.11727819991493,0.00182529237071023,0.0145636206426667,"ENSG00000155511"
2908.80158295028,0.298336826359077,0.095738710030408,3.11615673810855,0.00183224857184048,0.0146117430277314,"ENSG00000114978"
552.512384733362,-0.374590605339987,0.120237567645713,-3.11542068485402,0.00183682739342678,0.0146261084482642,"ENSG00000073331"
25.4374565882338,2.20370462742103,0.707299811585028,3.11565843978188,0.00183534722525044,0.0146261084482642,"ENSG00000144648"
116.127313449046,0.685143732543733,0.219912169661272,3.11553350412144,0.00183612488857838,0.0146261084482642,"ENSG00000254470"
15.9080768179817,-1.50812159197245,0.484131281938009,-3.11510874888181,0.00183877104703296,0.0146342090685273,"ENSG00000213420"
1268.57193158501,0.526350712076753,0.168989987730547,3.11468578195305,0.00184140954609549,0.014647828806252,"ENSG00000128274"
44.0128080294891,-1.07067590688089,0.34384988414708,-3.11378876726017,0.00184701670568708,0.0146850377032937,"ENSG00000256616"
42.9388855773623,1.09159298276596,0.350716956264437,3.11246138308439,0.00185534285363524,0.0147438160974495,"ENSG00000187479"
1195.62775819727,0.376741574737985,0.121074756485936,3.11164429045743,0.00186048527948048,0.0147772480870953,"ENSG00000164506"
366.424660762705,-0.659493931630151,0.212004454017,-3.11075507676489,0.00186609648047896,0.0148143679389983,"ENSG00000220785"
618.191711967945,-0.384587308833864,0.123725223595993,-3.10839857594179,0.00188104197268131,0.0149185689387792,"ENSG00000106443"
5856.93530423248,-0.368390535393795,0.118514987345128,-3.10838775454621,0.00188111085745336,0.0149185689387792,"ENSG00000167468"
1776.1030193457,0.441472668785016,0.142042345668931,3.10803561223912,0.0018833537226028,0.0149288620720918,"ENSG00000173744"
34.9005441454911,-1.06625806691911,0.343246753913437,-3.10638936788897,0.00189387160313364,0.0150047059108853,"ENSG00000178038"
81.3331135879701,0.963175741454576,0.31013412758203,3.10567478969182,0.00189845382327944,0.0150334704261497,"ENSG00000170745"
326.656178672826,-0.37034326744965,0.119278934648237,-3.10485056344461,0.00190375180431253,0.0150678712447542,"ENSG00000135315"
111.01579623841,0.697614615180016,0.224705826311495,3.10456843345468,0.00190556840329701,0.0150746968629375,"ENSG00000188613"
561.204147639377,-0.593125400437983,0.191181879959627,-3.10241431124768,0.00191949108876872,0.0151772373475316,"ENSG00000132256"
699.146400300501,0.245909401738187,0.0792829771445939,3.10166709922743,0.00192434230553594,0.0152079838633601,"ENSG00000096063"
1106.33539692208,0.263604338276595,0.0850620058625917,3.09896687250026,0.0019419673272156,0.0153395999176761,"ENSG00000144118"
916.717261647584,-0.818426692745178,0.264226077031037,-3.09744860136966,0.00195194242170225,0.0154106878451035,"ENSG00000183023"
219.284670136172,-0.429460186587038,0.138686425580955,-3.09662740811178,0.00195735727161102,0.0154457193690863,"ENSG00000206573"
994.652361128922,-0.314640765077929,0.101623259568655,-3.09614911402603,0.00196051743705851,0.0154629328360711,"ENSG00000018189"
371.324282679342,-0.500884218976028,0.161834301348052,-3.09504360202841,0.00196783966416631,0.0155129396279937,"ENSG00000111911"
936.327628227428,0.47111059707266,0.152229805521693,3.09473296282656,0.00196990165936585,0.0155214495833724,"ENSG00000125753"
1301.81426466469,0.806823746539938,0.260735135908747,3.09441895403891,0.00197198803720894,0.0155301430766833,"ENSG00000174804"
374.282453987783,0.386858076495504,0.125068225266761,3.09317634971124,0.00198026422097076,0.0155875506541585,"ENSG00000178307"
1712.82525969393,0.280983782708855,0.0908735492526368,3.09203046452707,0.00198792446547582,0.0156400551322645,"ENSG00000140299"
385.752977555187,0.330160147277208,0.106817850758055,3.0908705327261,0.00199570630322187,0.0156934635033843,"ENSG00000120688"
928.53425257331,0.47952038965007,0.155164728361861,3.09039557322446,0.00199890080754502,0.0156951465992029,"ENSG00000177663"
20.2291477661501,-1.22334391130993,0.3958531517229,-3.09039831054895,0.001998882383285,0.0156951465992029,"ENSG00000182379"
458.775976417833,0.369161511329469,0.11944533809675,3.09063139015482,0.00199731415312339,0.0156951465992029,"ENSG00000198818"
38.6222010299109,1.17136409271649,0.379109228746553,3.08977994703366,0.00200304839797329,0.0157198999459424,"ENSG00000186314"
683.338386269515,-0.336516235651052,0.108926319994856,-3.08939323082745,0.00200565781585357,0.0157211312463037,"ENSG00000135847"
15710.7685351709,2.06994117131649,0.670032557497467,3.08931431488583,0.00200619069455299,0.0157211312463037,"ENSG00000138829"
139.264085579319,0.859933299555639,0.278346204002337,3.08943785541411,0.00200535654650647,0.0157211312463037,"ENSG00000235105"
294.728297417798,0.714123306646793,0.231191513465517,3.08888200930137,0.00200911213762211,0.0157362189143055,"ENSG00000126218"
329.560791812434,0.642564729570627,0.208056431372378,3.08841560595917,0.00201226838504422,0.0157531298052174,"ENSG00000112297"
85.6989273729055,-0.597501993234354,0.193503024465287,-3.08781733456337,0.0020163236725956,0.0157770586328208,"ENSG00000151470"
1781.30067947257,-0.448489417466742,0.145265885296825,-3.08736918203703,0.0020193663148163,0.0157930440799346,"ENSG00000146242"
108.118079180124,-0.500808003987408,0.162308638051456,-3.08552896506124,0.00203190432285335,0.0158832382446498,"ENSG00000080947"
222.646406831943,0.471481047927696,0.152860590636453,3.08438588366451,0.00203972843941418,0.0159365132966692,"ENSG00000178449"
391.500420633339,0.474712809200538,0.153947004186599,3.08361186830981,0.00204504207377269,0.0159701308361151,"ENSG00000073169"
2089.62152014328,0.343463901637601,0.11144329015288,3.08196124833025,0.00205641606607535,0.0160510182864913,"ENSG00000136051"
1273.67228647948,0.507799294389703,0.164774643063257,3.08178057587877,0.00205766455034463,0.0160528318846145,"ENSG00000165732"
1034.34917301401,0.522906055256634,0.169753871728943,3.08037778420508,0.00206738181796206,0.0161136636708079,"ENSG00000113441"
407.533531001333,0.347608895909708,0.11284682382587,3.08036047559559,0.00206750197877754,0.0161136636708079,"ENSG00000132406"
32.1896476160835,-0.839963003252,0.272754199918189,-3.07956029092839,0.00207306406594441,0.0161490464071942,"ENSG00000151743"
1603.62447696796,0.351598534306464,0.114206745379506,3.07861442980545,0.00207965645118083,0.0161924162719343,"ENSG00000131408"
2918.36577753478,0.287914033071434,0.0935425088786162,3.07789513583649,0.00208468259326388,0.0162235544868881,"ENSG00000120705"
401.056669932827,-0.470789501814218,0.152968413962679,-3.07769094036029,0.00208611145969029,0.0162266808666604,"ENSG00000254004"
1978.18807845103,0.346690501530956,0.11266930558034,3.07706255705769,0.00209051423588236,0.0162529251468846,"ENSG00000172725"
6279.45837915838,0.806083474430698,0.262011766043821,3.07651632062921,0.00209434837154593,0.0162747248271926,"ENSG00000162545"
1097.6568150555,-0.584014480563365,0.189853637116875,-3.0761300622534,0.00209706348305437,0.0162878116545196,"ENSG00000006451"
658.489567210841,-0.414793030154382,0.134882439076927,-3.07521893133778,0.00210348085530521,0.0163296268069345,"ENSG00000135778"
2900.51824127735,-0.325132719335229,0.105735250931934,-3.07496995060361,0.00210523763300646,0.0163352377830236,"ENSG00000106105"
617.019610838949,0.318540365000694,0.103626927046859,3.07391499563288,0.00211269620625419,0.0163770238794915,"ENSG00000119953"
451.509318490267,0.437503585960221,0.14232677033053,3.07393742543439,0.00211253737485584,0.0163770238794915,"ENSG00000149541"
314.327335213182,-0.400078054204692,0.130168232621226,-3.07354602692403,0.00211531054424711,0.0163892476596448,"ENSG00000099326"
3698.12123150668,1.12295986091271,0.365465653408965,3.0726823449428,0.00212144179111618,0.0164286948117909,"ENSG00000162496"
1226.36048090375,-0.196339937986575,0.0639368410384438,-3.07084201843066,0.00213456059581986,0.0165193814245393,"ENSG00000144895"
91.7927697299578,-1.0265176191869,0.334289273985487,-3.07074650331576,0.00213524350353901,0.0165193814245393,"ENSG00000145861"
216.275195579426,-0.477430125541658,0.155544000556563,-3.06942166739527,0.00214473641174418,0.0165847018270849,"ENSG00000166171"
72.3413700207568,-0.886355928464971,0.28885373944149,-3.06852848842731,0.00215115816957485,0.0166262215082894,"ENSG00000151623"
50.9201101240377,-0.781044945398734,0.254604425377832,-3.06768016400212,0.00215727375169997,0.0166653353199785,"ENSG00000184949"
499.887549433859,0.54801905878945,0.178713710301889,3.0664634395633,0.00216607296296088,0.0167169617336864,"ENSG00000078070"
193.38718982117,-0.551866068608917,0.179965975060629,-3.06650225645708,0.00216579173630273,0.0167169617336864,"ENSG00000121417"
210.094106374408,-0.579497039847327,0.188999065731298,-3.06613706054612,0.00216843888877081,0.0167270495921881,"ENSG00000206530"
683.523994318385,0.259669158074166,0.0846959077773949,3.06589969797184,0.0021701610209075,0.016732163888871,"ENSG00000154582"
78.2225955392572,-0.687365655452541,0.224393680975711,-3.06321306582133,0.00218974089020413,0.0168748910163146,"ENSG00000213073"
2044.8779491518,0.329186469450325,0.107492587755161,3.06241087246056,0.0021956184987538,0.0169119361498355,"ENSG00000157954"
2831.7907871501,-0.188112488086163,0.0614317021578177,-3.06214025460181,0.00219760455437094,0.0169189847709318,"ENSG00000235655"
221.344120538824,-0.725859932753968,0.237193030111385,-3.0602076815373,0.00221183558031323,0.0170153122947834,"ENSG00000143067"
27.975347767844,-0.950155170761288,0.310493129162157,-3.06014878115085,0.00221227063257913,0.0170153122947834,"ENSG00000260920"
34.2341612144949,-1.13329549001607,0.370428613521032,-3.05941670985879,0.00221768443400162,0.0170486514298577,"ENSG00000158806"
264.314876620373,-0.472544988859197,0.154464447073333,-3.05924759912457,0.00221893676394871,0.0170499820023647,"ENSG00000171163"
616.108006892835,-0.399866026214048,0.130773875961289,-3.05769040853706,0.00223049885506099,0.0171304914498073,"ENSG00000146416"
1206.50516659909,0.291623025795198,0.0954051473964538,3.05668020807478,0.00223802905855008,0.0171799723357503,"ENSG00000197601"
135.777962938277,-0.64630145527674,0.211539722702815,-3.05522502827852,0.00224891716371525,0.0172551691852227,"ENSG00000155085"
1137.44601810712,0.334788330717659,0.10958500341201,3.05505607787358,0.00225018444257002,0.0172565115649132,"ENSG00000130202"
2744.91170035572,-0.425271884222984,0.13938289052934,-3.05110535882785,0.00228000553673155,0.0174767236629234,"ENSG00000106991"
2794.97881813292,-0.196391574868442,0.0643835647859527,-3.05033707781418,0.00228584660933612,0.0175109866437396,"ENSG00000054118"
425.581293607417,-0.477381321003471,0.156506869594095,-3.05022598842833,0.00228669233105676,0.0175109866437396,"ENSG00000178028"
2265.84811813325,0.23751641186736,0.0778896623700886,3.0493958330287,0.0022930213706516,0.0175509455492025,"ENSG00000005007"
3062.25245691628,0.39076783774626,0.12816151908712,3.04902626412089,0.00229584409330054,0.0175640411554295,"ENSG00000184371"
1268.81666215147,0.271054116144871,0.0889268611015449,3.04805671522979,0.00230326452523491,0.0176122812050635,"ENSG00000108061"
2965.44251685909,-0.712411249363963,0.233787910583913,-3.04725444350236,0.00230942130556457,0.0176508165386111,"ENSG00000181072"
18.2789474139647,-1.15775666804543,0.379970263788192,-3.04696650864974,0.00231163464359643,0.0176591896032575,"ENSG00000157578"
1413.9585559406,-0.352802149303126,0.115887203937274,-3.04435811130698,0.00233177393709395,0.0178044295109764,"ENSG00000010818"
441.965168542705,-0.914445616243807,0.300438664460494,-3.04370150854552,0.0023368687821984,0.0178347116044301,"ENSG00000188153"
679.361397503599,-0.461304809017684,0.151615811799087,-3.04259037064669,0.00234551377572877,0.0178920456924013,"ENSG00000171681"
1276.23144965589,0.3657494320484,0.120238918687499,3.04185563244278,0.00235124633851336,0.0179271185597655,"ENSG00000175348"
420.552605331052,-0.365597738133501,0.120223895184956,-3.04097398916459,0.00235814201360368,0.0179710214813849,"ENSG00000105204"
1012.22278872955,0.249987836007704,0.0822949021552021,3.03770743339904,0.00238385272667953,0.0181407058651653,"ENSG00000104365"
53.7183575266142,-0.651620353182961,0.214502936614625,-3.03781553514886,0.00238299777972607,0.0181407058651653,"ENSG00000235386"
48.9026199586639,-1.18570689783109,0.390324258153639,-3.03774841830193,0.00238352855533152,0.0181407058651653,"ENSG00000253540"
883.420703215083,-0.408697869429799,0.134570531479882,-3.03705324587277,0.00238903250975464,0.0181713700477149,"ENSG00000111752"
22.2656078262654,1.53959575409435,0.50719482425269,3.0355115637523,0.00240128015171878,0.0182557381313057,"ENSG00000180139"
4803.05513719503,0.358269474496784,0.118031866949838,3.03536226067697,0.0024024693130959,0.0182559933661804,"ENSG00000152558"
2676.68533166528,-0.306398461108796,0.100965855411023,-3.03467404759238,0.0024079577292501,0.0182855299834834,"ENSG00000102401"
1281.06242009176,0.322339301591028,0.106221883695552,3.03458468609823,0.002408671217599,0.0182855299834834,"ENSG00000168175"
12.1416985730267,-1.58966991062047,0.524270242644411,-3.03215742820383,0.0024281253232668,0.0184100290749282,"ENSG00000155011"
111.796349882468,0.541047452465554,0.178440916498786,3.03208178416431,0.0024287339029914,0.0184100290749282,"ENSG00000180611"
38.7059649602475,1.20411641380613,0.397125795073445,3.0320780688231,0.00242876379765852,0.0184100290749282,"ENSG00000198691"
140.002351432696,-0.514342482332753,0.169640387054447,-3.03195772695137,0.00242973228391095,0.0184100290749282,"ENSG00000213930"
448.168577463801,-0.441529262718698,0.145687040709756,-3.03066944436281,0.00244012228042915,0.0184798905974207,"ENSG00000140332"
5708.30393511738,0.406783568154141,0.13423404192735,3.03040541962001,0.00244225665343453,0.0184871924345753,"ENSG00000197702"
228.075611132574,-0.566393174744488,0.186939922820038,-3.02981388994013,0.00244704477590559,0.0185145657901132,"ENSG00000119943"
1337.27954377901,-0.794540529151374,0.2622694418383,-3.02948190830879,0.00244973575506905,0.018517189214632,"ENSG00000154654"
863.039814404615,0.371543691157096,0.122638862773508,3.02957547676605,0.00244897703324157,0.018517189214632,"ENSG00000157107"
174.964013227794,-0.389448553495283,0.128572494810056,-3.02901918540685,0.00245349101563103,0.0185367054351693,"ENSG00000198551"
390.700425138911,0.426458964650847,0.140851748500146,3.0277150918748,0.00246410284046895,0.018607981201591,"ENSG00000162961"
3096.83503765398,-0.384186507987472,0.126909613672712,-3.02724511460774,0.00246793747894336,0.0186280345400608,"ENSG00000102316"
773.466073690583,0.295680706837989,0.0977042142178721,3.02628406773372,0.0024757958567587,0.0186784254752025,"ENSG00000126804"
2117.74217673968,0.486129292116282,0.160663909669705,3.02575290938502,0.00248014889906738,0.0187023352302943,"ENSG00000197496"
1185.86302539642,0.601937759147803,0.198967149526703,3.02531227179801,0.00248376540274561,0.0187206707216484,"ENSG00000213949"
703.812378776465,0.256683386232129,0.0848518185453467,3.02507819670302,0.00248568852020473,0.0187262313982806,"ENSG00000175073"
12.6370646979923,-1.46232863348341,0.48344702609795,-3.02479600564785,0.00248800876056413,0.0187347771207779,"ENSG00000229116"
21.5612519849669,1.64856201258346,0.545112504560304,3.0242601275735,0.00249242032949997,0.0187590549620965,"ENSG00000197943"
11009.4089114761,0.303802827271482,0.100470251751626,3.02380875905951,0.00249614173220837,0.0187781176597276,"ENSG00000139644"
395.33997715853,1.20178212221211,0.397509924544884,3.02327576748694,0.0025005426382908,0.0187933266411598,"ENSG00000069535"
42.688575651218,-0.731814682356149,0.24205306170034,-3.02336470034876,0.00249980782750335,0.0187933266411598,"ENSG00000235823"
641.919294633623,2.29844246724921,0.76057736623058,3.02197063612383,0.00251134908302549,0.0188563222347631,"ENSG00000165072"
38.5660202943524,1.37360913793623,0.454561820296763,3.02183130347256,0.00251250527308371,0.0188563222347631,"ENSG00000166292"
2304.4085961577,0.26254194898682,0.0868756300494607,3.02204368287571,0.00251074313151637,0.0188563222347631,"ENSG00000167193"
2170.37186127556,-0.441324638304282,0.146069492554519,-3.02133341183178,0.00251664078542283,0.0188694310052728,"ENSG00000119977"
2601.34922781427,0.26729537260529,0.0884659705470981,3.02144848411498,0.00251568443654532,0.0188694310052728,"ENSG00000148672"
369.97744176482,-0.380064531760058,0.125801480427323,-3.02114514446931,0.00251820616504515,0.0188722110983792,"ENSG00000130005"
492.377045484308,0.465931311088037,0.154264428969179,3.02034185198408,0.00252489528362138,0.0189133692226888,"ENSG00000148841"
2387.24646438812,0.439372556506079,0.145524390731167,3.01923653003123,0.00253412600880157,0.0189735178611598,"ENSG00000133104"
2939.33315419739,0.392728310432611,0.130101103343154,3.01863935309414,0.00253912596457429,0.0190019478864731,"ENSG00000131507"
3861.46861232772,0.280927314736843,0.093102430281507,3.01740044687795,0.00254952768578184,0.0190707568087033,"ENSG00000153250"
1652.83005667887,0.340197980773919,0.112794910088921,3.01607564122995,0.00256069371510997,0.0191452150077176,"ENSG00000116604"
1100.78296680739,1.8823891966889,0.624265789335892,3.01536497569637,0.00256670192128415,0.019181058161044,"ENSG00000162493"
107.973567753793,-0.58018213403551,0.192482751592419,-3.01420324281337,0.00257655137037313,0.0192455595977091,"ENSG00000132801"
1366.97374036984,-0.63048154837331,0.209224894625496,-3.01341553786822,0.00258324937001115,0.0192864714307355,"ENSG00000143416"
996.911151204049,0.254498535275325,0.0844636852648251,3.0131119010185,0.00258583549851434,0.0192966599931646,"ENSG00000122741"
368.318454808479,-0.334012232016603,0.110926402526703,-3.01111569841271,0.00260289653292875,0.0194056439014669,"ENSG00000117697"
8679.54006966397,-0.977208165474136,0.324532209819678,-3.01112843627173,0.00260278734020178,0.0194056439014669,"ENSG00000159674"
1293.7260325112,0.375117768576504,0.124642665904423,3.00954545423594,0.0026163892599229,0.019478660475147,"ENSG00000033327"
2968.6975385218,-0.202077415563745,0.0671407783520677,-3.00975682027555,0.00261456932618312,0.019478660475147,"ENSG00000069329"
324.85907754985,-0.72623742328523,0.241300128086825,-3.00968519595611,0.00261518590633669,0.019478660475147,"ENSG00000261888"
114.508024601812,0.638989026104469,0.2123347105549,3.00934795085825,0.00261809087801825,0.0194821477583289,"ENSG00000155008"
539.937551041343,0.293808584275132,0.0976467269096914,3.00889331955654,0.00262201166338605,0.0195021375980098,"ENSG00000197265"
240.890027274488,-0.693227929522511,0.230416485653425,-3.00858650611142,0.00262466068571551,0.0195034757821889,"ENSG00000183010"
296.370340952758,-0.88535508323985,0.294264347065487,-3.00870660026924,0.00262362350343064,0.0195034757821889,"ENSG00000214391"
25.043329154385,-1.47870728762545,0.491732750855065,-3.0071360613141,0.00263721695577157,0.0195875662751665,"ENSG00000132321"
471.785680164249,-0.522897335273284,0.173959470666772,-3.00585724519085,0.00264833298517854,0.0196492662624715,"ENSG00000095951"
1664.58256981407,0.495673255221524,0.164900874292196,3.00588615645067,0.00264808120340908,0.0196492662624715,"ENSG00000108829"
85.043575724384,-0.899971037040568,0.299416329999179,-3.00575134643803,0.00264925542088014,0.0196492662624715,"ENSG00000178301"
656.931895587627,-0.270066578218,0.0898597849175366,-3.00542204130399,0.00265212572438933,0.0196613243519018,"ENSG00000139154"
746.66434538138,0.296554312283902,0.0986898118421871,3.00491313893795,0.00265656703179826,0.0196820499127887,"ENSG00000100714"
177.765803657525,-0.490873186453761,0.163362129615681,-3.00481627907624,0.00265741311963403,0.0196820499127887,"ENSG00000111602"
310.325480666017,-0.660792855326033,0.219951375487389,-3.00426789267302,0.00266220801712055,0.0197083234557031,"ENSG00000222009"
2105.3184725985,0.203651264719385,0.0677971094369025,3.00383403379342,0.00266600712752205,0.0197272040283809,"ENSG00000009335"
1656.77797480732,-0.360919949383881,0.120162139457454,-3.00360788359359,0.00266798938878519,0.0197326293839085,"ENSG00000166986"
173.8521725057,0.712084125691017,0.237207566226957,3.00194524575032,0.00268260421787598,0.0198197382994324,"ENSG00000115946"
293.011955519669,1.35635750631248,0.45185905750664,3.00172694069001,0.00268452857536828,0.0198197382994324,"ENSG00000116106"
821.255732986925,0.68781206065687,0.229141007205247,3.00169781500865,0.00268478541339318,0.0198197382994324,"ENSG00000180694"
276.193916420356,0.580181837004384,0.193278137055776,3.00179754338669,0.00268390607514344,0.0198197382994324,"ENSG00000184785"
2673.89636175335,-0.7299855545324,0.243293171511735,-3.00043585274727,0.0026959353213933,0.0198862367813372,"ENSG00000181019"
2514.13551166836,0.348514689651015,0.116156330078218,3.00039343027049,0.0026963108738843,0.0198862367813372,"ENSG00000203485"
14.55993633433,-1.4229209845498,0.474283852608029,-3.00014638222518,0.00269849886045239,0.019893086793013,"ENSG00000214212"
7484.97960089007,0.26390179641363,0.0879866196184582,2.99934009918785,0.00270565101718922,0.0199293853513599,"ENSG00000108946"
2370.23952193896,0.271677325716139,0.0905800352626257,2.99930691049572,0.00270594578925604,0.0199293853513599,"ENSG00000134108"
1022.95596260767,0.306454889735034,0.102192560829331,2.99879841788912,0.00271046573941918,0.0199533726707103,"ENSG00000120265"
379.503492429971,-0.434363658990356,0.144863979406512,-2.99842418225624,0.00271379669579601,0.0199685888216979,"ENSG00000146143"
974.592079449722,0.373917530915704,0.124714807307939,2.9981807211749,0.00271596567570854,0.0199752447601692,"ENSG00000090238"
168.265002958153,-1.41166566494621,0.470936689634838,-2.99756994096341,0.00272141405232796,0.0200060024191146,"ENSG00000273179"
1781.55957594171,0.401049834755359,0.133813792158433,2.99707398083841,0.0027258455375431,0.0200292594428399,"ENSG00000109814"
22.2429356195062,1.22626484766347,0.40938604146061,2.99537532664375,0.00274107329764926,0.0201317879852454,"ENSG00000082126"
1281.19850485641,-0.450349691743968,0.150398728012266,-2.99437167917564,0.00275010708270223,0.0201887507864916,"ENSG00000150630"
19.123898033489,-1.44832455872431,0.483755296496959,-2.99391979625265,0.00275418333288163,0.0202092839260864,"ENSG00000110203"
2494.6573211081,0.23630788439327,0.0789381246716636,2.99358371352464,0.00275721857514296,0.0202221629759092,"ENSG00000121892"
43.6350453946252,0.912597028754333,0.304884213144987,2.99325773329021,0.00276016549826892,0.0202343826179361,"ENSG00000184185"
1161.95873749948,0.276335025318678,0.0923400032971849,2.99258193038317,0.00276628405178364,0.0202698309137653,"ENSG00000110931"
325.467694805334,-0.570645630904482,0.190755803530911,-2.99149813710392,0.0027761223201526,0.0203324897606726,"ENSG00000125772"
629.350965500675,0.360881231101106,0.120649052302236,2.99116507104481,0.00277915218237502,0.0203452484602227,"ENSG00000037637"
2367.21691008786,0.228590607866894,0.0764348176648674,2.99066073355682,0.00278374583000907,0.0203518710225618,"ENSG00000103342"
136.573812099365,0.49910834235805,0.166897948797761,2.99050015864992,0.00278520984623235,0.0203518710225618,"ENSG00000113119"
2760.42636666156,0.525428060369034,0.175685262279493,2.9907349856879,0.00278306908567035,0.0203518710225618,"ENSG00000118515"
1381.81923000308,-0.24680478439369,0.0825257774724233,-2.99063870650794,0.00278394661652728,0.0203518710225618,"ENSG00000189241"
13.9453742761202,-1.59505511444578,0.533504955436152,-2.98976625838797,0.00279191002132774,0.0203913982972425,"ENSG00000270605"
621.045246492103,-0.315546028271085,0.105573167581506,-2.9888847280013,0.00279997745097968,0.0204408705039635,"ENSG00000115129"
2134.99738058321,0.618237602250497,0.206864939619241,2.98860504534232,0.00280254144517222,0.0204501384530396,"ENSG00000124831"
1161.21937449382,0.266173789636194,0.0891403750489825,2.98600706458697,0.0028264611342964,0.020611014950158,"ENSG00000087470"
200.756428270279,0.462592225364565,0.154938777071389,2.98564526007213,0.00282980702790813,0.020611014950158,"ENSG00000107362"
1100.65443712692,0.452846666945415,0.151672342559881,2.98569046473737,0.002829388786863,0.020611014950158,"ENSG00000156162"
428.567253160726,-0.512903590895377,0.171775531844341,-2.9858943551993,0.00282750305990306,0.020611014950158,"ENSG00000172345"
700.146926768956,-0.273679932061835,0.0916884682594043,-2.98488934603577,0.00283680923964518,0.0206524941787625,"ENSG00000102974"
1441.73087393481,0.399568864533665,0.133895600951051,2.98418216652045,0.00284337433161576,0.020671710856358,"ENSG00000027697"
2219.87949631705,0.310863629508476,0.104163798195484,2.98437302492638,0.00284160113467592,0.020671710856358,"ENSG00000131100"
240.636107136561,0.678564420640908,0.227383933562207,2.98422324748493,0.00284299257781832,0.020671710856358,"ENSG00000167702"
449.715072071132,0.412721259204744,0.138350800889345,2.98315048811929,0.00285297678754874,0.0207319812740087,"ENSG00000078177"
24.9374400522056,-1.01862619734252,0.341565025882896,-2.98223213781774,0.00286154932779835,0.0207847155312912,"ENSG00000271930"
840.595322182205,0.693870521749209,0.2327503619013,2.98117913149992,0.00287140778097797,0.0208467371892877,"ENSG00000148082"
591.298841992516,0.446116286066077,0.149654693700805,2.98097089395652,0.00287336101019088,0.0208488356271935,"ENSG00000067955"
6548.32505549731,0.843548472111809,0.282987627563573,2.9808669706675,0.00287433624484286,0.0208488356271935,"ENSG00000152377"
470.457647078587,-0.320336452158345,0.107488760540142,-2.98018556124959,0.00288073820178211,0.0208856824744166,"ENSG00000132535"
119.626453016836,1.48998423110488,0.499991174631928,2.98002106177523,0.00288228565138367,0.0208873159268621,"ENSG00000171385"
44.5568619265672,0.896572608210339,0.301012836122778,2.97851952015974,0.0028964457953725,0.020980307508159,"ENSG00000181800"
25.5430767718047,0.984445970218544,0.330534623047658,2.97834448065249,0.00289810061459386,0.0209826734689981,"ENSG00000003987"
3325.3620384056,0.348510837901385,0.117103220069602,2.97609952735922,0.00291940099353697,0.0211272088391649,"ENSG00000170876"
252.212827630239,0.429649823790476,0.144395174415644,2.97551372841395,0.00292498257889444,0.0211482264445649,"ENSG00000099974"
1335.97265639962,-0.468774954982177,0.157538388615654,-2.97562365021929,0.0029239344847741,0.0211482264445649,"ENSG00000171150"
1211.38918097201,0.384553038456153,0.12925688826595,2.97510673214508,0.00292886623589772,0.0211666188447906,"ENSG00000100221"
4771.06247660812,-0.193870804707356,0.0651728093759797,-2.97471915916533,0.00293256892501934,0.0211836871867652,"ENSG00000198663"
3594.71730489371,0.343191434401372,0.115420670233502,2.97339665163163,0.00294523571830209,0.0212654633810495,"ENSG00000011304"
4600.14646837214,0.62586756561237,0.210526629185616,2.9728665111555,0.00295032733325472,0.0212924948427401,"ENSG00000134324"
152.964399509044,0.824061012408564,0.277261343949776,2.97214534370084,0.00295726651897676,0.0213328294368926,"ENSG00000145990"
201.509968160398,-0.348331070951414,0.117210373113354,-2.97184508247016,0.00296016006795304,0.0213439565283077,"ENSG00000188428"
1639.92886970331,0.386460928464736,0.13005945579894,2.97141738823027,0.00296428612052039,0.02136395626459,"ENSG00000205730"
343.990705153211,-0.337141763968393,0.113475020989362,-2.97106588770755,0.00296768104477676,0.0213786708369281,"ENSG00000079134"
341.998064623297,0.450302194202489,0.15162606275674,2.96982053095271,0.00297973773897633,0.0214557414769135,"ENSG00000138382"
1453.82394267472,1.7681941117498,0.595482975333927,2.96934452367551,0.00298435790975848,0.0214792192521023,"ENSG00000154856"
279.657146241209,0.904203825642639,0.304605597288984,2.96844126861138,0.00299314295942512,0.0215326377381594,"ENSG00000117602"
136.554874773645,-1.24494506633716,0.41965309269947,-2.9666052460829,0.00301107285464691,0.021651765570192,"ENSG00000137331"
310.321247182272,-0.659880440796997,0.22250384393902,-2.96570355421745,0.00301991425962224,0.0217054619988681,"ENSG00000160867"
556.757438584335,-0.468646415205868,0.158064852743133,-2.96489957807035,0.00302781749145923,0.021748172404444,"ENSG00000100350"
2650.53674197858,0.364778158297314,0.12303555437002,2.96481907335723,0.00302860990567013,0.021748172404444,"ENSG00000148484"
349.597182295328,-0.392040400831787,0.132261812262561,-2.964123915477,0.00303546027227032,0.0217824164396614,"ENSG00000158552"
4842.55076057845,-0.389679407214727,0.131468328192688,-2.96405539320154,0.00303613628308231,0.0217824164396614,"ENSG00000166949"
302.227928291169,-0.313298395308615,0.105708115715022,-2.96380645127791,0.00303859339106697,0.0217901490658539,"ENSG00000122512"
298.523014866351,0.643349202716643,0.217115820264334,2.96316132989931,0.00304496931416593,0.0218259642582547,"ENSG00000005249"
744.645287911591,0.446614935167582,0.150748955187093,2.96264033547226,0.00305012735801298,0.0218530213160494,"ENSG00000169446"
167.808932250122,-0.560756068351697,0.18930653150204,-2.96215911782026,0.00305489867478145,0.0218772843446044,"ENSG00000197557"
597.087491078591,-0.739132731483366,0.249551064408546,-2.96184964482184,0.00305797072310848,0.0218893617959527,"ENSG00000109680"
14.7918666893481,-1.6722475661161,0.564648365874419,-2.96157337412364,0.00306071556181721,0.021899087158328,"ENSG00000137642"
596.877694497627,-0.965433812309046,0.326035023335837,-2.96113528672835,0.00306507270843403,0.0219203343810959,"ENSG00000161513"
470.277886149209,0.556811404596208,0.188078930175814,2.9605198417266,0.00307120338077045,0.0219542402757519,"ENSG00000163577"
2200.41489115375,0.310609985059232,0.10493018252207,2.96015862732253,0.00307480677483469,0.0219665132828849,"ENSG00000163320"
1354.88038530371,0.254566967703368,0.0860003483869631,2.96006902853383,0.0030757011888683,0.0219665132828849,"ENSG00000196663"
1983.46532498723,-0.363997600698909,0.122986726582015,-2.95964947449977,0.0030798925168873,0.0219775744965081,"ENSG00000135052"
319.19119041099,-0.680774430993985,0.230019687404952,-2.95963549326747,0.00308003227846999,0.0219775744965081,"ENSG00000188483"
1645.02081036756,0.514351476013886,0.173803566011465,2.95938390573618,0.00308254822931836,0.0219855968066688,"ENSG00000157827"
392.1751391899,-0.337705030819805,0.114172223871847,-2.95785629260286,0.00309786509737266,0.0220848704008544,"ENSG00000122085"
314.1007859706,0.910294260712182,0.307775480690306,2.95765685645423,0.00309986989036796,0.0220891946450307,"ENSG00000080573"
1078.82456380476,0.250089297240432,0.0845943099604108,2.95633710302112,0.00311316629732724,0.0221639482492906,"ENSG00000112343"
2897.01201809971,0.293046312536695,0.0991234739269412,2.9563765365274,0.00311276825554832,0.0221639482492906,"ENSG00000145907"
500.745656623316,-0.282292207424143,0.0954941079486141,-2.9561217282227,0.00311534110936701,0.0221694409215226,"ENSG00000140265"
184.333419501418,0.449322266631822,0.152034076160148,2.95540498538314,0.00312258861541868,0.0222110107818029,"ENSG00000105607"
1691.75661838807,0.311782458506511,0.105529338159493,2.95446236984161,0.00313214348488543,0.0222689481432133,"ENSG00000131467"
488.472502547807,0.727740535507326,0.246331364443602,2.95431536763944,0.0031336359802013,0.022269537208826,"ENSG00000229619"
123.653923764705,-0.456665214363628,0.154608202916545,-2.9536933083048,0.00313995885159265,0.0223044379215201,"ENSG00000204947"
57.4944018275751,-0.673551178286539,0.228265914839238,-2.95073041790275,0.00317023482936458,0.0225093797008097,"ENSG00000231242"
15.0708254856542,-1.7595237898516,0.596445317395302,-2.95001693958384,0.00317756507068873,0.0225512906499284,"ENSG00000166762"
798.527905091891,0.542725016034002,0.184082460615716,2.94827119443485,0.00319556595749672,0.0226688598996557,"ENSG00000244486"
13.8930346744654,-1.55725318478499,0.528254475491398,-2.9479223689234,0.00319917391996307,0.0226740913358352,"ENSG00000198944"
36.0602269320342,-0.954597441016289,0.32381453196226,-2.9479759145817,0.00319861984689377,0.0226740913358352,"ENSG00000236255"
75.4410524477699,-0.803003160282055,0.272409819500734,-2.94777611818024,0.00320068772086302,0.0226746478090556,"ENSG00000112561"
1780.2845976476,0.762988465253994,0.258879077515694,2.94727744156049,0.0032058542932998,0.0227010695318468,"ENSG00000136378"
543.959453175373,0.343874921527651,0.116690568830234,2.94689558012125,0.00320981573118298,0.0227189376887226,"ENSG00000213341"
273.124336298612,0.681826756476671,0.231385117679525,2.94671828211969,0.00321165654000881,0.022721786842391,"ENSG00000174839"
1427.02024233822,-0.369707080918729,0.125497408529035,-2.94593398582564,0.00321981109670948,0.0227692818736869,"ENSG00000117385"
196.71552362519,0.487847942120126,0.165626850324794,2.94546410297278,0.00322470563868766,0.0227936911319855,"ENSG00000169689"
1392.13486516566,0.464307182029968,0.157676571489216,2.94468085933568,0.00323287937961537,0.0228412470658156,"ENSG00000079950"
88.5312258189999,-0.57948232000813,0.196839921648524,-2.94392679673411,0.00324076642590636,0.02288497172921,"ENSG00000106077"
19.1354139522463,-1.14158467950151,0.387791255787915,-2.94381232805787,0.00324196523167313,0.02288497172921,"ENSG00000229474"
1153.3815878846,-0.477008419870062,0.162077345803575,-2.94309125994795,0.00324952611617013,0.0229280989652772,"ENSG00000115183"
45.2498213811119,-1.36339194479921,0.463442726164345,-2.9418779664172,0.00326228458323574,0.0230078445740885,"ENSG00000134259"
571.289116453818,0.274808930696249,0.0935221382671087,2.93843720629405,0.00329871473562076,0.0232543933035862,"ENSG00000116212"
376.688183945549,0.32105544316392,0.10928310001072,2.93783250230297,0.00330515538660804,0.0232894044592479,"ENSG00000147679"
822.434170872697,0.553233012919428,0.188346878167637,2.93730917284982,0.00331073856778195,0.0233079536068713,"ENSG00000120800"
1745.7447178164,0.301297326112434,0.102573824908319,2.93737048785822,0.0033100839798434,0.0233079536068713,"ENSG00000169057"
722.464856829227,-0.262901322560114,0.0895403248477231,-2.9361220545851,0.00332343528940292,0.0233765052101457,"ENSG00000198919"
35.7952436484841,-0.930565901753462,0.316929124332788,-2.93619560434064,0.00332264735746299,0.0233765052101457,"ENSG00000228801"
365.015332464473,-0.27908561831752,0.095104287925677,-2.93452192750366,0.00334061948662424,0.023486918847214,"ENSG00000103540"
242.485992381927,-0.61347924308711,0.209130069503952,-2.93348175392595,0.00335183354798564,0.0235552786437176,"ENSG00000237037"
92.8075866743364,-1.12338771711649,0.383133251852005,-2.93210707158989,0.00336670652089604,0.0236492795096112,"ENSG00000132326"
865.312865774151,-0.418722563941377,0.142824674098777,-2.93172427371891,0.00337085877371888,0.0236679230698715,"ENSG00000196405"
287.787944942163,-0.29829456273913,0.10176233335827,-2.9312865860587,0.00337561213600184,0.0236907687803452,"ENSG00000148399"
13.4832908102761,-1.39791486699873,0.476926454359276,-2.93109106073125,0.00337773754578609,0.02369515885805,"ENSG00000185972"
3797.76626164044,0.287634453331845,0.0981530367321683,2.9304692234507,0.00338450517679385,0.0237320962197023,"ENSG00000153317"
847.094697814142,-0.328249996577144,0.112033703664382,-2.92992185244967,0.00339047258451846,0.0237633921429559,"ENSG00000179899"
245.674520589972,-0.375631672394562,0.128341615543528,-2.92681115789106,0.00342456748469901,0.0239917149105432,"ENSG00000143748"
23.2062947572971,1.35360107049522,0.462709138497133,2.92538218478175,0.00344033417941199,0.0240914890808292,"ENSG00000158125"
865.930756901386,0.241201293584457,0.0824781059039869,2.92442813690752,0.00345089750008728,0.0241547535252011,"ENSG00000068120"
13725.6754867585,-0.862550703706748,0.295020750861154,-2.92369503226128,0.00345903456221759,0.024200986720068,"ENSG00000139329"
31.5641773360297,1.0342211889734,0.353768846972301,2.92343771314148,0.00346189480218582,0.0242102762660167,"ENSG00000079435"
118.63723347157,0.556332334108765,0.190350195217373,2.92267803284075,0.00347035161910537,0.0242586791498348,"ENSG00000115271"
132.15884203255,-0.583542664862492,0.199738890036862,-2.921527524033,0.00348319497086023,0.0243376886995356,"ENSG00000177432"
3779.12988932151,0.39677964460763,0.13589296621293,2.91979530409189,0.00350261368230841,0.0244625512613211,"ENSG00000053254"
654.080669040112,-0.542402307013018,0.185802385147516,-2.91924297194777,0.00350882617565246,0.0244937559825104,"ENSG00000164465"
37.6793484938924,-0.793867779284137,0.271954252971287,-2.91912250170971,0.00351018252591489,0.0244937559825104,"ENSG00000180938"
131.631451012384,-0.455807645923462,0.15617731141721,-2.91852665273398,0.00351689808805674,0.0245202052527013,"ENSG00000065665"
14.3706026211872,1.59134592233679,0.545259566787682,2.918510777742,0.00351707716816186,0.0245202052527013,"ENSG00000213402"
716.432018020528,0.465184280240332,0.159401255906746,2.91832255394824,0.00351920108593188,0.0245241900112712,"ENSG00000151327"
286.844820228204,-1.15980491582381,0.39750850235214,-2.91768580787833,0.00352639478501927,0.0245620132167381,"ENSG00000119514"
91.8323579288251,-0.620451494068494,0.212660579228016,-2.91756702779993,0.0035277381939979,0.0245620132167381,"ENSG00000121690"
2998.26365429181,0.233697497781991,0.080117515053947,2.91693392667797,0.00353490645981635,0.0246010802873034,"ENSG00000112531"
126.920680481047,-0.733779548449688,0.251677208725458,-2.91555819522034,0.00355052884030745,0.0246989232140806,"ENSG00000105997"
893.9997714689,0.472259972587042,0.162068285950729,2.91395673013174,0.00356879368367906,0.0248150539677648,"ENSG00000071205"
1789.35750743696,0.263489716204746,0.0904793629650557,2.91215264531105,0.00358947177135787,0.0249478552766879,"ENSG00000101367"
368.756053105184,0.441125556820927,0.151491905327442,2.91187542903667,0.00359265881513167,0.0249590254887643,"ENSG00000104343"
681.742203302598,0.334309802311592,0.114832308089246,2.91128697031649,0.00359943262031284,0.0249923726093888,"ENSG00000168310"
1047.89291687788,0.360612282117606,0.123871360398273,2.91118367440351,0.00360062286738631,0.0249923726093888,"ENSG00000172531"
399.640268791338,0.361901444215331,0.124340994269169,2.91055613912737,0.00360786146037778,0.0250316185116593,"ENSG00000163877"
532.311439022138,-0.470434794554564,0.161657482210222,-2.91007126996327,0.00361346346712288,0.025059480181566,"ENSG00000237187"
190.757503372227,-0.37295300486313,0.128184498056619,-2.9095016208465,0.00362005509774018,0.0250941774612108,"ENSG00000197044"
696.959926769407,0.36755829006671,0.126360440595108,2.90880823409332,0.00362809330057161,0.0251388675273817,"ENSG00000107249"
629.538877125487,-0.391481715563736,0.134600336053008,-2.90847502349149,0.00363196187218779,0.0251546399196943,"ENSG00000161010"
505.94359017501,-0.727038274310282,0.250008799619712,-2.90805073827873,0.00363689324846002,0.0251777561521347,"ENSG00000177595"
146.299947955419,0.849790695944514,0.292340248134465,2.90685494511055,0.00365082447816479,0.0252631297004149,"ENSG00000260822"
111.14228941348,0.530050832375731,0.182399111698089,2.90599459307171,0.00366087774923151,0.0253216053775654,"ENSG00000254719"
230.670115964316,-0.694685183531176,0.239070151593647,-2.90577965881725,0.00366339319707198,0.0253279149791436,"ENSG00000087903"
47.1802500615619,-0.826322668346036,0.284412120367726,-2.90537079530104,0.00366818260308599,0.0253499338423239,"ENSG00000168661"
283.38042591123,1.25964486225783,0.433618556357944,2.90496069365171,0.00367299223113388,0.0253720731383703,"ENSG00000182575"
3452.75418855855,-0.18469814853483,0.0636039803619842,-2.90387720208189,0.00368572690296622,0.0254376789058884,"ENSG00000132475"
20.4690897426145,-1.06016536753546,0.365110651812475,-2.90368238306008,0.0036880209353873,0.0254376789058884,"ENSG00000149548"
985.109518877222,0.318421873497265,0.109664315198835,2.90360517840217,0.00368893039456832,0.0254376789058884,"ENSG00000158828"
449.904163426191,0.320386001316345,0.110329474506012,2.90390217800673,0.00368543290036495,0.0254376789058884,"ENSG00000180773"
230.524332140146,0.489675675570102,0.168678624792201,2.90300965029413,0.00369595248091638,0.025474981367154,"ENSG00000136014"
297.866398309968,-0.347709636252431,0.119793779751753,-2.90256837185524,0.00370116359017755,0.0254997742684801,"ENSG00000067221"
3005.97810885341,0.548276974028424,0.188915137228051,2.90223950326736,0.00370505158134345,0.0255154336887811,"ENSG00000182158"
109.303509366846,0.523865630006727,0.180515704047802,2.90205017214459,0.00370729159907876,0.0255197353735278,"ENSG00000162650"
12.5891782679164,-1.38697715491347,0.478044048225282,-2.90135848372667,0.00371548558436122,0.0255650005495377,"ENSG00000164483"
1100.29437025065,0.300054732596773,0.103445657060332,2.90060251076345,0.00372445993441049,0.0256155934017488,"ENSG00000099904"
679.306459411187,-1.77608421595477,0.612383349116945,-2.90028169204124,0.0037282744081978,0.0256195211399342,"ENSG00000106484"
277.804373060962,0.352910516237439,0.12168067180134,2.90030052442194,0.0037280503966874,0.0256195211399342,"ENSG00000156928"
1002.51003136241,0.242390423440635,0.0835861072559402,2.8998888858221,0.00373294963540787,0.0256197780159133,"ENSG00000140995"
1507.60480514228,0.354902496412304,0.12238566582776,2.89986980102537,0.00373317692066289,0.0256197780159133,"ENSG00000196743"
31.5302435134957,-0.932531026594819,0.32156497269538,-2.89997700551238,0.0037319003607617,0.0256197780159133,"ENSG00000251669"
692.94034676409,0.232614116699865,0.0802242663178792,2.89954807162909,0.00373701036433221,0.0256341716993663,"ENSG00000131043"
6971.45749733603,0.416529974745548,0.143673163398193,2.89914946461593,0.00374176477647416,0.0256341716993663,"ENSG00000132824"
64.5128833809341,0.98868156603462,0.341022821546696,2.89916540350729,0.00374157455878804,0.0256341716993663,"ENSG00000139220"
23.4412716035035,-1.00632013662875,0.347079784765904,-2.89939138145855,0.00373887864153981,0.0256341716993663,"ENSG00000221994"
21.6267736859943,-1.25352665366426,0.432427124591979,-2.89881596777039,0.00374574680629264,0.0256503285850937,"ENSG00000143226"
4120.07274875954,0.281082604476758,0.0969723664179344,2.89858456444529,0.0037485120789258,0.0256581429041897,"ENSG00000221978"
889.011625821633,0.312356615232145,0.107775370132686,2.89821890518763,0.00375288549445807,0.0256769532444559,"ENSG00000013561"
299.6247493521,0.352962321529253,0.121807002375981,2.89771782117885,0.00375888617074268,0.0257068760715986,"ENSG00000104885"
440.303617511421,-0.979620473682632,0.338186172800708,-2.89668990772109,0.00377122313665679,0.0257800878896166,"ENSG00000196739"
2201.65024355249,-1.30137619155211,0.44928573948374,-2.89654462001728,0.00377296983755546,0.0257808726183829,"ENSG00000113361"
1324.20316243659,0.217563879862832,0.0751214898264513,2.89616034460254,0.00377759327915773,0.0258013050687998,"ENSG00000153560"
2481.46186477233,0.31560405258657,0.108990986630038,2.89568947254204,0.00378326563543679,0.0258288809458212,"ENSG00000198952"
14466.4973730048,-0.559992023525537,0.19342990343449,-2.89506438033865,0.00379080776184115,0.0258580228935952,"ENSG00000186340"
179.703649973504,0.557467893788875,0.192555302319077,2.89510539089239,0.00379031252549218,0.0258580228935952,"ENSG00000235863"
34.7491806328677,-1.24515009648502,0.430282106715575,-2.89379938661519,0.00380611251761024,0.025912335247188,"ENSG00000091831"
2344.59797521078,0.332946161913228,0.115055420445042,2.8937894505567,0.00380623295274053,0.025912335247188,"ENSG00000103479"
60.1039593959353,1.05918601233791,0.366028116371883,2.89372855516317,0.00380697114246888,0.025912335247188,"ENSG00000149488"
159.964532413772,0.612974461387282,0.211822127815586,2.89381693833678,0.00380589978136206,0.025912335247188,"ENSG00000179431"
13.4416386579068,1.3288453006657,0.459160555519439,2.89407547031649,0.00380276748702825,0.025912335247188,"ENSG00000272349"
602.60129080992,0.45412452843751,0.156949800584001,2.8934380722227,0.00381049424261916,0.0259251455835045,"ENSG00000142102"
845.890964177151,0.524374112112755,0.181304052367417,2.89223602708062,0.00382510467270718,0.0260133463708257,"ENSG00000152484"
1254.46910621813,-0.364125381359172,0.125929947138259,-2.89149157633963,0.00383417871080329,0.026063836176106,"ENSG00000124357"
750.492280302165,0.398688710092654,0.137894585593457,2.89125717573911,0.0038370398429232,0.0260720668552691,"ENSG00000103978"
1822.97498067967,-0.260907321441411,0.0903009646363976,-2.8893082426303,0.00386090405943296,0.0262229416727953,"ENSG00000143393"
409.740253273104,0.601975961260733,0.208391645414108,2.88867607942972,0.00386867365805787,0.0262531385094494,"ENSG00000163637"
290.436220424325,0.539447361793715,0.186745061324894,2.88868341666716,0.00386858339836566,0.0262531385094494,"ENSG00000179241"
105.133446024759,-1.09814976566591,0.380208894452105,-2.88828005259683,0.00387354825730423,0.0262749314593783,"ENSG00000117152"
1524.57098479906,0.386934901618028,0.13398961636384,2.88779766759935,0.00387949335542642,0.0262991317290854,"ENSG00000164164"
27.9926255748987,1.37014679331242,0.474473482238887,2.88772048302286,0.00388044537666148,0.0262991317290854,"ENSG00000196196"
1020.49328697441,0.388485576632269,0.134548600492114,2.88732528775011,0.0038853231776072,0.0263208986105654,"ENSG00000196588"
375.3666503519,-0.403349307006823,0.139735804601062,-2.88651364736736,0.00389535853108644,0.0263775713991014,"ENSG00000103876"
1306.91447823229,0.230408445925905,0.0798295601698722,2.88625473365518,0.0038985647638973,0.0263879717823691,"ENSG00000101557"
984.551707456347,-0.306040227327378,0.106067076889599,-2.88534610646359,0.00390983563644278,0.0264529265030077,"ENSG00000095319"
2137.22691672042,0.341034608333088,0.118264544013993,2.88365892902556,0.00393084239841993,0.0265836678982183,"ENSG00000110108"
220.055926830906,0.429049267999665,0.148808965442819,2.88322189945289,0.00393630046848398,0.0266091890462601,"ENSG00000166394"
922.677709715856,-0.377192999899556,0.130869896828105,-2.88219834386354,0.00394911061893075,0.0266843667912181,"ENSG00000079102"
1207.54874587332,-0.418434248519176,0.14524766803506,-2.88083281597454,0.00396625961375111,0.0267244838821981,"ENSG00000103365"
1758.10691172974,-0.722082736928289,0.250642998044096,-2.88092124082098,0.00396514708517422,0.0267244838821981,"ENSG00000122420"
40404.2234696138,-0.978489852583235,0.339624982217125,-2.88108915367622,0.00396303524791278,0.0267244838821981,"ENSG00000131016"
710.988399765343,-0.264935232893408,0.0919664036422821,-2.88078279024496,0.00396688914443313,0.0267244838821981,"ENSG00000136643"
6141.45905737402,0.85352254381182,0.296224157052665,2.8813401050883,0.00395988093990734,0.0267244838821981,"ENSG00000170017"
233.60010242997,0.416123425612243,0.1444252519329,2.88123731856514,0.00396117262879442,0.0267244838821981,"ENSG00000170085"
947.021495007688,-0.40682153722552,0.14117956547271,-2.8815893848615,0.00395674990064901,0.0267244838821981,"ENSG00000204386"
1058.39637603891,0.415476816721364,0.144234615587205,2.88056244355685,0.00396966309765938,0.0267317722151845,"ENSG00000136868"
849.270650299987,0.433374381530705,0.150470498611617,2.88012856692458,0.00397513033715277,0.0267571832408775,"ENSG00000106348"
6064.95125563139,0.416331653863051,0.144573831291221,2.87971654444446,0.00398032852277996,0.0267807623521626,"ENSG00000012822"
1399.37534309069,0.242203108833878,0.0841134353374527,2.87948183143619,0.00398329248348198,0.026789295297594,"ENSG00000176095"
10.9671281322175,-1.65914949591605,0.576487207199291,-2.87803350221176,0.00400162639336371,0.0269011462818553,"ENSG00000211574"
598.989748988477,0.312486827024688,0.108582282925174,2.87788042953588,0.00400356855834413,0.0269027546085583,"ENSG00000119392"
18.9486137474372,1.02610964243347,0.356703541182781,2.87664551641688,0.00401926829438649,0.0269967689263256,"ENSG00000155749"
5059.05382808063,0.530733939246182,0.18457094161846,2.8755010652939,0.00403386784414081,0.0270833167028205,"ENSG00000039560"
5194.4777131645,0.285449063804223,0.0992983041130022,2.87466202322428,0.00404460191382032,0.0271438492075333,"ENSG00000138071"
1219.19120282106,0.256103712228286,0.089124083609924,2.87356348424511,0.00405869498579106,0.0272268634333449,"ENSG00000124164"
1628.16878946191,0.351625879394444,0.122487204786675,2.87071519026693,0.00409544337528426,0.0274617209009936,"ENSG00000159346"
1160.31017685737,1.9239221291453,0.67025837851118,2.87041861888969,0.00409928701368898,0.0274758320926001,"ENSG00000163017"
171.009868289857,-0.537281056324369,0.18732190859643,-2.86822326523428,0.00412784130395258,0.0276554863951835,"ENSG00000182263"
26.3253243347734,1.51738349365273,0.529366926145899,2.86641159223937,0.00415154097149531,0.0278024774343717,"ENSG00000164106"
58.9999354232822,-0.731910453407036,0.255401889405746,-2.8657205908304,0.00416061288518623,0.0278514247288865,"ENSG00000174370"
269.882749400048,0.540762817709228,0.188710515721714,2.86556801374374,0.00416261843847138,0.0278530478996065,"ENSG00000157036"
247.559374628277,0.860725997085683,0.300400115452299,2.86526520067985,0.00416660137023723,0.0278678951934834,"ENSG00000105792"
1276.90361791972,-0.791180109581199,0.276168862553801,-2.86484182997664,0.00417217580564757,0.0278933700286163,"ENSG00000134247"
1187.9903854763,0.306492022875091,0.107019482286542,2.86388997897098,0.00418473334735394,0.0279654896030024,"ENSG00000065802"
519.062987811922,0.498488342882491,0.174123213894774,2.86284827698929,0.00419851555923627,0.0280457288815284,"ENSG00000167543"
184.804602292474,-0.407895974882649,0.142493589375777,-2.8625566712827,0.00420238101082203,0.0280596852108903,"ENSG00000126970"
3871.09172020833,0.33408502553927,0.116726109265492,2.86212765628465,0.00420807379392328,0.0280858258539924,"ENSG00000163527"
1406.84133833835,0.49266189174243,0.172139984353948,2.86198406251412,0.00420998076289799,0.0280866875389622,"ENSG00000198909"
24.9484836973514,1.72534661167205,0.60293869250535,2.86156226680832,0.00421558687228482,0.0281122167194409,"ENSG00000116690"
161.818631701745,1.56703080692817,0.547686458095486,2.8611823129192,0.0042206426561155,0.0281340559836762,"ENSG00000128262"
236.542519482664,0.341837034037111,0.119498470100714,2.86059757709876,0.00422843407719829,0.0281741044080888,"ENSG00000104671"
1513.33890063918,0.436612499748945,0.152779089635747,2.85780273197012,0.00426585500798716,0.0284114575953546,"ENSG00000205726"
389.032611645109,-0.28359606453049,0.0992800506923639,-2.85652618580202,0.0042830467330134,0.0285139369103016,"ENSG00000142303"
345.877813978419,-0.311298594035934,0.108998354468019,-2.85599351985881,0.00429023890375962,0.0285497869425419,"ENSG00000013523"
485.947775779213,0.36711381631518,0.12854935402981,2.85582000069831,0.00429258416071812,0.0285533661351683,"ENSG00000005100"
33.1876195088548,-0.852536274945551,0.29857330546537,-2.85536670338545,0.00429871634027463,0.0285821215251088,"ENSG00000160172"
1212.18027667272,-0.516177562253432,0.180813590623744,-2.85474980322441,0.00430707449054545,0.0286256469506256,"ENSG00000072195"
1390.47444717132,0.390395786794867,0.136766700144545,2.85446520521639,0.00431093536753216,0.028635909883494,"ENSG00000013583"
262.943028602076,0.401311436213273,0.140595509708463,2.85436879915601,0.00431224393042361,0.028635909883494,"ENSG00000099977"
10412.7457460711,0.504800141420197,0.176904746013616,2.85351384174478,0.00432386442125722,0.028690247034301,"ENSG00000022267"
506.787067439615,2.41444964990404,0.846174199951989,2.85337185893996,0.00432579698321264,0.028690247034301,"ENSG00000099998"
18.001693364089,-1.07914007208547,0.378198946463823,-2.85336615074019,0.0043258746952592,0.028690247034301,"ENSG00000126882"
36.0115488555043,1.86616839879043,0.654146815978469,2.85282807040653,0.00433320586466707,0.0287268091691189,"ENSG00000021645"
287.255965378662,0.79274946010339,0.277903970867776,2.85260213313242,0.00433628754296084,0.0287351806223554,"ENSG00000174899"
158.244187235449,-0.526788549718318,0.184762234384731,-2.85117005362353,0.00435586668819407,0.0288528226163899,"ENSG00000235734"
33.7055159954174,-1.82140502489944,0.639068428075998,-2.85009389430023,0.00437063245526003,0.0289263726552987,"ENSG00000165105"
48.1138436716772,-0.692615369380897,0.243009982707769,-2.85015192241629,0.00436983510720994,0.0289263726552987,"ENSG00000251602"
18.1328424696446,1.89472768393914,0.665014565564758,2.84915215703592,0.00438359105369086,0.028999988051176,"ENSG00000197210"
151.721448235974,-1.48611977655515,0.521699320088705,-2.84861359662586,0.00439101745639193,0.0290369584663372,"ENSG00000147655"
392.082535593155,1.09835204979466,0.385744322265053,2.84735765738621,0.00440838037848993,0.0291312007558793,"ENSG00000120899"
11.0199661314154,-1.66534291604714,0.584881655958284,-2.84731603236659,0.00440895689374018,0.0291312007558793,"ENSG00000269959"
130.217427413444,0.788857151117032,0.277089058376438,2.84694442912767,0.00441410670536276,0.029135307876114,"ENSG00000054277"
2504.37811223919,0.246886373551862,0.086726029487189,2.84673903569322,0.00441695546039329,0.029135307876114,"ENSG00000133835"
1815.46855844689,-0.400215978166339,0.140568517762768,-2.8471238406438,0.00441161967564419,0.029135307876114,"ENSG00000182473"
582.204039310899,0.277027943605368,0.0973104997165362,2.8468453498065,0.00441548070255145,0.029135307876114,"ENSG00000197948"
2323.22482800776,0.443891591056329,0.155962127112774,2.84614989083444,0.00442513599744298,0.0291527516628875,"ENSG00000011454"
523.203338232426,0.313580235172931,0.110167186393218,2.84640322984808,0.00442161659187021,0.0291527516628875,"ENSG00000111726"
77.6194163816947,-0.987473386862365,0.34693699553308,-2.84626142376393,0.00442358626049086,0.0291527516628875,"ENSG00000163131"
122.315561394627,-0.421584055030963,0.148133011536288,-2.8459831516197,0.00442745373689712,0.0291533173508143,"ENSG00000100802"
425.503990332891,-0.70957207957363,0.24933325319801,-2.84587823915375,0.00442891262450654,0.0291533173508143,"ENSG00000153721"
190.43410502812,-0.418722711781125,0.147165313322439,-2.84525410457086,0.00443760069924944,0.0291861847821577,"ENSG00000042088"
193.681784720374,0.461388886113472,0.162159330534604,2.84528114782156,0.00443722393206216,0.0291861847821577,"ENSG00000225422"
1411.72199870828,0.469754265597876,0.165192616067727,2.84367592680585,0.00445963818536426,0.0293189197055283,"ENSG00000005812"
393.310733967008,0.47460385980955,0.166908012361982,2.84350555190996,0.00446202320125817,0.0293223970605144,"ENSG00000072135"
579.751460293639,0.356540474801177,0.125409265823927,2.8430154060686,0.00446889102050708,0.0293553182295097,"ENSG00000063587"
551.190430166745,-0.262159197604752,0.0922356288782426,-2.84227690311322,0.00447925685581561,0.0294111803026497,"ENSG00000127527"
1485.4522774762,0.257199058006213,0.0904958724509105,2.84210816516224,0.00448162836462452,0.0294145263416445,"ENSG00000049656"
1779.42480126654,-0.382704765946355,0.134687240995732,-2.84143296066539,0.00449112933956751,0.0294646433997041,"ENSG00000144824"
140.165831970762,0.4170087065858,0.146927536867866,2.83819299959286,0.00453697403281102,0.02975305760496,"ENSG00000213713"
280.861641630841,0.326840477916858,0.115174792617575,2.83777787212603,0.00454287852620348,0.0297708819437124,"ENSG00000088876"
2556.00715480903,-0.577811715923033,0.203617081615243,-2.83773694888169,0.00454346096760923,0.0297708819437124,"ENSG00000101224"
1631.47182681539,-0.241550593027125,0.0851414889424097,-2.83704919925127,0.00455325951275713,0.0298227171569391,"ENSG00000101126"
5396.36396572127,-0.374911557977055,0.132180693292342,-2.83635641967672,0.00456314906872965,0.0298751052580982,"ENSG00000189067"
321.58164594722,0.425030006044006,0.149887770935934,2.83565499299923,0.00457318188131713,0.0299283874735079,"ENSG00000135801"
331.515720234905,-0.95669492301663,0.337399816815229,-2.83549330893842,0.00457549735078609,0.029931141676074,"ENSG00000101134"
1297.2460217295,0.449212866904794,0.158433531940137,2.83533959890843,0.00457769960906883,0.0299331533212208,"ENSG00000180354"
15274.0367754097,-0.409512963900092,0.14443947571543,-2.83518727738185,0.00457988292079706,0.0299350394632817,"ENSG00000080824"
666.922744294811,0.265877128472357,0.0937976667440471,2.83458147416264,0.00458857558309299,0.0299670595542386,"ENSG00000129245"
701.567503952623,-0.827289539085586,0.291842409237629,-2.83471323186609,0.00458668372303946,0.0299670595542386,"ENSG00000134138"
340.733024298762,0.3735691542052,0.131816604549316,2.83400680424475,0.00459683532160989,0.0300085968639641,"ENSG00000165943"
68.5452459169927,3.682363980259,1.3004214531106,2.83166966482352,0.00463056597451309,0.0302163078336876,"ENSG00000128917"
27.9627595174987,-1.08400037977196,0.382904093269744,-2.83099710560764,0.00464031409573662,0.0302674162198378,"ENSG00000188596"
1320.20441157763,-0.249851513699401,0.0882687107577935,-2.8305784864694,0.0046463909699496,0.0302724649891942,"ENSG00000126773"
569.363073527531,0.531569965890692,0.187797558791526,2.83054779471754,0.00464683678939081,0.0302724649891942,"ENSG00000135899"
28.1108587062959,-1.07767016919749,0.380718959869617,-2.83061860004701,0.00464580835020117,0.0302724649891942,"ENSG00000170647"
217.292540743647,0.577417692202593,0.204076774111046,2.82941405124524,0.00466333238239046,0.0303674051842557,"ENSG00000106415"
3661.02144199562,0.586565882226996,0.20732833442109,2.82916410757279,0.00466697610516932,0.0303786108403234,"ENSG00000196923"
925.739418603414,0.334249486326429,0.118210983867147,2.82756707872493,0.00469031878970218,0.0305179803293719,"ENSG00000082996"
18.8411618270663,1.06937257032676,0.378434993570683,2.82577612666527,0.00471662160663488,0.0306638634327645,"ENSG00000213493"
125.802795620176,0.464440746119838,0.16435609486092,2.82582003735762,0.00471597511880159,0.0306638634327645,"ENSG00000254858"
4008.32103136101,0.543044471000277,0.192212317505573,2.82523242031319,0.00472463312931785,0.0307033131126957,"ENSG00000129353"
2160.33939521505,0.231350801958838,0.0818983952465408,2.82485146702078,0.0047302538195493,0.0307145704238553,"ENSG00000135018"
59.5488362793406,-1.13057752490264,0.40020709676635,-2.82498120107724,0.00472833900813296,0.0307145704238553,"ENSG00000178184"
282.904611683695,-0.379447388755724,0.134337994727421,-2.82457237452177,0.00473437546809949,0.0307287032231042,"ENSG00000243943"
686.330778998495,-0.61131975162058,0.216474453183078,-2.82398104086477,0.00474311904803799,0.0307601784568572,"ENSG00000155090"
581.858418683251,-0.435619175040613,0.154249973348566,-2.82411183343433,0.00474118386456029,0.0307601784568572,"ENSG00000185880"
680.226928519865,0.238097858400466,0.0843198313016696,2.82374685438621,0.00474658581545905,0.0307700298369397,"ENSG00000166170"
2117.37338151682,0.291774755154918,0.103334086151204,2.82360609187542,0.00474867068939361,0.0307709186017392,"ENSG00000133858"
1749.90558195423,0.233267970884753,0.0826472630694244,2.82245245905851,0.0047657887332297,0.0308691801589023,"ENSG00000198176"
222.720093298537,-0.420678795750739,0.149057729354723,-2.82225415328595,0.00476873688870358,0.0308756169539915,"ENSG00000204172"
571.942188567177,-0.331612401323998,0.117508317652281,-2.8220334351588,0.00477202018310346,0.0308842174734406,"ENSG00000213024"
498.18554178775,0.347378794598574,0.123109285979138,2.82171074127943,0.00477682410078352,0.0309026482981892,"ENSG00000130958"
217.141648807207,-0.547984129185591,0.194244796715684,-2.82110068558322,0.00478591791034128,0.030948805217999,"ENSG00000175048"
39.0457024444898,1.02762475891104,0.364437000283946,2.81975967893045,0.00480596275118885,0.0310657117607535,"ENSG00000225032"
1503.64234798842,0.34786978734376,0.123384966201657,2.81938552201903,0.00481156904085362,0.0310892301461781,"ENSG00000129473"
462.397889582454,-0.537439799563468,0.190678237430226,-2.81856916031192,0.00482382178275363,0.0311556567963785,"ENSG00000182957"
787.580803692906,0.26722914719862,0.0948260189191842,2.81809940187795,0.00483088515959642,0.0311885262571738,"ENSG00000204560"
3767.43128770105,-0.501557029544707,0.17799701729754,-2.81778333794382,0.00483564282178353,0.0312064890925393,"ENSG00000100968"
985.00064099415,0.417696178930503,0.148270930393882,2.81711443922886,0.00484572563495114,0.0312587887223185,"ENSG00000166946"
103.279127402093,0.689025394170752,0.244630582913564,2.81659548027242,0.00485356139275197,0.0312965562786513,"ENSG00000261088"
915.184370935033,2.53890118345549,0.901525926602942,2.81622647617288,0.00485913995477598,0.0313197441883113,"ENSG00000004799"
443.268215052548,-0.478943998269192,0.170090457748892,-2.81581932700932,0.00486530192037634,0.031321124587655,"ENSG00000092445"
155.61098658359,0.482541408041909,0.171363427382109,2.81589493985744,0.00486415702968257,0.031321124587655,"ENSG00000174132"
15.7190649004013,-1.4013422475462,0.497637750456089,-2.81598863080998,0.00486273874778527,0.031321124587655,"ENSG00000237886"
384.984314572529,-0.297402642691336,0.105689817577418,-2.81391953840291,0.00489414766915646,0.0314836760582624,"ENSG00000066136"
44.4820127737559,-1.05318753361312,0.374281179834579,-2.81389391280267,0.00489453781485583,0.0314836760582624,"ENSG00000112137"
367.871437418373,0.56049019702131,0.199196686176218,2.81375261697615,0.0048966895266808,0.0314846972496961,"ENSG00000172292"
2676.45793869013,-0.283234751694137,0.100675524662681,-2.81334269320304,0.00490293686007161,0.0315120408931697,"ENSG00000136628"
1289.98295032539,-0.371207426621341,0.132009879802443,-2.81196700714268,0.00492395536796572,0.0316342606356741,"ENSG00000196535"
16.5804959385751,-1.58892090014813,0.565228852425876,-2.81111074448646,0.00493707894785406,0.0317056801699994,"ENSG00000160223"
18.049809621793,-1.30625319615056,0.46475493170421,-2.81062793967706,0.00494449263522091,0.0317274957965962,"ENSG00000111110"
1558.70766925958,-0.228246816086058,0.0812067323575767,-2.81068834392968,0.00494356454973926,0.0317274957965962,"ENSG00000179837"
5354.67921211383,0.416760132924669,0.148323753639947,2.80980033674408,0.00495722427966315,0.0317962765611524,"ENSG00000124486"
635.863295259696,-0.272015158903374,0.096847977049755,-2.80868188670197,0.0049744773533014,0.0318939907578959,"ENSG00000141030"
555.727973945173,-0.295267468144948,0.105145281649358,-2.80818562196272,0.00498215005023466,0.0319302257580556,"ENSG00000130733"
941.030526708704,0.294898595989844,0.105031775450805,2.80770837895593,0.00498953874681577,0.0319646119716933,"ENSG00000242802"
340.814505248952,-0.444144410133272,0.15826060342279,-2.80641170656192,0.00500966394462716,0.0320805314135468,"ENSG00000180992"
122.35062223334,-0.556715785135076,0.198387005173557,-2.80621094435111,0.00501278645788255,0.0320875204463649,"ENSG00000204314"
101.827215895894,0.504021419224904,0.179623536517679,2.80598761719234,0.00501626199784192,0.0320967626739193,"ENSG00000174456"
450.336484342493,-0.399728739589096,0.142474218902524,-2.8056215550308,0.00502196357115882,0.032120235019096,"ENSG00000159082"
104.105228174323,0.837676232272527,0.298622279962538,2.80513641640407,0.00502952883910922,0.0321556036423503,"ENSG00000149809"
7051.12748014247,0.395859564345227,0.141196056656191,2.80361628872637,0.00505330053331235,0.032281456459874,"ENSG00000172757"
45.3703228761903,-0.734682121543398,0.262043952856546,-2.80365989573358,0.00505261719606999,0.032281456459874,"ENSG00000174564"
226.853329659554,-0.501100039926945,0.178773457653664,-2.80298902590854,0.00506313921262168,0.0323181710226252,"ENSG00000168010"
58.3879905196569,1.38315739445871,0.493438578951317,2.80309941998916,0.00506140641589581,0.0323181710226252,"ENSG00000179242"
1358.3717549369,0.29750442098147,0.106145455501388,2.8027994187427,0.00506611662630001,0.0323241156955927,"ENSG00000127837"
713.564753686743,-1.20469975344486,0.430023511566921,-2.80147415441348,0.0050869715709939,0.0324440762529518,"ENSG00000119630"
50.0511869486058,0.949483058499611,0.338946179770288,2.80127971686567,0.0050900378455067,0.0324505318334604,"ENSG00000116761"
174.680409676966,0.583371205098959,0.208298474744474,2.80065039273378,0.00509997372680217,0.0325007603614444,"ENSG00000009780"
1767.58508264206,0.223391244419881,0.0797860594886648,2.79987814727983,0.00511219002858411,0.0325654750288596,"ENSG00000171148"
49.4055583084316,-0.875468312744645,0.312768571842375,-2.79909297659821,0.0051246379074999,0.0326254143551517,"ENSG00000182272"
526.613239755095,0.353788304794064,0.126397015822342,2.79902418971136,0.00512572973980798,0.0326254143551517,"ENSG00000241878"
374.828324777981,-0.356520452873452,0.127396325830859,-2.79851440415004,0.00513382795832976,0.032663799470678,"ENSG00000147905"
420.93231957538,-0.250670783020019,0.0895801966655189,-2.79828346387754,0.00513750037332353,0.03267400599749,"ENSG00000068001"
16385.2055146148,0.59353807182764,0.212201612374118,2.7970478885015,0.00515718886912802,0.0327860240460702,"ENSG00000134853"
1417.44413504336,-0.186235106053255,0.0666494113746154,-2.79424982475068,0.0052020273870618,0.0330577750043453,"ENSG00000047932"
1331.02943694402,0.387108854817201,0.13854550294624,2.79409180799907,0.00520457005634766,0.0330606343989466,"ENSG00000204842"
599.779360930031,-0.401106205758389,0.14358444932125,-2.79352121803226,0.0052137608489483,0.0331057049403879,"ENSG00000131732"
2129.56847551339,-0.633739595434815,0.227004334421183,-2.79175107845727,0.00524236680315307,0.0332739697694705,"ENSG00000168386"
380.186540013806,0.543628412424295,0.194747142184423,2.79145771448335,0.00524712132050905,0.0332907721371092,"ENSG00000144802"
877.588979942484,0.283288274126346,0.101496643012123,2.7911097916067,0.00525276511726664,0.0333132008520989,"ENSG00000182952"
113.987806978416,-0.455675749746565,0.163273306205038,-2.7908772128025,0.00525654092907586,0.0333237695014207,"ENSG00000183666"
30.9467365539906,0.908096923446708,0.325396688046664,2.7907380646618,0.00525880110836285,0.0333247251945111,"ENSG00000259071"
1025.46044653457,0.491627558277753,0.176253225572622,2.78932516940058,0.00528180048825763,0.0334570505667578,"ENSG00000151694"
2365.88604988207,-0.293931408812803,0.105402937340198,-2.78864532839451,0.00529289941456797,0.0335139178161703,"ENSG00000177565"
4088.15988577593,-0.26138918034045,0.0937377633295268,-2.78851522647878,0.00529502582811684,0.0335139495322876,"ENSG00000137497"
12.0884646973875,-1.45986527360982,0.523583757070898,-2.78821726971973,0.00529989860451916,0.0335313568899454,"ENSG00000259319"
704.689220880483,-0.254692186927908,0.0913517529135459,-2.78803831130582,0.00530282723184156,0.0335364550074592,"ENSG00000163482"
969.477992797232,0.253384658925121,0.0908937077054828,2.78770297000258,0.00530831897737827,0.0335577523828019,"ENSG00000136827"
463.607692720097,0.310336625099264,0.111335351870346,2.78740417922838,0.00531321647695046,0.0335693132357382,"ENSG00000173040"
221.430837179074,0.440614109237043,0.158077359927039,2.78733216091419,0.0053143975441563,0.0335693132357382,"ENSG00000180667"
764.24599888157,0.288986281689727,0.103696416899963,2.78684925023507,0.00532232318452205,0.0336059399156992,"ENSG00000105778"
138.553971262784,0.428760105330993,0.153871172488596,2.78648754277069,0.00532826660071005,0.0336300262716809,"ENSG00000128039"
1395.06958745047,0.386890996960597,0.138903213187686,2.78532791345748,0.00534736154812609,0.0336971706858783,"ENSG00000093000"
1533.15341881267,0.20916261787621,0.075093121425989,2.78537652855939,0.00534655979186248,0.0336971706858783,"ENSG00000141380"
14.6763866689767,-2.15165275350647,0.77246262428749,-2.78544577543947,0.00534541796544977,0.0336971706858783,"ENSG00000171227"
727.315804184696,-0.307161083451459,0.110278429075016,-2.78532334952392,0.00534743682171774,0.0336971706858783,"ENSG00000177042"
350.063045013071,0.334462255238436,0.120219983255319,2.78208535870544,0.00540108325195235,0.0340080961396346,"ENSG00000166166"
54.0377156228701,-0.682256277221735,0.245222487889444,-2.78219295095531,0.0053992929073258,0.0340080961396346,"ENSG00000256667"
563.72759249248,0.417876958346998,0.150220160355676,2.78176349537633,0.00540644228699361,0.034028276992002,"ENSG00000142634"
1355.35529303261,0.301478087907554,0.108415043190153,2.78077727072231,0.00542289286511889,0.0341182244058734,"ENSG00000106780"
3899.72390235398,0.647187999088421,0.232888631844776,2.77895917014869,0.00545333791777735,0.0342961116341746,"ENSG00000174705"
1045.48899980717,0.570979692574696,0.205560866479241,2.77766727857395,0.0054750650038568,0.0344190517035136,"ENSG00000130956"
572.31185830702,0.26657850411734,0.0960072728367242,2.77664906252154,0.00549224443135101,0.0345133164385375,"ENSG00000188786"
1425.74487768992,0.493281134427017,0.177686825096418,2.77612667207796,0.0055010771178339,0.0345550760666163,"ENSG00000127946"
1859.85622256545,0.877243971042476,0.316199445406427,2.77433747524417,0.00553142646818004,0.0347319059397092,"ENSG00000092068"
291.719779413973,-0.346887536021029,0.125049377642856,-2.77400449774127,0.00553709126640482,0.0347536622275182,"ENSG00000081386"
785.398497674224,-0.476916039715442,0.172027787905914,-2.77231978345428,0.00556583289585656,0.0349201858970381,"ENSG00000184319"
5471.1535513164,0.792136163130058,0.28582633386308,2.77138971914854,0.00558175762569639,0.0350030132336876,"ENSG00000107372"
160.456676699391,0.556971177370122,0.200979023573348,2.77129009519171,0.00558346584054265,0.0350030132336876,"ENSG00000196371"
432.966167746509,0.481661937683807,0.173836226095495,2.77077999506968,0.00559221973019462,0.0350439854413386,"ENSG00000099785"
970.968386134304,0.226977624416775,0.0819304915735721,2.77036815057985,0.00559929647603,0.0350744194006035,"ENSG00000139718"
2987.78318985697,0.361137623808112,0.130379417393518,2.76989751164562,0.00560739338162991,0.0351112170602415,"ENSG00000019144"
751.903665707247,-0.342483289547601,0.123690286446105,-2.76887781076349,0.00562497263705341,0.0352073366561687,"ENSG00000104320"
49.3537146856163,-0.629212115866866,0.227309613850909,-2.76808404716029,0.00563869121794315,0.0352696161297267,"ENSG00000102098"
962.90435106398,0.291411300382785,0.105276983787457,2.76804378221087,0.00563938791895744,0.0352696161297267,"ENSG00000168883"
529.469463720741,0.474278638062465,0.17139359925896,2.76718990740065,0.00565418073914564,0.0353481390253355,"ENSG00000069667"
522.801311078558,0.271931811672442,0.0982754728528067,2.76703641080141,0.00565684367561101,0.0353507976215596,"ENSG00000108788"
152.533091639556,-0.622656939305662,0.22507888962197,-2.76639422005076,0.00566799699684811,0.0353982826591818,"ENSG00000221926"
149.206552807048,-0.641804177223381,0.232004729748798,-2.76634091864546,0.00566892360600899,0.0353982826591818,"ENSG00000256223"
1163.7942659029,0.271774134027352,0.0982558245148028,2.7659849720808,0.00567511500198629,0.0354229422368152,"ENSG00000144357"
157.673009551832,1.37177252589322,0.495985525083324,2.76575112885153,0.00567918583054844,0.0354343514024503,"ENSG00000145506"
155.467174400514,-0.58627888243071,0.212079887542489,-2.76442471383927,0.00570232643008466,0.0355646873045707,"ENSG00000138160"
157.012662554098,-0.466485432904407,0.168753888308884,-2.76429442651158,0.00570460399979957,0.0355648516135886,"ENSG00000249459"
17.5171476870939,2.05865735520616,0.744789820588334,2.76407826516742,0.00570838455423745,0.0355743823226206,"ENSG00000139055"
1645.25073665446,0.364670168225663,0.131993945428132,2.76277951267256,0.00573114670187779,0.035691800000649,"ENSG00000058063"
577.13841004719,0.384140083848821,0.139042878541528,2.76274547735351,0.00573174430951048,0.035691800000649,"ENSG00000148343"
3057.66818733691,0.782084243313144,0.283206797332654,2.76153062242538,0.00575311212198192,0.035798250395514,"ENSG00000173598"
8994.90528729607,-0.394208012367953,0.142750584781137,-2.76151591933823,0.00575337117066781,0.035798250395514,"ENSG00000174348"
2699.47685839156,-0.450979730989384,0.163419073991325,-2.75965173449291,0.00578630094454556,0.035988969418083,"ENSG00000123983"
89.976499922696,-0.564760489251157,0.204706136209792,-2.75888402618456,0.00579991141041739,0.0360482262770506,"ENSG00000138101"
141.866855427416,1.00135622895969,0.36296054698781,2.75885695365485,0.005800391897472,0.0360482262770506,"ENSG00000259673"
870.994953444145,-0.269324995299834,0.0976369997906955,-2.75843169983906,0.00580794407276994,0.0360733612932799,"ENSG00000099956"
278.360239871416,-0.432987973395372,0.156972285341117,-2.7583721066075,0.00580900310989392,0.0360733612932799,"ENSG00000145014"
72.7351861028189,-0.644119753434395,0.233547120127719,-2.75798628166405,0.00581586385606475,0.0361017749304954,"ENSG00000138587"
375.625996115323,0.34681482225224,0.12583093364319,2.75619684453489,0.00584777926656352,0.0362856311285037,"ENSG00000109586"
499.200583543188,0.512130435549793,0.18584662331553,2.75566177320477,0.00585735311838455,0.0363307673986019,"ENSG00000125835"
185.334565918197,-0.450376515608138,0.163479866190612,-2.75493567558352,0.00587036753524362,0.0363972002832727,"ENSG00000143466"
476.679445163533,0.271633373995701,0.0986217925796223,2.75429361899296,0.00588189732708066,0.0364543797462614,"ENSG00000154889"
1767.45194247007,0.323291269355815,0.117387227328512,2.75405831378122,0.00588612795099831,0.0364662938705378,"ENSG00000106397"
663.67935555587,-0.262613090181077,0.0953624591053448,-2.75384142402383,0.00589002990679609,0.0364761632565914,"ENSG00000182195"
328.888733802307,-0.945873804035437,0.343508816841296,-2.75356485092037,0.00589500897794982,0.036492692724785,"ENSG00000168679"
412.181687410982,0.798825617525263,0.290270287772626,2.75200615142187,0.00592314082842341,0.0366524789688339,"ENSG00000108846"
268.607559127357,-0.344115633241113,0.125055239849513,-2.75170903398539,0.00592851699740849,0.0366713827427797,"ENSG00000148985"
154.166294320242,-0.74618599158408,0.271209706082685,-2.75132480456502,0.00593547592814199,0.0367000582046134,"ENSG00000178053"
40.9204010945295,1.13716340335422,0.413359862077577,2.75102521478199,0.00594090702359256,0.0367192680589653,"ENSG00000231574"
5434.83329828473,0.487238245694975,0.177160566083452,2.75026354039454,0.00595473516449149,0.0367903426392791,"ENSG00000008710"
292.916476400593,-0.498369427810317,0.18126743392492,-2.74935997613746,0.00597117691307157,0.0368775030776797,"ENSG00000073536"
861.944854307576,0.652347128488675,0.237320548104307,2.74880171017452,0.00598135585914184,0.0369259319510445,"ENSG00000086544"
335.459378890082,-0.292966593952466,0.106596253285056,-2.74837609131557,0.0059891267318264,0.0369594625427318,"ENSG00000148429"
2554.64511587732,0.258747001783111,0.0941912145022921,2.74703965916922,0.00601358623004253,0.0370959138079703,"ENSG00000101474"
75.8775232151237,-0.946263571088089,0.344683840049399,-2.74530877615984,0.00604539875294972,0.0372775993361045,"ENSG00000183775"
2863.31736958056,1.14400968305513,0.416741328070959,2.7451313464652,0.006048668349203,0.0372832081859965,"ENSG00000159200"
420.389192152349,0.353121711887299,0.128678534491447,2.74421614516265,0.00606555858909211,0.0373436066213862,"ENSG00000156504"
3238.51708279122,0.262638454416599,0.0957020914845106,2.74433348678808,0.00606339065198393,0.0373436066213862,"ENSG00000159658"
1525.39586635138,-0.241269575764753,0.0879182730745969,-2.74424834937375,0.00606496353290302,0.0373436066213862,"ENSG00000170142"
218.910337603665,-0.323569204586142,0.117951922447355,-2.7432295961989,0.00608381313745929,0.0374392002159143,"ENSG00000160325"
25.0070791470047,-0.945852715645456,0.344808963407962,-2.74312102068636,0.00608582517752044,0.0374392002159143,"ENSG00000198580"
1706.81888069361,-0.416423529613591,0.151855144468272,-2.74224183231802,0.00610213972718243,0.0375021828385123,"ENSG00000169756"
48.1407106356199,-0.793349973438649,0.289313012293401,-2.74218559044309,0.00610318471185056,0.0375021828385123,"ENSG00000170629"
10.8404514289065,-1.42785909974178,0.520680395790281,-2.74229471915223,0.00610115722682623,0.0375021828385123,"ENSG00000203943"
463.341302641017,-0.347958789734056,0.126959194666939,-2.74071358633679,0.0061305922037127,0.0376559469806583,"ENSG00000161791"
59.9378653509874,0.564337252765092,0.206033416828971,2.73905690373301,0.0061615707919516,0.0378315178279251,"ENSG00000129282"
22.9500504595849,1.1047843576166,0.40348556933603,2.7381012893091,0.00617950402650195,0.0379268860181344,"ENSG00000272356"
12.5860054483768,1.70141913125365,0.621626705519131,2.73704317421943,0.00619941562647578,0.0380312682429294,"ENSG00000132965"
12.5827571215476,1.3362812694079,0.488238828959972,2.73694182057252,0.00620132592693924,0.0380312682429294,"ENSG00000241990"
3073.9056886575,0.881494590894737,0.322101171458006,2.73670097784683,0.00620586742581942,0.0380443514136962,"ENSG00000143382"
3246.01482641057,0.415754831841593,0.151984523665354,2.73550768074926,0.00622841327566984,0.0381677552090893,"ENSG00000097033"
1295.845011638,-0.312210835785512,0.114166166990832,-2.73470542118301,0.00624361238915458,0.0382460599161939,"ENSG00000213366"
360.037356231411,0.381099738704857,0.139395900551149,2.73393792212001,0.00625818419511133,0.0383204627575073,"ENSG00000137547"
238.548768531666,0.31231406283448,0.114269811158689,2.73312837106874,0.00627358757453819,0.0383669621814954,"ENSG00000081870"
6214.90511711559,0.565780062316949,0.20700955107,2.73311090909825,0.00627392020024181,0.0383669621814954,"ENSG00000100644"
196.346837012858,1.09464655389764,0.40047480249856,2.73337185527815,0.00626895120021577,0.0383669621814954,"ENSG00000101938"
1962.02339392093,-0.467762608132742,0.171151756647269,-2.7330283795846,0.0062754924849338,0.0383669621814954,"ENSG00000169902"
947.949557867799,0.409256363233775,0.149756809272865,2.73280637602319,0.00627972367540096,0.0383779785779437,"ENSG00000180628"
717.571443229096,0.277552954335451,0.101571722980391,2.73258094075096,0.0062840228988899,0.0383894020714086,"ENSG00000109133"
361.033262771788,0.393143618401235,0.14390301742046,2.73200399441617,0.00629503777714665,0.0384418271369783,"ENSG00000272325"
33.7501002391693,-1.22196873200239,0.447431572588179,-2.73107399402747,0.00631282964064272,0.0385355806270764,"ENSG00000005471"
1100.06532988016,0.344201681169063,0.126067942879492,2.73028712380976,0.00632791861019579,0.0385978603103757,"ENSG00000013619"
734.283246979145,-0.499640971911505,0.182997041405761,-2.73032267665818,0.0063272361516544,0.0385978603103757,"ENSG00000125945"
214.049690079088,1.48810002934363,0.545337754923329,2.72876765987502,0.00635714763610652,0.038761180376384,"ENSG00000170775"
635.398644540447,-0.373263843933503,0.136814940506549,-2.7282389083496,0.00636734737633351,0.0388083926895513,"ENSG00000123636"
12.5019283230559,-1.30390991319306,0.478182824496586,-2.7268020648081,0.00639513884804093,0.0389627472122447,"ENSG00000223820"
17.3002121220798,1.54668318653899,0.56745619536842,2.72564331689922,0.00641763083789616,0.0390847077783668,"ENSG00000260396"
365.03072562859,-0.850499570617464,0.312140116872881,-2.72473650339482,0.00643528224769123,0.0391733496920985,"ENSG00000104415"
3115.94158181117,0.268174715787613,0.0984257087812876,2.72464094095096,0.0064371449424413,0.0391733496920985,"ENSG00000111321"
29.0254964015455,-1.15954077180611,0.425689055408064,-2.72391492587137,0.00645131221343251,0.0392444475732795,"ENSG00000184916"
223.410355676713,-0.64759863143184,0.237776465651663,-2.72356067559923,0.00645823513951199,0.0392714390816052,"ENSG00000100842"
94.5239225084362,-0.499116086534322,0.183330631794786,-2.72249149881845,0.00647917004080798,0.0393835814946843,"ENSG00000128694"
1571.52653067131,-0.579903587986463,0.213167508426644,-2.72041265700688,0.00652004940083997,0.0396015918625412,"ENSG00000008513"
105812.315050912,0.319569534870767,0.117465684840044,2.7205352380649,0.0065176324858943,0.0396015918625412,"ENSG00000124942"
1209.62001519583,-0.576852131008222,0.212146418291838,-2.71912264959703,0.00654553323478932,0.0397275102571153,"ENSG00000105559"
910.378868796661,0.584316832650618,0.214892785360915,2.71910865536621,0.00654581017845747,0.0397275102571153,"ENSG00000198862"
110.326299174524,-0.913109419713163,0.335857496954514,-2.71874062062943,0.00655309731311026,0.0397564636530399,"ENSG00000157445"
161.111620339342,-0.459660752628122,0.169125799103324,-2.71786300532009,0.00657050365876512,0.0398454569790999,"ENSG00000124370"
283.124802071842,0.329258858046418,0.12115140816605,2.71774685107362,0.0065728105385197,0.0398454569790999,"ENSG00000168701"
208.167736661499,0.390997246344793,0.143891440062797,2.71730720169423,0.00658154878618355,0.0398831253257107,"ENSG00000230055"
190.563406602412,-0.588382119004229,0.21665891810382,-2.71570690075302,0.00661344384262216,0.0400610375098715,"ENSG00000198846"
1716.4579753326,0.515449408620069,0.189832857716215,2.71528024611326,0.00662197078550888,0.0400857867149498,"ENSG00000151491"
200.574650937586,-0.540396048810945,0.199022680907147,-2.71524856537865,0.00662260433763888,0.0400857867149498,"ENSG00000174791"
1561.57617036758,-0.757735999424054,0.279107359386172,-2.71485496151197,0.00663048018388228,0.0401180873017894,"ENSG00000072310"
223.323587797918,-0.36364062387372,0.133964139674072,-2.71446242821727,0.00663834299455389,0.0401502843139213,"ENSG00000232653"
6516.57181850426,0.168390278386675,0.0620377031525737,2.71432161136819,0.00664116573086445,0.0401519847746638,"ENSG00000110955"
115.610971284716,-0.58916290157627,0.217084047046434,-2.71398524945617,0.0066479126228675,0.0401774000061442,"ENSG00000080823"
1691.68686828007,0.405178163191929,0.149305224702412,2.71375743212946,0.00665248578063145,0.0401896636185146,"ENSG00000157796"
370.327031424948,0.304483835425539,0.112231867937376,2.71298910925581,0.00666792979647066,0.0402675668672185,"ENSG00000205981"
46.337800908088,1.53766528015132,0.566842668923317,2.71268442630126,0.00667406313210037,0.0402892049525876,"ENSG00000224124"
372.731975792456,-0.478433649760102,0.176423428984347,-2.71184871824791,0.00669091216375202,0.0403503572964316,"ENSG00000048052"
6352.21086751165,0.219111232500271,0.0807991270967423,2.71180197575557,0.00669185568531781,0.0403503572964316,"ENSG00000075415"
109.658410197897,-0.954417788274711,0.351917163241386,-2.71205240313915,0.00668680207391934,0.0403503572964316,"ENSG00000205683"
192.320594887122,-0.388441427738038,0.143270886479748,-2.71123769303225,0.0067032554673343,0.0404036741216892,"ENSG00000106477"
707.295306442663,0.271759416492079,0.100247402799822,2.71088735370769,0.00671034189147335,0.0404309615566346,"ENSG00000173456"
511.566395453456,0.291501776539997,0.107552834247371,2.71031236489357,0.0067219869685606,0.0404856843802213,"ENSG00000136718"
3256.67674022147,0.298782436147238,0.110308990084226,2.70859551809063,0.00675686592670372,0.0406659341217728,"ENSG00000104067"
2856.72583862102,0.309218141871159,0.114162208112206,2.70858585327327,0.00675706273386844,0.0406659341217728,"ENSG00000136813"
693.630863437728,-0.400506125067238,0.147895911099429,-2.70802703124079,0.00676845093569511,0.040687971035811,"ENSG00000100911"
2571.83220008864,0.937088949673891,0.346032368404992,2.70809622230812,0.0067670399598823,0.040687971035811,"ENSG00000113389"
34.4155017033161,-0.831943265849805,0.307198550815875,-2.70816142732537,0.0067657105113747,0.040687971035811,"ENSG00000260630"
31.5830728701835,-0.826316414697201,0.30524710905041,-2.70704091929905,0.00678858893754937,0.0407935062896177,"ENSG00000091622"
1405.5110067034,0.224973782579956,0.083114848525914,2.70678208009743,0.00679388376693732,0.0408098006654281,"ENSG00000023318"
677.795532688912,0.213556326643256,0.0789317722543875,2.70558129564088,0.00681849565791839,0.0409420731295305,"ENSG00000129315"
22.992770042746,-0.984876756221237,0.364061492341138,-2.70524836309349,0.00682533378507155,0.0409675619819758,"ENSG00000138400"
916.917412321126,-0.423468168807919,0.156577646945637,-2.70452505238468,0.00684021116023337,0.0410412669614002,"ENSG00000159388"
35.0797105133219,-0.726790003251027,0.268759754856359,-2.7042367397584,0.00684614941959111,0.0410613016441535,"ENSG00000161328"
694.525521686634,-0.410588483904338,0.151856540975388,-2.70379188981318,0.00685532090276957,0.0411007057388818,"ENSG00000166402"
605.280105018608,-0.248650115268897,0.0919713599997381,-2.70356027430284,0.00686010049481631,0.0411137585800865,"ENSG00000080546"
41.1717969111459,-0.762482755298551,0.28204816931506,-2.70337778525634,0.00686386842719606,0.0411207407708925,"ENSG00000197124"
380.123011636641,-0.260554013838345,0.0963936279429074,-2.7030211373792,0.0068712376627253,0.0411451420615111,"ENSG00000128581"
106.840579624562,-0.506206425008726,0.187280722331875,-2.70292862343671,0.00687315039247549,0.0411451420615111,"ENSG00000246859"
3888.02375898202,0.565541031242346,0.209280673100253,2.7023089273582,0.00688597497434244,0.0412063002441901,"ENSG00000010278"
534.833812247528,-0.449122424125683,0.166260519313736,-2.70131734208157,0.0069065405120883,0.0413137171563692,"ENSG00000167196"
302.410974423168,0.452415934476835,0.167517784143129,2.70070390908638,0.00691929075836446,0.0413743207421051,"ENSG00000060762"
29.4708842688431,-1.14162998028981,0.42298056502143,-2.69901284999222,0.00695454909693653,0.0415694160550145,"ENSG00000179082"
873.747494307695,-0.509513763416732,0.188804513710415,-2.69863126364773,0.00696252739882082,0.0415864622332901,"ENSG00000138496"
19.5696011210564,1.02004429958885,0.377986726878575,2.69862465280833,0.00696266569230614,0.0415864622332901,"ENSG00000163072"
1650.21447518471,-1.08620063864164,0.402535005720413,-2.69840044519279,0.00696735739774625,0.0415987574337095,"ENSG00000101265"
3512.32928024253,1.01598472139038,0.376601547166819,2.69777097049561,0.00698054478900163,0.041661747856686,"ENSG00000198542"
62.6614615111102,0.593063558464817,0.219874092035368,2.69728712907849,0.00699069642042369,0.0416915739911318,"ENSG00000160219"
197.947905138184,-0.346882059959652,0.128604335515841,-2.69728122748183,0.00699082032551641,0.0416915739911318,"ENSG00000225259"
1424.38987899389,-0.58759641546602,0.218029230450519,-2.69503503842974,0.00703812295714415,0.0419578364064012,"ENSG00000120254"
302.864648844088,-0.309194037080571,0.114737943139605,-2.69478455530935,0.00704341566920638,0.0419735498838636,"ENSG00000204536"
112.37639365848,-0.413820549696399,0.153587785030481,-2.69435847137369,0.00705242704028818,0.0420114036133004,"ENSG00000241014"
7810.40973743256,0.308365484402774,0.114467777911134,2.69390644275606,0.00706199843893332,0.0420367186655119,"ENSG00000110880"
636.296145824629,0.586500302410516,0.217704330111452,2.69402221862221,0.0070595458531812,0.0420367186655119,"ENSG00000151276"
1480.74211841816,0.549187139920721,0.203912210413089,2.69325284056392,0.00707585864710427,0.0421033577803967,"ENSG00000172379"
2386.81358941273,0.418583767558677,0.155449714996241,2.69272779026195,0.00708701048559082,0.0421475905456288,"ENSG00000012660"
52.5111729139075,-0.67631211842295,0.251169552151227,-2.6926516873978,0.00708862818582958,0.0421475905456288,"ENSG00000136367"
1288.00879390849,1.00331739188138,0.372676204719709,2.69219601137663,0.00709832131872778,0.0421893454451698,"ENSG00000198947"
153.536412245799,-0.917187506577344,0.340705754129109,-2.69202235495494,0.00710201846589847,0.0421954448004002,"ENSG00000176890"
3669.88615593328,-0.293990530438826,0.109215272678906,-2.69184449415936,0.00710580691630396,0.0422020818284849,"ENSG00000086061"
1373.75441644329,-0.242547197610883,0.0901172900243794,-2.69146128945141,0.00711397537610688,0.0422347173963685,"ENSG00000152556"
744.567254673944,0.276468635688544,0.102730715032292,2.69119742427219,0.00711960487313227,0.0422522606257489,"ENSG00000164332"
1293.23253003664,-0.260810645220699,0.0969690824415043,-2.68962682386967,0.00715319606336367,0.0424356708257677,"ENSG00000175550"
664.899754380655,0.292016316006312,0.108582161606299,2.68935810161079,0.00715895758817501,0.0424539084001459,"ENSG00000054983"
368.209665278884,-0.409916656197727,0.152460474769096,-2.68867492914838,0.00717362387128666,0.0425249192940288,"ENSG00000116127"
668.313968747798,0.493924490234508,0.183730553357702,2.68830894594267,0.00718149185381004,0.0425396356604766,"ENSG00000114423"
7303.58638795373,0.276695056587929,0.102920580759987,2.68843271719568,0.00717883012746148,0.0425396356604766,"ENSG00000117298"
117.796116157023,1.22445727857461,0.455513211258179,2.6880829102465,0.00718635508427178,0.042552487864065,"ENSG00000144891"
8384.76203519262,-0.426425308554454,0.158652061174477,-2.68780188166289,0.00719240562649109,0.0425723582192979,"ENSG00000184640"
424.429558427308,0.552369255179513,0.205544794330108,2.68734246945899,0.00720230661357303,0.0426149962101973,"ENSG00000205189"
639.621214208455,-0.251917820499461,0.0937624187982092,-2.68676751014312,0.00721471503956347,0.0426724328697206,"ENSG00000167699"
402.752920409455,0.374210683117214,0.13934008285959,2.68559251177062,0.00724013283460094,0.0428067434584677,"ENSG00000116095"
818.73812348345,-0.310447775652101,0.115635017321022,-2.6847211410904,0.00725903436172342,0.0429024410200174,"ENSG00000059758"
307.676258306872,0.377874387709646,0.140775614464399,2.6842318475918,0.00726966738111075,0.0429343497214094,"ENSG00000066855"
184.094897075948,-0.423243036016657,0.157678069442863,-2.68422259044734,0.00726986868621156,0.0429343497214094,"ENSG00000163040"
409.645508141747,-0.340912570867775,0.127016684601435,-2.68399834193062,0.00727474670450291,0.0429471033025923,"ENSG00000182628"
669.74329736761,0.312468088640662,0.116516007235168,2.68176103915059,0.00732357522244823,0.0432192160493975,"ENSG00000214717"
79.1678287962546,-0.685610406200097,0.255739011457103,-2.68089878933117,0.0073424719512344,0.0433145526085142,"ENSG00000203780"
2519.86048493162,-0.206031041738468,0.0768795708831073,-2.67991924736066,0.00736399227386201,0.0434252892655737,"ENSG00000241973"
501.651722156805,-0.43891939302728,0.163828519443082,-2.67913910544599,0.00738117228123109,0.0435103580966003,"ENSG00000138386"
7931.69934968247,0.706131245616277,0.263655676348674,2.67823266843854,0.00740117866390314,0.0436120181023281,"ENSG00000111452"
250.94149231584,0.387212956107052,0.144637840566009,2.67712069394689,0.00742578798545711,0.043740715359527,"ENSG00000002919"
358.475250318753,0.35495796016507,0.132739352502418,2.67409742079768,0.00749306808038868,0.0441205700834813,"ENSG00000139826"
60.7171047807587,-0.642646665986187,0.2403999071248,-2.67324007597293,0.00751224671248984,0.0442170169761231,"ENSG00000241058"
228.792010380687,-0.400846570010992,0.150039420984818,-2.67160835052511,0.00754886973349235,0.0443829713620068,"ENSG00000123609"
80.2391206710655,1.34477215707442,0.503342117475683,2.67168613629753,0.00754712025508077,0.0443829713620068,"ENSG00000132334"
896.997261558012,0.299688003853777,0.112172642164414,2.67166751242713,0.00754753909111316,0.0443829713620068,"ENSG00000177889"
75.9679594961032,-1.01585116544356,0.380277486162483,-2.67134185537745,0.00755486622823199,0.044401702631551,"ENSG00000171502"
1867.45449666775,0.294194149643113,0.110221385370841,2.669120413006,0.00760501804465605,0.0446798345368079,"ENSG00000144320"
91.3935554859659,-1.29881048202218,0.486718867487569,-2.66850243288618,0.0076190226723914,0.0447454721852934,"ENSG00000148541"
128.997287828371,-0.670608548486344,0.251379872706349,-2.6677097942114,0.00763701924205229,0.0448344964644898,"ENSG00000134780"
118.535804112926,-0.618202722603749,0.2317856093119,-2.66713159819975,0.00765017099533158,0.0448950228024696,"ENSG00000105655"
749.668840856875,0.239280489509963,0.0897577148441171,2.66584872314902,0.00767942402507769,0.0450499594311835,"ENSG00000132581"
886.959848044023,0.511995061395794,0.192069600854145,2.66567462585918,0.00768340163168078,0.045056562352373,"ENSG00000181804"
138.254881356923,0.484432063974305,0.181784498859047,2.6648700357555,0.00770180812450156,0.0451477420225883,"ENSG00000269958"
11.7198006295513,-2.1953843090071,0.823930949785184,-2.66452462986065,0.00770972204242808,0.045177369742685,"ENSG00000260455"
280.730197886341,-0.328712854417282,0.123372495550643,-2.66439333135115,0.00771273225666552,0.0451782514611798,"ENSG00000184271"
33.0455764953292,0.936766827135485,0.351813385142653,2.66268103118261,0.00775208584289077,0.0453919392683426,"ENSG00000267745"
318.861858855693,0.682824104709623,0.256573414375143,2.66132056734159,0.00778348138680387,0.0455588880877094,"ENSG00000150510"
28.2674810894135,-0.89307801497757,0.335601934387046,-2.66112296583962,0.00778805091700078,0.0455687512543623,"ENSG00000063127"
1830.23640589029,0.293871677824805,0.110506435081317,2.65931732942571,0.00782991767925212,0.0457967565704646,"ENSG00000164713"
74.8054550284842,-0.607228623714561,0.22837339111557,-2.6589289616813,0.00783894895304238,0.0458326112361819,"ENSG00000176428"
720.590364784023,-0.431264168604839,0.162250007155215,-2.65802249359702,0.00786006467922966,0.0459390683693933,"ENSG00000140350"
1075.74417732425,0.296175471372484,0.111447851069447,2.65752518806241,0.00787167079766442,0.0459898873008515,"ENSG00000078142"
112.923725815265,-0.58867185377945,0.22153612781395,-2.65722733166948,0.00787862951971418,0.046013526488889,"ENSG00000253366"
661.873161691846,0.30169218902135,0.113620582564587,2.65526000845714,0.00792473000740109,0.0462656632139403,"ENSG00000107679"
38.0175051692202,-0.811962045981723,0.305897169820172,-2.65436272738009,0.00794583619642075,0.0463717474071131,"ENSG00000215196"
19.1750888629054,1.92940367036629,0.727530326732391,2.65199071361322,0.00800187426591181,0.0466815397536465,"ENSG00000164122"
133.503916867643,-0.442034008900326,0.166734188406803,-2.65112999993642,0.00802229569045704,0.0467833987884239,"ENSG00000215608"
4335.49856376339,0.179495046009673,0.0677112395143646,2.65088997479649,0.00802799887866285,0.0467993823930316,"ENSG00000095139"
1171.59117276761,0.16424110767127,0.0619743311233776,2.65014732219217,0.00804566789489066,0.0468677955027591,"ENSG00000131263"
40.7712545831638,-0.860815694946606,0.324812105342072,-2.65019585412326,0.00804451217217193,0.0468677955027591,"ENSG00000237234"
328.004994462963,-0.358372250496319,0.135236624138583,-2.64996448099058,0.00805002334752888,0.0468758823605829,"ENSG00000216829"
402.962475596776,0.591527996331722,0.223277884393566,2.64929058217451,0.00806609449703459,0.0468905009082942,"ENSG00000123908"
1019.45439314385,0.380508021198922,0.143607998225163,2.64962972746353,0.00805800296799411,0.0468905009082942,"ENSG00000132963"
456.938534416862,0.28178875121685,0.106360889876339,2.64936436263811,0.00806433358021004,0.0468905009082942,"ENSG00000174840"
48.8613822801822,-0.78019629971465,0.29449849547356,-2.64923696285808,0.00806737444415393,0.0468905009082942,"ENSG00000185267"
245.350188938553,-0.760195323131207,0.286922828172185,-2.64947661353389,0.00806165515049393,0.0468905009082942,"ENSG00000216775"
2013.8430754146,-0.191706604073608,0.07238340080477,-2.64848849241931,0.00808526018191237,0.0469599045418572,"ENSG00000089248"
104.415556343833,-0.52552072243659,0.198418752677359,-2.64854362476071,0.00808394150816582,0.0469599045418572,"ENSG00000138092"
480.890951053839,-0.60326376975637,0.227882561795536,-2.64725727586668,0.00811475904279602,0.0471139152363438,"ENSG00000131669"
2003.04942465974,-0.537088231306747,0.202937165960939,-2.64657402089731,0.00813117076154111,0.0471918573441685,"ENSG00000156011"
448.352891657982,-0.314376917483971,0.118809610316472,-2.64605629667977,0.00814362622621811,0.0472121127052454,"ENSG00000066422"
864.696083209835,-0.189281662832126,0.0715286894868783,-2.64623417806151,0.00813934481242701,0.0472121127052454,"ENSG00000083642"
390.785970105119,-0.517521709706239,0.195582272534479,-2.64605632708867,0.00814362549413619,0.0472121127052454,"ENSG00000151376"
27.7700112730194,-0.812073623289577,0.306915325532886,-2.64592073360821,0.00814689043710693,0.0472137106109374,"ENSG00000242282"
109.790426826757,-0.518680268720409,0.19611906639623,-2.64472128208325,0.00817582298130519,0.0473640086023687,"ENSG00000110031"
1550.81938912541,-0.306075624040781,0.115752080739167,-2.64423431601618,0.00818759554525118,0.0474148220028879,"ENSG00000132002"
910.500295240652,-0.246553121680267,0.0932796200219734,-2.64316172838383,0.00821357922591285,0.0475478653759513,"ENSG00000100461"
81.8227590809403,-1.1055536585137,0.41835728724585,-2.64260643286946,0.0082270603571658,0.047608461363555,"ENSG00000173320"
5288.1834316586,0.137417857713501,0.0520267597896032,2.64129187112978,0.00825905344992744,0.0477760990120665,"ENSG00000166913"
62.61917563556,0.600453594745469,0.227350112314734,2.64109653886701,0.00826381682879632,0.0477861560253749,"ENSG00000167578"
130.982332344984,0.651405760339662,0.246735740147408,2.6400948640456,0.00828828234849894,0.0479100931363287,"ENSG00000177192"
127.429048548556,-0.516137385247775,0.195718053474449,-2.63714755018835,0.00836064565435503,0.0482702149012091,"ENSG00000142065"
441.401057752919,-0.363551482693297,0.13784819785274,-2.63733214040034,0.00835609700677847,0.0482702149012091,"ENSG00000152284"
928.78576043976,-0.181818275292967,0.0689452340886522,-2.63714058986555,0.0083608172130333,0.0482702149012091,"ENSG00000178988"
398.494185383256,0.53817879370665,0.204082878445841,2.63705999153413,0.00836280403751166,0.0482702149012091,"ENSG00000182154"
194.8892310767,-0.70334803545777,0.266783241647933,-2.63640261327193,0.0083790248050548,0.0483176193155962,"ENSG00000104081"
1975.25096108082,0.518627729299387,0.196712441588541,2.63647649895063,0.00837720027783037,0.0483176193155962,"ENSG00000109501"
800.283735533056,-0.336777142885618,0.127743455959464,-2.63635534482867,0.00838019223475969,0.0483176193155962,"ENSG00000147889"
728.319165364014,0.24459749047276,0.0928115326922665,2.63542130355467,0.00840329092375791,0.0484331229527645,"ENSG00000108270"
213.407872795421,-0.351596647136917,0.133513323304792,-2.63341993468525,0.00845297628263222,0.0487017211207235,"ENSG00000108733"
963.899084978507,-0.299654191072243,0.113800184004609,-2.63316086606773,0.00845942700717514,0.0487211184321374,"ENSG00000152042"
327.766908628065,0.332601760997953,0.126325609066862,2.63289259758814,0.00846611144457515,0.0487418471579439,"ENSG00000161281"
71.8031456343594,-1.23173711140586,0.467865201250676,-2.6326751981409,0.00847153184431074,0.0487552860023392,"ENSG00000073756"
57.8100346497292,-0.731042563079232,0.277771673778313,-2.63181105954911,0.00849310802693971,0.0488616608192256,"ENSG00000187987"
506.759486147598,0.305110861051041,0.115944107210934,2.63153400712259,0.00850003598597715,0.0488837162382479,"ENSG00000112787"
3124.94473853333,-0.746503451925465,0.283786675655679,-2.63050916749596,0.00852570701363743,0.0490135077880073,"ENSG00000187720"
284.225065696874,-0.358689231433445,0.136366706873199,-2.63032846988798,0.00853024045817693,0.0490217310870422,"ENSG00000117569"
659.598367583414,0.280023462867045,0.106493412202417,2.62949094292134,0.0085512809707729,0.0490890758634703,"ENSG00000134698"
84938.5844105873,-0.343943906348712,0.130802237272655,-2.62949559212636,0.00855116404459878,0.0490890758634703,"ENSG00000163359"
1347.4946500593,-0.197732087619171,0.0751962017658265,-2.62954887315907,0.00854982414394704,0.0490890758634703,"ENSG00000181523"
2346.59636479624,0.324322640575296,0.123354575301832,2.62919020053956,0.00855884759307295,0.049100651534818,"ENSG00000183864"
43.6052898311298,-0.854648438518054,0.325064743586498,-2.62916374470072,0.00855951350341112,0.049100651534818,"ENSG00000186364"
283.014451643927,-1.02900642681863,0.391566796561227,-2.62792053834864,0.00859085807891947,0.0492625683959237,"ENSG00000186480"
286.599645818227,-0.424105933651016,0.161403614463952,-2.62761112915309,0.00859867504641199,0.0492895023161163,"ENSG00000103248"
124.301497412975,0.3991837570217,0.151967909546916,2.62676349376552,0.00862012243331276,0.0493766113855964,"ENSG00000115539"
18.9629435912332,2.17841628455764,0.829297979078413,2.62681971922623,0.0086186983030749,0.0493766113855964,"ENSG00000172399"
79.2016262269199,0.542614261063881,0.20668387463786,2.62533427929305,0.00865639359654793,0.0495664030584502,"ENSG00000269293"
877.328035785521,0.214335862072501,0.0816503014978568,2.6250467927314,0.00866370600073247,0.0495812792725201,"ENSG00000102119"
669.961982698945,0.262018445205717,0.0998171060868083,2.62498539055867,0.00866526851952323,0.0495812792725201,"ENSG00000131069"
795.578403086512,-0.625270648996511,0.238251232125923,-2.62441727338491,0.00867973751149357,0.0496376902822765,"ENSG00000075651"
822.08468473526,-0.319972382567478,0.121925519090864,-2.62432659670713,0.00868204889163702,0.0496376902822765,"ENSG00000075945"
170.724479408926,0.405344701848897,0.154462434490266,2.62422836456356,0.00868455348399875,0.0496376902822765,"ENSG00000261609"
681.663378897665,-0.278032624841974,0.105957436156106,-2.62400294805501,0.00869030329515023,0.0496461286674366,"ENSG00000100523"
1120.7107030382,-0.31226117131441,0.119005412430217,-2.62392411351471,0.00869231496987782,0.0496461286674366,"ENSG00000165156"
2233.90984975424,-0.504800396662226,0.192396573316683,-2.62374941486785,0.00869677435746308,0.049653647018143,"ENSG00000197555"
140.742734197404,-0.618951065922007,0.235971265781212,-2.6229933711331,0.00871609683928714,0.0497280237873088,"ENSG00000213190"
372.546826426291,-0.492228936414609,0.187652760580397,-2.62308390717078,0.00871378095689945,0.0497280237873088,"ENSG00000227775"
237.318342088458,-0.473208768742035,0.180426891166359,-2.62271752111342,0.00872315638449608,0.0497503337769925,"ENSG00000188827"
2592.61481562804,0.200665127537552,0.0765157922569892,2.62253218085476,0.00872790247616596,0.0497594382239155,"ENSG00000143612"
390.999970213633,0.745961405262242,0.284487465838837,2.62212397675486,0.00873836368172185,0.0498011073029732,"ENSG00000131634"
1451.17911519722,0.273302204135955,0.104255489029823,2.6214658497048,0.00875525335637132,0.049879369824722,"ENSG00000140464"
