"ID","Description","GeneRatio","BgRatio","RichFactor","FoldEnrichment","zScore","pvalue","p.adjust","qvalue","geneID","Count"
"GO:0048514","blood vessel morphogenesis","158/2382","472/11712",0.334745762711864,1.6459035990266,7.23740032134732,6.46507588999509e-12,3.4213181609854e-08,2.82285629386312e-08,"GLUL/CREB3L1/SOX4/ADAMTS1/FZD8/TGFBR2/SAT1/CCN3/PRRX1/ROCK2/BRCA1/STAT3/RHOB/THBS1/ADAM12/AMOT/MFGE8/VASH2/S1PR1/ANXA2/SRF/SPARC/HSPA12B/KLF5/PRKD1/ADM2/FZD5/CITED2/SARS1/WARS1/COL3A1/ANPEP/SMAD1/AMOTL2/GPNMB/SHB/ROBO1/NRP2/CUL7/PACSIN2/COL4A1/ROCK1/TGFB2/HIF3A/CCN1/LEP/MAPK7/PIK3CA/B4GALT1/ANG/HMOX1/VSTM4/CLIC4/ACVRL1/NR4A1/PIK3R3/EPHB3/CEMIP2/TIPARP/HDAC7/VEGFA/RGCC/COL4A2/VPS4B/EPHB4/EPHB2/COL4A3/PIK3CD/TEAD2/JAG1/MEIS3/PLXDC1/EGR3/SGCD/RUNX1/TNFAIP3/HSPB1/SEC24B/RBPJ/ACTG1/HIPK2/PRDM1/BMPER/UNC5B/EYA1/RRAS/ITGB8/DDAH1/NOTCH1/TNFAIP2/PLK2/NR2F2/STARD13/EMP2/TYMP/MAPK14/ADGRB2/E2F7/PDCD10/ADM/MYO1E/IL12A/RHOJ/PDGFRB/ZFP36L1/HDAC5/CCBE1/MTDH/HEG1/MMP19/CAV1/YAP1/EPAS1/PPARG/PKD2/ARHGAP22/BTG1/FGFR2/SPRY2/RELA/JUN/FBLN5/HS6ST1/EPN2/ZFPM2/ADIPOR2/MDK/FZD4/ENG/PARVA/TMEM100/VEGFC/MECP2/QKI/HOXA3/UBP1/THBS2/SLC31A1/NRXN3/PTK2B/DLL4/NFATC4/AAMP/PGF/PDGFRA/RORA/FMNL3/HIF1A/ATP5F1B/HDAC9/TJP1/NPR3/AGTR1/AGO2/NINJ1/PTGS2/PDCL3/PML",158
"GO:0001525","angiogenesis","140/2382","411/11712",0.340632603406326,1.67484846813388,7.03713345217528,2.66303725915941e-11,7.04639658773579e-08,5.81383081631222e-08,"GLUL/CREB3L1/ADAMTS1/FZD8/TGFBR2/SAT1/CCN3/ROCK2/BRCA1/STAT3/RHOB/THBS1/ADAM12/AMOT/MFGE8/VASH2/S1PR1/ANXA2/SRF/SPARC/HSPA12B/KLF5/PRKD1/ADM2/FZD5/SARS1/WARS1/ANPEP/SMAD1/AMOTL2/GPNMB/SHB/ROBO1/NRP2/PACSIN2/COL4A1/ROCK1/TGFB2/HIF3A/CCN1/LEP/MAPK7/PIK3CA/B4GALT1/ANG/HMOX1/VSTM4/CLIC4/ACVRL1/NR4A1/PIK3R3/EPHB3/CEMIP2/HDAC7/VEGFA/RGCC/COL4A2/VPS4B/EPHB4/EPHB2/COL4A3/PIK3CD/JAG1/MEIS3/PLXDC1/EGR3/RUNX1/TNFAIP3/HSPB1/RBPJ/ACTG1/HIPK2/BMPER/UNC5B/RRAS/ITGB8/DDAH1/NOTCH1/TNFAIP2/PLK2/STARD13/EMP2/TYMP/MAPK14/ADGRB2/E2F7/PDCD10/ADM/IL12A/RHOJ/PDGFRB/HDAC5/CCBE1/MTDH/MMP19/CAV1/EPAS1/PPARG/ARHGAP22/BTG1/FGFR2/SPRY2/RELA/JUN/FBLN5/HS6ST1/EPN2/ADIPOR2/MDK/FZD4/ENG/PARVA/TMEM100/VEGFC/MECP2/QKI/HOXA3/UBP1/THBS2/SLC31A1/NRXN3/PTK2B/DLL4/NFATC4/AAMP/PGF/PDGFRA/RORA/FMNL3/HIF1A/ATP5F1B/HDAC9/TJP1/NPR3/AGTR1/AGO2/NINJ1/PTGS2/PDCL3/PML",140
"GO:0007169","cell surface receptor protein tyrosine kinase signaling pathway","157/2382","496/11712",0.316532258064516,1.55635004469001,6.39730434620343,8.65740300521411e-10,1.52716589011977e-06,1.26003184791678e-06,"COL1A1/ERRFI1/IRS2/PRKAA1/CREB3L1/FOXO1/SORT1/EXT1/STAT3/FLRT3/THBS1/STAT5B/NR4A3/GDF15/STON1/PRKD1/DDIT3/BDKRB2/RAF1/STAT5A/GDNF/NEDD9/ARHGEF28/PIK3R1/ROBO1/PTPRG/NRP2/CUL7/COL4A1/CASP3/DOK6/SAMD12/LEP/PIK3CA/SORBS1/IGF1R/FRK/ABL2/RAC1/PIK3R3/EPHB3/CPNE3/TIPARP/PHIP/ANGPTL1/VEGFA/COL4A2/KANK1/EPHB4/EPHB2/TSG101/COL4A3/SESN3/PTPN12/WASF1/KALRN/HGF/PTPN11/UBASH3B/PIK3CD/MTOR/HSPB1/FAM20C/RBPJ/JAK2/CILP/PLCB1/NR2F2/PDGFC/TRIB3/MAPK14/LGMN/MYO1E/MAP2K1/CYFIP2/IL12A/EPHB6/MYO1C/INPP5K/PSEN1/MBD5/CRIM1/SOCS1/PDGFRB/ADRA2A/ERBIN/CCBE1/NDEL1/AHI1/GIT1/GPER1/SOX9/IRS1/DUSP3/PID1/CAV2/EIF4EBP2/TSPAN32/BLNK/EPHA5/STXBP4/LEPROT/FGFR2/MTSS1/EFNA4/SPRY2/DSTYK/RELA/SOS2/GPC1/SNX5/CEP57/SLC27A4/ENPP1/MAPK3/EPN2/PHF14/RALB/FZD4/RALA/CSF1/SHOC2/COL4A5/ITGA1/CRK/GAB2/EPHA4/VEGFC/SHC3/SOCS5/FGFR4/ZFAND2B/SORL1/NGF/SLC31A1/ADIPOR1/PTK2B/PTPN18/DOK5/NUP62/NFATC4/PDK4/TYRO3/PGF/PDGFRA/ADAM17/SS18/HIP1/ZFAND5/HIF1A/EFS/SREBF1/CBLB/PTPRE/PLEKHA1/SIPA1L1/TMEM204",157
"GO:0003013","circulatory system process","129/2382","399/11712",0.323308270676692,1.58966686237003,6.05523947957543,6.95085367318073e-09,9.19597940961811e-06,7.58740553588254e-06,"SLC6A9/ABAT/CACNB2/PRKAA1/SLC6A6/TBX18/TJP2/KCNK6/ADRA1B/AGTRAP/ROCK2/EXT1/SLC38A2/CXCL12/ATP2A2/SLC5A6/AMOT/CORIN/CLIC2/GCLM/SLC16A2/MDM2/RPS6KA2/BDKRB2/ADM2/PREP/GCH1/ANPEP/ATP1A1/SLC16A12/FERMT2/NEDD4L/ANK2/ROCK1/HRH1/TGFB2/SCN1B/LEP/PIK3CA/VSTM4/ACVRL1/BDKRB1/UFSP2/SPTBN4/CELF2/CORO2B/RAC1/VEGFA/DMPK/KCNE3/PTPN11/TRPM4/SLC1A5/MTOR/SGCD/ARHGAP42/POPDC1/DDAH1/ACTA2/CBS/LOC102724560/NR2F2/SLC7A5/EMP2/CALM1/DOCK5/ADM/MAP2K1/GPD1L/SLC38A1/MAP2K3/FLNA/PRKG1/COL1A2/ADRA2A/SRI/SCN7A/HEG1/SLC4A4/CAV1/GPER1/SLC38A5/YAP1/EPAS1/MEF2A/GNA12/GSN/PPARG/ABCC9/ADORA1/ABCC1/PLEC/STC1/KCNMA1/SLC2A13/SNX5/KCNJ8/SLC27A4/ASPH/PCSK5/SLC8A1/LNPEP/ENG/CHRM2/SLC2A10/ITGA1/VEGFC/KCNJ12/SGK1/DNM1L/KCND3/IER3/SMAD3/MECP2/PER2/RGS4/AKAP12/HSP90AA1/SLC7A8/PLOD3/ABCC3/GSTM2/SREBF1/TJP1/NPR3/DMD/ECE1/AGTR1/PTGS2",129
"GO:0030198","extracellular matrix organization","84/2382","236/11712",0.355932203389831,1.75007471288904,5.88155690598723,2.86661056222464e-08,2.52835051588214e-05,2.08608782668558e-05,"COL1A1/MFAP4/APBB2/CRISPLD2/CREB3L1/ADAMTS1/LAMC1/ADAMTS2/ADAMTS14/CFLAR/EXT1/STAT3/LAMA2/PTX3/FKRP/ANXA2/LAMB1/NID1/COL3A1/COL4A1/TGFB2/CCN1/B4GALT1/ADAMTS5/AXIN2/LOXL1/COL4A4/RGCC/COL4A2/COL11A1/COL4A3/ITGA2/TNFRSF11B/MMP15/RUNX1/ANGPTL7/NOTCH1/RB1/COL5A2/RXFP1/SERPINH1/MYO1E/COL5A1/FURIN/FOXF2/COL1A2/TNFRSF1B/MMP19/CAV1/SOX9/CAV2/PAPLN/DNAJB6/PPARG/KAZALD1/TIMP3/BCL3/ITGA8/ST7/GPM6B/ATP7A/ATXN1L/FBLN5/CST3/SPINT2/ENG/SLC2A10/PDPN/FGFR4/SMAD3/COL5A3/ADAMTS7/P3H1/LUM/COL27A1/ADAMTS10/CTSS/PHLDB2/PDGFRA/SH3PXD2B/PHLDB1/PLOD3/ADAMTSL4/THSD4",84
"GO:0043062","extracellular structure organization","84/2382","236/11712",0.355932203389831,1.75007471288904,5.88155690598723,2.86661056222464e-08,2.52835051588214e-05,2.08608782668558e-05,"COL1A1/MFAP4/APBB2/CRISPLD2/CREB3L1/ADAMTS1/LAMC1/ADAMTS2/ADAMTS14/CFLAR/EXT1/STAT3/LAMA2/PTX3/FKRP/ANXA2/LAMB1/NID1/COL3A1/COL4A1/TGFB2/CCN1/B4GALT1/ADAMTS5/AXIN2/LOXL1/COL4A4/RGCC/COL4A2/COL11A1/COL4A3/ITGA2/TNFRSF11B/MMP15/RUNX1/ANGPTL7/NOTCH1/RB1/COL5A2/RXFP1/SERPINH1/MYO1E/COL5A1/FURIN/FOXF2/COL1A2/TNFRSF1B/MMP19/CAV1/SOX9/CAV2/PAPLN/DNAJB6/PPARG/KAZALD1/TIMP3/BCL3/ITGA8/ST7/GPM6B/ATP7A/ATXN1L/FBLN5/CST3/SPINT2/ENG/SLC2A10/PDPN/FGFR4/SMAD3/COL5A3/ADAMTS7/P3H1/LUM/COL27A1/ADAMTS10/CTSS/PHLDB2/PDGFRA/SH3PXD2B/PHLDB1/PLOD3/ADAMTSL4/THSD4",84
"GO:0045229","external encapsulating structure organization","84/2382","238/11712",0.352941176470588,1.7353682026967,5.79112514435956,4.43517941070305e-08,3.3529956344915e-05,2.76648484144304e-05,"COL1A1/MFAP4/APBB2/CRISPLD2/CREB3L1/ADAMTS1/LAMC1/ADAMTS2/ADAMTS14/CFLAR/EXT1/STAT3/LAMA2/PTX3/FKRP/ANXA2/LAMB1/NID1/COL3A1/COL4A1/TGFB2/CCN1/B4GALT1/ADAMTS5/AXIN2/LOXL1/COL4A4/RGCC/COL4A2/COL11A1/COL4A3/ITGA2/TNFRSF11B/MMP15/RUNX1/ANGPTL7/NOTCH1/RB1/COL5A2/RXFP1/SERPINH1/MYO1E/COL5A1/FURIN/FOXF2/COL1A2/TNFRSF1B/MMP19/CAV1/SOX9/CAV2/PAPLN/DNAJB6/PPARG/KAZALD1/TIMP3/BCL3/ITGA8/ST7/GPM6B/ATP7A/ATXN1L/FBLN5/CST3/SPINT2/ENG/SLC2A10/PDPN/FGFR4/SMAD3/COL5A3/ADAMTS7/P3H1/LUM/COL27A1/ADAMTS10/CTSS/PHLDB2/PDGFRA/SH3PXD2B/PHLDB1/PLOD3/ADAMTSL4/THSD4",84
"GO:0061448","connective tissue development","82/2382","232/11712",0.353448275862069,1.73786154781551,5.73554873272909,5.9611634098471e-08,3.94330959561386e-05,3.25354024000602e-05,"ZBTB16/COL1A1/ERRFI1/PRKAA1/TGFBR2/CCN3/PRRX1/CFLAR/EXT1/FKRP/SRF/COL3A1/SMAD1/IL6R/TGFB2/SLC39A13/CCN1/LEP/PIK3CA/UBB/ACVRL1/AXIN2/GLI3/PKDCC/GDF7/GDF5/COL11A1/PTPN11/TRPM4/INHBE/RUNX1/OXCT1/ITGB8/NOTCH1/PRKG2/RB1/ACTA2/CBS/LOC102724560/SLC25A25/RXFP1/ABHD15/MAPK14/SERPINH1/RASAL2/TSKU/FRZB/COL5A1/PDGFRB/RFLNB/SELENOM/SOX5/SOX9/OSR2/BMPR1B/PPARG/ARID5A/BPNT2/SLC26A2/STC1/ATP7A/MAPK3/MDK/CHRDL2/CSF1/DYRK1B/SPART/SMAD3/SORL1/ADAMTS7/LUM/HOXA3/CREB3L2/COL27A1/RSPO2/HYAL2/TBL1XR1/SH3PXD2B/PKD1/HIF1A/CCN4/LNPK",82
"GO:0048729","tissue morphogenesis","134/2382","433/11712",0.309468822170901,1.52162000221057,5.58843152222183,7.03413974099052e-08,4.10454883717884e-05,3.38657528277396e-05,"TBX18/TGFBR2/TXNRD1/EXT1/LIF/RHOB/FLRT3/MYC/NR4A3/NKD1/S1PR1/SRF/GLI2/MDM2/TGIF1/FZD5/CITED2/STAT5A/COL3A1/NR3C1/SMAD1/GDNF/AHDC1/FERMT2/FST/ROBO1/HS3ST3B1/NRP2/COL4A1/CASP3/TGFB2/DCHS1/PTEN/MAGED1/WDR1/LGR4/PRKACB/SUFU/TGFB1I1/ADAMTS5/CLIC4/TTC8/ACVRL1/GLI3/DLG3/GDF7/ACTB/VEGFA/COL11A1/ITGA2/HGF/SH3BP1/PIK3CD/TEAD2/JAG1/BBS7/MTOR/VCL/SEC24B/RBPJ/ACTG1/NF2/EYA1/MICAL2/FOXP1/NOTCH1/ACTA2/STARD13/PDCD10/ADM/FRZB/GORAB/ADARB1/COL5A1/ASTN2/FLNA/PSEN1/FOXF2/SPECC1L/GCNT4/GRSF1/AHI1/HEG1/SOX9/YAP1/WNT2/IFT172/PKD2/FZD6/CC2D2A/LMO4/ETV5/ITGA8/TBX3/FGFR2/MTSS1/SPRY2/STC1/ATP7A/HS2ST1/ZFPM2/INHBA/MDK/SPINT2/VASP/RALA/ENG/CSF1/TMEM100/PDPN/MTHFD1/TIMELESS/EPHA4/PRKAR1A/VEGFC/SMAD3/PPP1CA/ESR1/MRTFA/ACTG2/RSPO2/PHLDB2/DLL4/NFATC4/CFL1/ADAM17/TOR1A/NUP50/PLOD3/PKD1/HIF1A/JAG2/MTHFD1L/PML",134
"GO:0045596","negative regulation of cell differentiation","141/2382","462/11712",0.305194805194805,1.50060518826262,5.54711436789177,8.19987934630277e-08,4.10454883717884e-05,3.38657528277396e-05,"ZBTB16/TMEM119/SOX4/FOXO3/TRPC6/FOXO1/SORT1/GORASP1/CCN3/TSC22D1/TENT5C/STAT3/MYC/STAT5B/GPR68/DAAM2/BCL6/FSTL3/DDIT3/DUSP10/STAT5A/SPRED2/SMAD1/SHB/PIK3R1/FERMT2/FST/TGFB2/ULK2/SEMA6D/PTEN/TRAK2/SUFU/PDCD4/TNFAIP6/TGFB1I1/ACVRL1/AXIN2/GLI3/TWIST2/YPEL4/GDF5/ACTB/HDAC7/GDF11/VEGFA/ZFP36L2/KLF13/EPHB2/LDB1/ASXL1/ACVR1B/TNFRSF11B/PTPN11/BMAL1/UBASH3B/BICRA/TRPM4/JAG1/RUNX1/ZHX2/RBPJ/TMEM131L/NFKBIA/NF2/FOXP1/NOTCH1/NEGR1/RB1/IGDCC4/COL5A2/TRIB3/INPP5D/TSKU/FRZB/COL5A1/PSEN1/CRIM1/SOCS1/EZH2/GPR137B/ZFP36L1/HDAC5/RFLNB/RC3H2/HOOK3/LSM1/LBH/CAV1/ZBTB46/GPER1/RNF10/SOX9/YAP1/IDH2/CDC73/PPARG/DACT3/TBX3/LRRC17/MED28/SPRY2/SEMA6C/HOXA2/CDK6/ENPP1/ITPKB/ZFPM2/INHBA/MDK/RUFY3/NR1H2/SHOC2/SPART/EPHA4/TMEM64/VEGFC/CBFB/SOCS5/PTBP1/SMAD3/SORL1/ADAMTS7/MECP2/QKI/RGS4/RUNX1T1/ADIPOR1/PTK2B/MEIS2/NFATC4/CFL1/SS18/RORA/RCAN1/CCN4/BTG2/CDKN2A/TOB2/INSIG1/KIFAP3",141
"GO:0008015","blood circulation","109/2382","336/11712",0.324404761904762,1.59505817440326,5.59192476560956,8.53175306291898e-08,4.10454883717884e-05,3.38657528277396e-05,"ABAT/CACNB2/PRKAA1/TBX18/TJP2/KCNK6/ADRA1B/AGTRAP/ROCK2/EXT1/CXCL12/ATP2A2/AMOT/CORIN/CLIC2/GCLM/MDM2/RPS6KA2/BDKRB2/ADM2/PREP/GCH1/ANPEP/ATP1A1/FERMT2/NEDD4L/ANK2/ROCK1/HRH1/TGFB2/SCN1B/LEP/PIK3CA/VSTM4/ACVRL1/BDKRB1/UFSP2/SPTBN4/CELF2/CORO2B/VEGFA/DMPK/KCNE3/PTPN11/TRPM4/MTOR/SGCD/ARHGAP42/POPDC1/DDAH1/ACTA2/CBS/LOC102724560/NR2F2/EMP2/CALM1/DOCK5/ADM/MAP2K1/GPD1L/MAP2K3/FLNA/PRKG1/COL1A2/ADRA2A/SRI/SCN7A/CAV1/GPER1/EPAS1/MEF2A/GNA12/GSN/PPARG/ABCC9/ADORA1/PLEC/STC1/KCNMA1/SNX5/KCNJ8/ASPH/PCSK5/SLC8A1/LNPEP/ENG/CHRM2/ITGA1/VEGFC/KCNJ12/SGK1/DNM1L/KCND3/IER3/SMAD3/MECP2/PER2/RGS4/AKAP12/HSP90AA1/PLOD3/GSTM2/SREBF1/TJP1/NPR3/DMD/ECE1/AGTR1/PTGS2",109
"GO:0002521","leukocyte differentiation","129/2382","421/11712",0.306413301662708,1.50659638500153,5.34889383150984,2.30397427347361e-07,0.000101605265460186,8.38323270734082e-05,"ZBTB16/VCAM1/SOX4/FOXO3/FZD8/TGFBR2/CFLAR/KLF6/LIF/STAT3/SMARCD2/MYC/STAT5B/GPR68/CAMK4/ANXA2/SRF/BCL6/FSTL3/GLI2/FZD5/CITED2/TNFSF13B/DUSP10/STAT5A/NR3C1/NEDD9/NFIL3/SHB/IL6R/PIK3R1/IL34/LEP/TNFAIP6/GLI3/PIK3R3/ACTB/VEGFA/ZFP36L2/TNFRSF11B/UBASH3B/PIK3CD/MTOR/EGR3/RUNX1/LFNG/FAM20C/RBPJ/TMEM131L/PRDM1/JAK2/RRAS/ITGB8/FOXP1/BRD4/RB1/RNF41/BATF3/TCF3/MAPK14/CEBPG/INPP5D/IL12A/PSEN1/OSTM1/SOCS1/EZH2/EEIG1/HSF1/GPR137B/JAGN1/ZFP36L1/HDAC5/RC3H2/GBA1/SYVN1/ZBTB46/PPARG/BLNK/FARP2/KLHL25/TNFSF9/BCL3/ITFG2/LRRC17/SOS2/JUN/TET2/ATP7A/ENTPD7/CDK6/DCAF1/ACIN1/IFI16/PDP2/ITPKB/INHBA/MDK/PHF14/CSF1/ZBTB1/PLCG2/NDFIP1/GAB2/TMEM64/CBFB/SOCS5/QKI/USP44/PTK2B/DLL4/KLF10/TYRO3/ICOSLG/NFKBIZ/ADAM17/RORA/SMARCB1/CCN4/LTBR/JAG2/ST3GAL1/TOX/HDAC9/RASSF2/GAB3/CORO1C/CDKN2A/TOB2",129
"GO:0001503","ossification","105/2382","334/11712",0.31437125748503,1.54572467156367,5.11258926791985,8.15192652608459e-07,0.000302487451340267,0.00024957591362522,"ZBTB16/COL1A1/TMEM119/CREB3L1/CEBPD/ZHX3/TENT5A/TMT1A/SORT1/CCN3/EXT1/DNAI3/FKRP/P2RX7/PLXNB1/TPM4/S1PR1/FSTL3/PRKD1/GLI2/EGR2/SMAD1/IL6R/FERMT2/DCHS1/PTEN/LGR4/CCN1/SUFU/LEP/TNFAIP6/AXIN2/GLI3/PKDCC/TWIST2/GDF5/HDAC7/VEGFA/ACVR1B/HGF/PTPN11/TRPM4/JAG1/RUNX1/FAM20C/RBPJ/NOTCH1/CBS/LOC102724560/MAPK14/CAT/IARS1/CRIM1/COL1A2/RFLNB/GIT1/RBMX/SOX9/OSR2/YAP1/CCDC47/RRAS2/SGMS2/BMPR1B/PPARG/KAZALD1/BPNT2/FGFR2/LRRC17/TP53INP2/GTPBP4/GPM6B/STC1/HOXA2/CDK6/ENPP1/H3-3A/MAPK3/MDK/IGSF10/CHRDL2/SLC8A1/FBN2/DDX21/DHRS3/CSF1/TMEM64/VEGFC/CBFB/SMAD3/ADAMTS7/P3H1/H3-3B/RSPO2/PTK2B/HSD17B4/PDLIM7/KLF10/HIF1A/CHRDL1/CCN4/ATP5F1B/RASSF2/NAB1/TOB2",105
"GO:0003012","muscle system process","95/2382","295/11712",0.322033898305085,1.58340093070913,5.12777749855162,8.3170043438687e-07,0.000302487451340267,0.00024957591362522,"ABAT/KLF15/APBB2/ERRFI1/CACNB2/ANXA6/PDLIM5/FOXO3/FOXO1/ADRA1B/CFLAR/ROCK2/LMCD1/ATP2A2/FKRP/NR4A3/TPM4/SRF/CLIC2/PRKD1/DDIT3/BDKRB2/ATP1A1/GDNF/NEDD4L/PARP2/ANK2/ROCK1/SMTN/CALD1/SCN1B/DTNA/LEP/PIK3CA/HMOX1/DMPK/MYL6/KCNE3/ITGA2/LMOD1/TRPM4/MTOR/SGCD/ARHGAP42/FBXO32/FOXP1/NOTCH1/ACTA2/TPCN2/KDM4A/CALM1/DOCK5/MAP2K1/GPD1L/MAP2K3/FLNA/PRKG1/EZH2/PDGFRB/ADRA2A/TPM3/TNFRSF1B/SRI/SCN7A/CAV1/GPER1/MEF2A/GSN/PPARG/TPM2/ABCC9/ADORA1/TBX3/CKMT2/MYL6B/STC1/KCNMA1/KCNJ8/DAPK3/ASPH/SLC8A1/CHRM2/GAMT/KCNJ12/KCND3/SMAD3/CHUK/RGS4/HSP90AA1/GSTM2/NPR3/DMD/ADGRD1/MYOZ2/EMD",95
"GO:0001501","skeletal system development","117/2382","382/11712",0.306282722513089,1.50595434343967,5.07989928815842,8.62509820679215e-07,0.000302487451340267,0.00024957591362522,"ZBTB16/COL1A1/TMEM119/ERRFI1/TRIM45/BNC2/TGFBR2/CCN3/PRRX1/EXT1/MYC/GPR68/P2RX7/PLXNB1/ANXA2/SRF/GLI2/CITED2/SLC35D1/COL3A1/SMAD1/MOSMO/FST/ATG9A/TGFB2/DCHS1/SLC39A1/CCN1/LEP/ACVRL1/AXIN2/GLI3/PKDCC/TLE5/GDF5/TIPARP/GDF11/VEGFA/COL11A1/ASXL1/TNFRSF11B/PTPN11/NSD2/RUNX1/FAM20C/EYA1/ITGB8/FOXP1/PRKG2/RB1/CBS/LOC102724560/COL5A2/PDGFC/AKAP13/MAPK14/SERPINH1/TSKU/FRZB/PSEN1/PRKG1/COL1A2/RFLNB/SOX5/TEAD4/COL9A2/SOX9/OSR2/BMPR1B/IFT172/ARID5A/HAPLN3/BPNT2/TBX3/FGFR2/LRRC17/SLC26A2/STC1/ATP7A/FBLN5/HOXA2/MAPK3/MDK/PCSK5/CHRDL2/FBN2/DHRS3/SLC2A10/MTHFD1/SMAD3/ADAMTS7/P3H1/LUM/FOXN3/HOXA3/CREB3L2/COL27A1/RSPO2/HYAL2/PDGFRA/SH3PXD2B/ZFAND5/MIGA2/PKD1/NLE1/IFT25/HIF1A/CCN4/JAG2/WDR19/NPR3/RASSF2/MTHFD1L/NAB1/LNPK/PLEKHA1/INSIG1",117
"GO:0040017","positive regulation of locomotion","134/2382","451/11712",0.297117516629712,1.46089015733299,5.04340996749124,9.14550117430891e-07,0.000302487451340267,0.00024957591362522,"ARHGEF2/COL1A1/IRS2/ADAMTS1/TGFBR2/MYADM/ROCK2/STAT3/CXCL12/NSMF/SUN2/RHOB/OXSR1/SYNPO2/THBS1/AMOT/NR4A3/IL16/S1PR1/DAAM2/SPARC/BCL6/LAMB1/PRKD1/CARMIL1/MDM2/STAT5A/NEDD9/GPNMB/IL6R/PIK3R1/PRKCE/FERMT2/IL34/NRP2/SEMA3A/TGFB2/SEMA6D/CCN1/SYDE1/CAMK1D/TNFAIP6/IGF1R/HMOX1/ABL2/PLPP3/BDKRB1/TWIST2/RAC1/PIK3R3/CPNE3/ACTN4/HDAC7/MAPRE2/VEGFA/EPHB2/ITGA2/ACVR1B/HGF/FAM107A/PIK3CD/CAVIN1/MTOR/LAMC2/HSPB1/ACTG1/JAK2/RRAS/POPDC1/FOXP1/NOTCH1/ACTA2/PLK2/PDGFC/SEMA3B/PDCD10/SWAP70/DOCK5/LGMN/MAP2K1/MAP2K3/IL12A/FLNA/MYO1C/RHOJ/CXCL16/EZH2/PDGFRB/ADRA2A/LPAR1/CCBE1/CAV1/GPER1/SOX9/RRAS2/DAPK2/SPRY2/SEMA6C/JUN/MOSPD2/DAPK3/MAPK3/MDK/GRIA1/RUFY3/FZD4/F10/TPBG/CSF1/PLCG2/CRK/PDPN/VPS35/EPHA4/VEGFC/DNM1L/SMAD3/PINK1/AKAP12/CFAP69/PTK2B/CFL1/AAMP/PGF/PDGFRA/ADAM17/FUT4/HIF1A/CCN4/ATP5F1B/HDAC9/TJP1/AGO2/PTGS2",134
"GO:2000146","negative regulation of cell motility","80/2382","240/11712",0.333333333333333,1.63895885810244,5.05342697382977,1.3457886210325e-06,0.000380982146452867,0.000314340204377311,"DUSP1/RAP2B/FOXO3/ALOX15B/CCN3/SAP30/STAT3/CXCL12/RHOB/DNAI3/THBS1/GDF15/SRF/SERPINB1/CITED2/DUSP10/COL3A1/NEDD9/NAV3/ROBO1/PTPRG/ING2/DPYSL3/SEMA6D/PTEN/RNF20/FRMD5/TNFAIP6/HMOX1/CNN2/CLIC4/ACVRL1/SCAI/RAC1/LRCH1/RGCC/KANK1/NBL1/MICOS10-NBL1/JAG1/VCL/NF2/RRAS/PLCB1/NOTCH1/RNF41/NR2F2/STARD13/PDCD10/ADARB1/PFN2/PRKG1/HDAC5/MCTP1/ACVR1C/DUSP3/IDH2/GNA12/PPARG/ADORA1/GTPBP4/STC1/CYP19A1/BMERB1/SPINT2/GNRH1/CORO1B/ENG/CRK/EPHA4/MECP2/EVL/ADIPOR1/DDT/PHLDB2/DLL4/CFL1/HYAL2/PODN/CORO1C",80
"GO:0071375","cellular response to peptide hormone stimulus","86/2382","263/11712",0.326996197718631,1.6077999444503,5.03711423051879,1.35229708913116e-06,0.000380982146452867,0.000314340204377311,"KLF15/ERRFI1/IRS2/PRKAA1/SELENOS/FOXO1/CFLAR/AGTRAP/ROCK2/STAT3/STAT5B/NR4A3/GDF15/KLF5/PRKD1/MDM2/RAF1/STAT5A/PIK3R1/CUL7/CAMK2A/INHBB/ROCK1/SLC26A6/LEP/PIK3CA/SORBS1/IGF1R/RAB31/NONO/NR4A1/RAC1/PIK3R3/SGCB/PHIP/KANK1/ADCY8/SESN3/PTPN11/MTOR/JAK2/PLCB1/RB1/TRIB3/MYO1C/INPP5K/MBD5/SOCS1/HSF1/ZFP36L1/HDAC5/NDEL1/CAV1/CCNA2/GPER1/IRS1/TBC1D4/PID1/CAV2/EIF4EBP2/PPARG/STXBP4/LEPROT/RELA/SOS2/SNX5/SLC27A4/ENPP1/MAPK3/INHBA/GRIA1/SHOC2/CRK/PRKAR1A/LPIN1/SORL1/ADIPOR1/PDK4/EPRS1/CFL1/CACNA2D3/SREBF1/HDAC9/AGTR1/PTPRE/INSIG1",86
"GO:0007411","axon guidance","57/2382","155/11712",0.367741935483871,1.80814170797107,5.11750011151233,1.43984182332905e-06,0.000380982146452867,0.000314340204377311,"NEXN/APBB2/RPS6KA5/USP33/EXT1/CXCL12/LAMA2/FLRT3/RAC3/NR4A3/GLI2/EGR2/PLEKHG4/ABLIM1/KIF5B/GDNF/ROBO1/NRP2/SEMA3A/TGFB2/ULK2/SEMA6D/KIAA1755/SCN1B/TTC8/GLI3/GDF7/RAC1/EPHB3/VEGFA/NECTIN1/EPHB2/KALRN/ARHGEF40/PALLD/UNC5B/NOTCH1/SEMA3B/CYFIP2/EPHB6/ROBO3/BMPR1B/EPHA5/LMO4/EFNA4/SEMA6C/HOXA2/ARHGEF25/VASP/EPHA4/KIFC2/EVL/ALCAM/NRXN3/CDH4/ADAM17/ECE1",57
"GO:0045637","regulation of myeloid cell differentiation","57/2382","155/11712",0.367741935483871,1.80814170797107,5.11750011151233,1.43984182332905e-06,0.000380982146452867,0.000314340204377311,"ZBTB16/GLUL/FOXO3/LIF/STAT3/MYC/STAT5B/GPR68/CAMK4/HMGB2/FSTL3/STAT5A/NEDD9/PIK3R1/IL34/TNFAIP6/YPEL4/KLF13/LDB1/ACVR1B/TNFRSF11B/UBASH3B/JAG1/MTOR/RUNX1/NFKBIA/FOXP1/RB1/RNF41/PRMT6/MAPK14/INPP5D/EEIG1/HSF1/GPR137B/ZFP36L1/ZBTB46/CDC73/ABCB10/LRRC17/CDK6/ACIN1/ITPKB/INHBA/ZNF16/CSF1/NDFIP1/TMEM64/QKI/PTK2B/MTURN/MEIS2/KLF10/HIF1A/RASSF2/CORO1C/TOB2",57
"GO:0008285","negative regulation of cell population proliferation","144/2382","496/11712",0.290322580645161,1.42748029576664,4.91546928076183,1.54107224938275e-06,0.000388350206844454,0.000320419433104745,"DUSP1/ZBTB16/KLF9/TENT5B/ADAMTS1/ALOX15B/CCN3/TSC22D1/LIF/STAT3/MYC/THBS1/PLXNB1/SRF/SPARC/BCL6/SLC16A2/TGIF1/RPS6KA2/RAF1/FZD5/WARS1/DUSP10/NIBAN2/SMAD1/GPNMB/ROBO1/CASP3/TGFB2/PTEN/MAGED1/CDKN2B/PDCD4/TGFB1I1/B4GALT1/ANG/HMOX1/ACVRL1/AXIN2/GLI3/DLG3/SRPX/GDF5/TMEM115/GDF11/RGCC/KLF13/TSG101/COL4A3/CDKN1A/PTPN11/PLPP1/TNFAIP3/RBPJ/PPM1D/TMEM131L/JAK2/NF2/DDAH1/NOTCH1/NEGR1/RB1/RNF41/NR2F2/E2F7/PDCD10/MAP2K1/INPP5D/FRZB/ADARB1/IL12A/LIMS2/WDR77/PRKG1/HSF1/ACVR1C/CAV1/GPER1/RNF10/SOX9/IDH2/PAWR/CDC73/CAV2/BMPR1B/GNA12/CD274/TSPAN32/IFT172/PPARG/TMEM127/HMGA1/PKD2/BTG1/NACC2/ADORA1/TBX3/FGFR2/GTPBP4/MTSS1/SPRY2/JARID2/JUN/CDK6/ASPH/CD37/INHBA/SPINT2/GNRH1/PHF14/TPBG/ENG/SHOC2/ITGA1/NDFIP1/PDPN/AQP11/PRKAR1A/CTCF/SMAD3/P3H1/NGF/UTP20/PER2/SPEG/PTK2B/DLL4/KLF10/TFDP1/NUP62/IL20RB/PODN/SMARCB1/LDOC1/BTG2/CD9/CBLB/NMI/PDS5B/CDKN2A/TOB2/EMD/KIFAP3/PML",144
"GO:0097485","neuron projection guidance","57/2382","156/11712",0.365384615384615,1.7965510559969,5.06056721396706,1.82557782791287e-06,0.000439134448423406,0.000362320422496775,"NEXN/APBB2/RPS6KA5/USP33/EXT1/CXCL12/LAMA2/FLRT3/RAC3/NR4A3/GLI2/EGR2/PLEKHG4/ABLIM1/KIF5B/GDNF/ROBO1/NRP2/SEMA3A/TGFB2/ULK2/SEMA6D/KIAA1755/SCN1B/TTC8/GLI3/GDF7/RAC1/EPHB3/VEGFA/NECTIN1/EPHB2/KALRN/ARHGEF40/PALLD/UNC5B/NOTCH1/SEMA3B/CYFIP2/EPHB6/ROBO3/BMPR1B/EPHA5/LMO4/EFNA4/SEMA6C/HOXA2/ARHGEF25/VASP/EPHA4/KIFC2/EVL/ALCAM/NRXN3/CDH4/ADAM17/ECE1",57
"GO:0007015","actin filament organization","109/2382","356/11712",0.306179775280899,1.50544816460533,4.89345927257711,2.07365239947851e-06,0.000457272777357149,0.00037728596898545,"ARHGEF2/WASF3/ARPC5/CORO6/RND2/MYADM/ROCK2/SVIL/CXCL12/RHOB/ZYX/SYNPO2/DNAI3/AMOT/MARCKSL1/SSH2/RAC3/TPM4/S1PR1/DAAM2/SRF/CARMIL1/CYRIA/NEDD9/PIK3R1/PRKCE/FERMT2/AIF1L/MSRB1/GMFB/ROCK1/DPYSL3/CALD1/WDR1/ACTR3/CDC42EP3/PIK3CA/SORBS1/ANG/RND3/CNN2/TTC8/CAP1/SPTBN4/CORO2B/RAC1/RGCC/GAS2L3/KANK1/WHAMM/ARF1/FAM171A1/WASF1/LMOD1/SH3BP1/FAM107A/MTOR/DSTN/ACTG1/JAK2/NF2/MICAL2/GBA2/EMP2/SWAP70/MYO1E/PFN2/CYFIP2/FLNA/MYO1C/SPIRE2/INPP5K/MICAL1/RHOJ/SPECC1L/TPM3/LPAR1/RFLNB/DIAPH2/PAWR/PDLIM1/FHOD1/GSN/TPM2/SNX9/MTSS1/PLEC/RHOBTB2/ARHGAP28/ARPC4/RUFY3/VASP/WASHC4/CORO1B/INF2/SMAD3/EVL/RGS4/ACTR2/PTK2B/FCHSD1/PHLDB2/PHACTR1/CFL1/HIP1/EPS8/TJP1/CORO1C/ALMS1",109
"GO:0002009","morphogenesis of an epithelium","110/2382","360/11712",0.305555555555556,1.50237895326057,4.89185463362651,2.07379944379659e-06,0.000457272777357149,0.00037728596898545,"TBX18/TGFBR2/EXT1/LIF/RHOB/FLRT3/MYC/NKD1/SRF/GLI2/TGIF1/FZD5/CITED2/STAT5A/NR3C1/GDNF/FERMT2/FST/HS3ST3B1/COL4A1/CASP3/TGFB2/DCHS1/PTEN/MAGED1/WDR1/LGR4/PRKACB/SUFU/TGFB1I1/CLIC4/TTC8/ACVRL1/GLI3/DLG3/GDF7/ACTB/VEGFA/HGF/SH3BP1/PIK3CD/TEAD2/JAG1/BBS7/MTOR/VCL/SEC24B/RBPJ/ACTG1/EYA1/MICAL2/FOXP1/NOTCH1/STARD13/PDCD10/ADM/FRZB/GORAB/COL5A1/ASTN2/FLNA/PSEN1/FOXF2/SPECC1L/GRSF1/AHI1/SOX9/YAP1/WNT2/IFT172/PKD2/FZD6/CC2D2A/LMO4/ETV5/TBX3/FGFR2/MTSS1/SPRY2/ATP7A/HS2ST1/MDK/SPINT2/VASP/RALA/ENG/CSF1/PDPN/MTHFD1/TIMELESS/EPHA4/VEGFC/SMAD3/PPP1CA/ESR1/MRTFA/RSPO2/PHLDB2/DLL4/NFATC4/CFL1/ADAM17/TOR1A/NUP50/PLOD3/PKD1/HIF1A/JAG2/MTHFD1L/PML",110
"GO:0030099","myeloid cell differentiation","105/2382","341/11712",0.30791788856305,1.51399425308583,4.86702043988414,2.39076168120391e-06,0.000506076432677244,0.000417552819100371,"ZBTB16/GLUL/FOXO3/TGFBR2/CFLAR/LIF/STAT3/MYC/STAT5B/GPR68/CAMK4/TPM4/ANXA2/SRF/BCL6/HMGB2/FSTL3/CITED2/STAT5A/NR3C1/NEDD9/PIK3R1/IL34/CASP3/WDR1/CDKN2B/TNFAIP6/YPEL4/RAC1/VEGFA/KLF13/LDB1/ACVR1B/TNFRSF11B/PTPN11/UBASH3B/PIK3CD/JAG1/CDIN1/SLC1A5/MTOR/RUNX1/FAM20C/RBPJ/HIPK2/NFKBIA/JAK2/ITGB8/FOXP1/RB1/RNF41/BATF3/PRMT6/MAPK14/MFAP2/CEBPG/INPP5D/HBA1/FLNA/PSEN1/OSTM1/SOCS1/EEIG1/HSF1/GPR137B/JAGN1/ZFP36L1/SNRK/GBA1/ZBTB46/EPAS1/SLC11A2/CDC73/PPARG/MFHAS1/FARP2/ABCB10/LRRC17/JUN/TET2/CDK6/ZNF385A/ACIN1/IFI16/ITPKB/INHBA/ZNF16/CSF1/NDFIP1/GAB2/TMEM64/CBFB/QKI/PTK2B/MTURN/MEIS2/KLF10/HIF1A/CCN4/LTBR/RASSF2/GAB3/CORO1C/TOB2/PML",105
"GO:0042692","muscle cell differentiation","95/2382","303/11712",0.313531353135314,1.54159496554189,4.82613193188396,3.07205050853324e-06,0.000625280434275304,0.000515905486210359,"TMEM119/PDLIM5/TBX18/LAMC1/SORT1/CCN3/CFLAR/LAMA2/MYC/ATP2A2/ADAM12/FKRP/GDF15/SRF/LAMB1/KLF5/PRKD1/MDM2/NID1/SMAD1/ALPK3/PARP2/ANK2/CDON/CASP3/WDR1/PDCD4/NLN/ADAMTS5/SDC1/SGCB/ACTN4/VEGFA/DMPK/LMOD1/MTOR/SGCD/ACTG1/POPDC1/BCL9/FOXP1/NOTCH1/RB1/AKAP13/MAPK14/DOCK5/ADM/KDM1A/CNTNAP1/PRKG1/EZH2/PDGFRB/HDAC5/MAMSTR/OBSL1/MRTFB/GPER1/SOX9/MEF2A/CAV2/ITGA8/TBX3/FGFR2/MED28/PLEC/KCNJ8/H3-3A/SLC8A1/BNIP2/ENG/DYRK1B/PRKAR1A/CTCF/PTBP1/CHUK/TANC1/MECP2/QKI/H3-3B/RGS4/MRTFA/PTGFRN/SPEG/NFATC4/CTH/PDGFRA/RORA/RCAN1/HDAC9/CD9/FBXO22/DMD/NINJ1/MYOZ2/TMEM204",95
"GO:2000147","positive regulation of cell motility","129/2382","441/11712",0.292517006802721,1.43827001833479,4.74031147382382,3.5636997658249e-06,0.000675111662402586,0.000557020164627029,"ARHGEF2/COL1A1/IRS2/ADAMTS1/TGFBR2/MYADM/ROCK2/STAT3/CXCL12/NSMF/SUN2/RHOB/OXSR1/SYNPO2/THBS1/AMOT/NR4A3/S1PR1/DAAM2/SPARC/BCL6/LAMB1/PRKD1/CARMIL1/MDM2/STAT5A/NEDD9/GPNMB/IL6R/PIK3R1/PRKCE/FERMT2/IL34/NRP2/SEMA3A/TGFB2/SEMA6D/CCN1/SYDE1/CAMK1D/TNFAIP6/IGF1R/HMOX1/ABL2/PLPP3/BDKRB1/TWIST2/RAC1/PIK3R3/CPNE3/ACTN4/HDAC7/MAPRE2/VEGFA/EPHB2/ITGA2/ACVR1B/HGF/FAM107A/PIK3CD/CAVIN1/MTOR/LAMC2/HSPB1/ACTG1/JAK2/RRAS/FOXP1/NOTCH1/ACTA2/PLK2/PDGFC/SEMA3B/PDCD10/SWAP70/DOCK5/LGMN/MAP2K1/MAP2K3/IL12A/FLNA/MYO1C/RHOJ/CXCL16/EZH2/PDGFRB/ADRA2A/LPAR1/CCBE1/CAV1/GPER1/SOX9/RRAS2/DAPK2/SPRY2/SEMA6C/JUN/MOSPD2/DAPK3/MAPK3/MDK/RUFY3/FZD4/F10/CSF1/PLCG2/CRK/PDPN/EPHA4/VEGFC/DNM1L/SMAD3/PINK1/AKAP12/CFAP69/PTK2B/CFL1/AAMP/PGF/PDGFRA/ADAM17/FUT4/HIF1A/CCN4/ATP5F1B/HDAC9/TJP1/AGO2/PTGS2",129
"GO:0060326","cell chemotaxis","63/2382","181/11712",0.348066298342541,1.7113990286263,4.87355774694049,3.57201937779146e-06,0.000675111662402586,0.000557020164627029,"DUSP1/VCAM1/CCN3/CXCL12/OXSR1/THBS1/RAC3/IL16/S1PR1/HMGB2/PRKD1/NEDD9/IL6R/IL34/TGFB2/CAMK1D/TNFAIP6/NR4A1/RAC1/ACKR4/VEGFA/NBL1/MICOS10-NBL1/HGF/PIK3CD/TRPM4/EGR3/HSPB1/CH25H/NOTCH1/SWAP70/LGMN/IL12A/CXCL16/PDGFRB/LPAR1/PIP5K1A/DAPK2/ABCC1/PLEC/CYP19A1/MOSPD2/MAPK3/MDK/ACKR2/IL17RA/TPBG/CORO1B/ENG/CSF1/PARVA/ITGA1/CRK/VEGFC/DNM1L/DDT/PTK2B/PGF/PDGFRA/ADAM17/CORO1C/AGTR1/NINJ1",63
"GO:0043588","skin development","61/2382","174/11712",0.350574712643678,1.72373259214222,4.85975678569673,3.89389665320273e-06,0.000710569003060304,0.000586275256533027,"COL1A1/ERRFI1/ALOX15B/ADAMTS2/LDB2/ROCK2/EXT1/ELOVL1/NCOA3/STARD7/AQP3/SRF/GLI2/TNFSF13B/COL3A1/AHDC1/FST/ROCK1/CASP3/TGFB2/LGR4/SUFU/CLIC4/TSG101/ITGA2/CDKN1A/LDB1/ACVR1B/JAG1/PALLD/EDA/RBPJ/NOTCH1/COL5A2/MAP2K1/GORAB/COL5A1/PSEN1/COL1A2/EZH2/ZFP36L1/GBA1/SOX9/YAP1/PIP5K1A/FZD6/FGFR2/RELA/PLEC/ATP7A/SLC27A4/INHBA/SLC2A10/APCDD1/COL5A3/OPN3/NFKBIZ/NUMA1/TRIM16/PKD1/CDKN2A",61
"GO:0030336","negative regulation of cell migration","76/2382","231/11712",0.329004329004329,1.61767367812708,4.79073637514614,4.25574666852642e-06,0.000750713712328061,0.000619397795826232,"DUSP1/RAP2B/FOXO3/ALOX15B/CCN3/SAP30/STAT3/CXCL12/RHOB/DNAI3/THBS1/GDF15/SRF/SERPINB1/CITED2/DUSP10/COL3A1/NEDD9/NAV3/ROBO1/PTPRG/ING2/DPYSL3/SEMA6D/PTEN/RNF20/TNFAIP6/HMOX1/CNN2/CLIC4/ACVRL1/SCAI/RAC1/LRCH1/RGCC/KANK1/NBL1/MICOS10-NBL1/JAG1/VCL/NF2/RRAS/PLCB1/NOTCH1/RNF41/NR2F2/STARD13/PDCD10/ADARB1/PFN2/PRKG1/HDAC5/MCTP1/ACVR1C/DUSP3/IDH2/GNA12/PPARG/ADORA1/GTPBP4/STC1/CYP19A1/BMERB1/GNRH1/CORO1B/ENG/EPHA4/MECP2/EVL/ADIPOR1/DDT/PHLDB2/DLL4/HYAL2/PODN/CORO1C",76
"GO:0044057","regulation of system process","107/2382","354/11712",0.30225988700565,1.48617455777085,4.69320985403269,4.92935687421478e-06,0.00082258979296108,0.000678701209611839,"ABAT/ERRFI1/CACNB2/ANXA6/WASF3/TBX18/FOXO3/FOXO1/GLS/CCN3/ADRA1B/ROCK2/LMCD1/ATP2A2/CORIN/NR4A3/SRF/CLIC2/PRKD1/MDM2/BDKRB2/ADM2/EGR2/GCH1/ATP1A1/PARP2/ANK2/INHBB/ROCK1/HRH1/TGFB2/PTEN/SCN1B/LEP/EPB41/C1QTNF1/SPTBN4/CELF2/CORO2B/DMPK/KCNE3/ITGA2/PTPN11/TRPM4/TENM4/ARHGAP42/CTSC/FBXO32/POPDC1/FOXP1/NOTCH1/NEGR1/EMP2/TYMP/CALM1/DOCK5/ADM/STX1B/MAP2K1/GPD1L/FLNA/INPP5K/PRKG1/ADRA2A/TNFRSF1B/SRI/GBA1/CAV1/GPER1/LPCAT3/RNF10/EPAS1/MEF2A/PPARG/ABCC9/ADORA1/STC1/CYP19A1/KCNJ8/DAPK3/ASPH/INHBA/GRIA1/SLC8A1/NR1H2/CHRM2/TMEM100/KCNJ12/SGK1/DLG4/KCND3/LPIN1/SMAD3/MECP2/PER2/QKI/RGS4/PTK2B/HSP90AA1/GSTM2/SREBF1/NPR3/ZFHX2/DMD/ECE1/AGTR1/ADGRD1",107
"GO:0043434","response to peptide hormone","103/2382","338/11712",0.304733727810651,1.49833812767353,4.69734979250376,4.97408793929602e-06,0.00082258979296108,0.000678701209611839,"COL1A1/KLF15/ERRFI1/IRS2/PRKAA1/SELENOS/FOXO1/SORT1/CFLAR/AGTRAP/ROCK2/STAT3/CXCL12/STAT5B/NR4A3/GDF15/KLF5/PRKD1/MDM2/RAF1/STAT5A/COL3A1/PIK3R1/CUL7/CAMK2A/INHBB/ROCK1/SLC26A6/LEP/PIK3CA/SORBS1/IGF1R/RAB31/NONO/SESN2/NR4A1/RAC1/PIK3R3/SGCB/PHIP/KANK1/ADCY8/SESN3/PTPN11/MTOR/SCAP/JAK2/PLCB1/RB1/TRIB3/MAPK14/CAT/MYO1C/INPP5K/MBD5/SOCS1/HSF1/ZFP36L1/HDAC5/NDEL1/ACVR1C/CAV1/CCNA2/GPER1/EPM2AIP1/IRS1/TBC1D4/PID1/CAV2/EIF4EBP2/PPARG/BTG1/STXBP4/LEPROT/RELA/SOS2/SNX5/KCNJ8/SLC27A4/ENPP1/MAPK3/INHBA/GNRH1/GRIA1/SHOC2/CRK/PRKAR1A/LPIN1/SMAD3/SORL1/CHUK/ADIPOR1/PDK4/EPRS1/CFL1/TRIM16/CACNA2D3/SREBF1/HDAC9/BTG2/AGTR1/PTPRE/INSIG1",103
"GO:0030335","positive regulation of cell migration","125/2382","429/11712",0.291375291375291,1.43265634449514,4.61303209094078,6.23133197591857e-06,0.000999279055047304,0.000824483733209257,"ARHGEF2/COL1A1/IRS2/ADAMTS1/TGFBR2/MYADM/ROCK2/STAT3/CXCL12/NSMF/SUN2/RHOB/OXSR1/SYNPO2/THBS1/AMOT/NR4A3/S1PR1/DAAM2/SPARC/LAMB1/PRKD1/CARMIL1/MDM2/STAT5A/NEDD9/GPNMB/IL6R/PIK3R1/PRKCE/FERMT2/IL34/NRP2/SEMA3A/TGFB2/SEMA6D/CCN1/SYDE1/CAMK1D/TNFAIP6/IGF1R/HMOX1/ABL2/PLPP3/BDKRB1/TWIST2/RAC1/PIK3R3/CPNE3/ACTN4/HDAC7/MAPRE2/VEGFA/EPHB2/ITGA2/ACVR1B/HGF/FAM107A/PIK3CD/MTOR/LAMC2/HSPB1/ACTG1/JAK2/RRAS/FOXP1/NOTCH1/ACTA2/PLK2/PDGFC/SEMA3B/PDCD10/SWAP70/DOCK5/LGMN/MAP2K1/MAP2K3/IL12A/FLNA/MYO1C/RHOJ/CXCL16/EZH2/PDGFRB/ADRA2A/LPAR1/CCBE1/CAV1/GPER1/SOX9/RRAS2/DAPK2/SPRY2/SEMA6C/JUN/MOSPD2/DAPK3/MAPK3/MDK/RUFY3/FZD4/F10/CSF1/PLCG2/CRK/PDPN/EPHA4/VEGFC/DNM1L/SMAD3/PINK1/AKAP12/PTK2B/AAMP/PGF/PDGFRA/ADAM17/FUT4/HIF1A/CCN4/ATP5F1B/HDAC9/TJP1/AGO2/PTGS2",125
"GO:0048771","tissue remodeling","49/2382","133/11712",0.368421052631579,1.81148084316585,4.75549371998535,7.26106741456628e-06,0.00113016378699661,0.000932473920607459,"TMEM119/ROCK2/EXT1/LIF/FKRP/P2RX7/S1PR1/MDM2/GPNMB/ROCK1/TGFB2/LGR4/LEP/ACVRL1/YPEL4/GDF5/UBASH3B/JAG1/RUNX1/TNFAIP3/RBPJ/TMBIM1/CBS/LOC102724560/SYT7/DOCK5/INPP5D/GPR137B/CAV1/EPAS1/PPARG/CAPN1/NCDN/ATP7A/CST3/TPP1/MDK/TMEM64/C6orf89/HOXA3/DEF8/PTK2B/DLL4/PDK4/HIF1A/NPR3/RASSF2/CDKN2A/PML",49
"GO:1903131","mononuclear cell differentiation","105/2382","349/11712",0.300859598853868,1.47928951376008,4.592944363315,7.56543238398162e-06,0.00114389337645802,0.000943801910639271,"ZBTB16/VCAM1/SOX4/FOXO3/FZD8/TGFBR2/CFLAR/KLF6/LIF/STAT3/SMARCD2/MYC/STAT5B/GPR68/CAMK4/SRF/BCL6/GLI2/FZD5/TNFSF13B/DUSP10/STAT5A/NR3C1/NFIL3/SHB/IL6R/PIK3R1/IL34/LEP/GLI3/PIK3R3/ACTB/VEGFA/ZFP36L2/PIK3CD/MTOR/EGR3/RUNX1/LFNG/RBPJ/TMEM131L/PRDM1/JAK2/ITGB8/FOXP1/BRD4/RB1/RNF41/BATF3/TCF3/CEBPG/INPP5D/IL12A/PSEN1/SOCS1/EZH2/HSF1/ZFP36L1/HDAC5/RC3H2/GBA1/SYVN1/ZBTB46/PPARG/BLNK/KLHL25/TNFSF9/BCL3/ITFG2/SOS2/JUN/ATP7A/ENTPD7/CDK6/DCAF1/ACIN1/IFI16/PDP2/ITPKB/INHBA/MDK/PHF14/CSF1/ZBTB1/PLCG2/NDFIP1/CBFB/SOCS5/QKI/USP44/PTK2B/DLL4/TYRO3/ICOSLG/NFKBIZ/ADAM17/RORA/SMARCB1/LTBR/JAG2/ST3GAL1/TOX/HDAC9/GAB3/CDKN2A",105
"GO:0040013","negative regulation of locomotion","81/2382","254/11712",0.318897637795276,1.56798032487753,4.62405284130171,7.98519378071328e-06,0.00117382348576485,0.000968496602409319,"DUSP1/RAP2B/FOXO3/ALOX15B/CCN3/SAP30/STAT3/CXCL12/RHOB/DNAI3/THBS1/GDF15/SRF/SERPINB1/CITED2/DUSP10/COL3A1/NEDD9/NAV3/ROBO1/PTPRG/ING2/DPYSL3/SEMA6D/PTEN/RNF20/FRMD5/TNFAIP6/HMOX1/CNN2/CLIC4/ACVRL1/SCAI/RAC1/LRCH1/RGCC/KANK1/NBL1/MICOS10-NBL1/JAG1/VCL/NF2/RRAS/PLCB1/NOTCH1/RNF41/NR2F2/STARD13/PDCD10/ADARB1/PFN2/PRKG1/ROBO3/HDAC5/MCTP1/ACVR1C/DUSP3/IDH2/GNA12/PPARG/ADORA1/GTPBP4/STC1/CYP19A1/BMERB1/SPINT2/GNRH1/CORO1B/ENG/CRK/EPHA4/MECP2/EVL/ADIPOR1/DDT/PHLDB2/DLL4/CFL1/HYAL2/PODN/CORO1C",81
"GO:0050673","epithelial cell proliferation","95/2382","311/11712",0.305466237942122,1.5019397895794,4.53301747343972,1.03112704933437e-05,0.00144566926488352,0.00119279072895271,"ERRFI1/KLF9/IRS2/LAMC1/CCN3/CFLAR/STAT3/CXCL12/MYC/THBS1/VASH2/NR4A3/SPARC/HMGB2/LAMB1/SERPINB1/PRKD1/RAF1/DUSP10/STAT5A/FST/ROBO1/NRP2/TGFB2/MAGED1/LGR4/CDKN2B/LEP/ST8SIA1/B4GALT1/ANG/HMOX1/VSTM4/ACVRL1/CDK4/NR4A1/GDF5/VEGFA/RGCC/COL4A3/CDKN1A/HGF/PIK3CD/POLD4/JAG1/SIDT2/HMGN1/EGR3/TNFAIP3/RBPJ/PRDM1/BMPER/EYA1/NOTCH1/RB1/NR2F2/PDCD10/MAP2K1/IL12A/LIMS2/WDR77/PSEN1/HSF1/ZFP36L1/CAV1/SOX9/OSR2/YAP1/CDC73/BTBD10/CAV2/WNT2/IFT172/PPARG/STXBP4/FGFR2/MTSS1/JUN/NRAS/CDK6/MDK/ENG/AQP11/VEGFC/C6orf89/SMAD3/ESR1/DLL4/BCL2L2/NFKBIZ/ADAM17/HIF1A/AGTR1/CDKN2A/PDCL3",95
"GO:0030855","epithelial cell differentiation","124/2382","429/11712",0.289044289044289,1.42119509373917,4.49083090699359,1.03808450615219e-05,0.00144566926488352,0.00119279072895271,"KLF15/ERRFI1/ANXA4/SOX4/TST/ALOX15B/TJP2/MYADM/ROCK2/EXT1/LIF/MAFF/NCOA3/RHEB/STAT5B/S1PR1/AQP3/KLF5/GLI2/SLC4A7/FZD5/STAT5A/SPRED2/GDNF/AMOTL2/FST/CBFA2T2/COL4A1/ROCK1/CASP3/TGFB2/TGFB1I1/B4GALT1/CLIC4/TTC8/ACVRL1/GDF7/RAC1/GDF11/VEGFA/CPT1A/TUBB/TSG101/ITGA2/CDKN1A/ASXL1/BMAL1/SH3BP1/JAG1/SIDT2/FSTL1/PALLD/VCL/FAM20C/SEC24B/RBPJ/PRDM1/SLITRK6/PCNA/NF2/PLCB1/NOTCH1/ACTA2/NR2F2/FAT4/E2F7/MYO1E/MAP2K1/FRZB/TDRD7/FLNA/WDR77/EZH2/RBBP9/ZFP36L1/TAGLN/AHI1/HEG1/LBH/CAV1/SOX9/YAP1/EPAS1/PIP5K1A/AKR1C1/PPARG/BTG1/RILPL2/BDH2/TBX3/FGFR2/MTSS1/SPRY2/PLEC/STC1/JUN/RAP1B/ZNF800/WHRN/PROX2/CDK6/TPP1/INHBA/SPINT2/FZD4/IKBKB/TMEM100/PDPN/SMAD3/XDH/ESR1/OPN3/HSD17B4/NFKBIZ/NUMA1/TRIM16/SMARCB1/PLOD3/ADAMTSL4/HIF1A/JAG2/TJP1/MAGI1/CDKN2A",124
"GO:0006935","chemotaxis","87/2382","281/11712",0.309608540925267,1.52230698208091,4.47779210408138,1.36287221034683e-05,0.00180307993428886,0.00148768261276807,"DUSP1/VCAM1/CCN3/CXCL12/FLRT3/OXSR1/THBS1/AMOT/RAC3/IL16/S1PR1/HMGB2/PRKD1/RALBP1/GDNF/NEDD9/GPNMB/IL6R/ROBO1/IL34/NRP2/SEMA3A/TGFB2/SEMA6D/CCN1/CAMK1D/TNFAIP6/NR4A1/RAC1/ACKR4/VEGFA/NBL1/MICOS10-NBL1/ITGA2/HGF/PIK3CD/TRPM4/EGR3/HSPB1/CH25H/NOTCH1/SEMA3B/TYMP/MAPK14/SWAP70/LGMN/MAP2K1/IL12A/CXCL16/PDGFRB/ROBO3/LPAR1/DUSP3/PIP5K1A/DAPK2/ABCC1/SEMA6C/PLEC/CYP19A1/LSP1/MOSPD2/PLP2/MAPK3/MDK/ACKR2/IL17RA/TPBG/CORO1B/RALA/ENG/CSF1/PARVA/ITGA1/CRK/VEGFC/DNM1L/SMAD3/USP14/DDT/PTK2B/PGF/PDGFRA/ADAM17/CORO1C/AGTR1/NINJ1/PLD1",87
"GO:0042330","taxis","87/2382","281/11712",0.309608540925267,1.52230698208091,4.47779210408138,1.36287221034683e-05,0.00180307993428886,0.00148768261276807,"DUSP1/VCAM1/CCN3/CXCL12/FLRT3/OXSR1/THBS1/AMOT/RAC3/IL16/S1PR1/HMGB2/PRKD1/RALBP1/GDNF/NEDD9/GPNMB/IL6R/ROBO1/IL34/NRP2/SEMA3A/TGFB2/SEMA6D/CCN1/CAMK1D/TNFAIP6/NR4A1/RAC1/ACKR4/VEGFA/NBL1/MICOS10-NBL1/ITGA2/HGF/PIK3CD/TRPM4/EGR3/HSPB1/CH25H/NOTCH1/SEMA3B/TYMP/MAPK14/SWAP70/LGMN/MAP2K1/IL12A/CXCL16/PDGFRB/ROBO3/LPAR1/DUSP3/PIP5K1A/DAPK2/ABCC1/SEMA6C/PLEC/CYP19A1/LSP1/MOSPD2/PLP2/MAPK3/MDK/ACKR2/IL17RA/TPBG/CORO1B/RALA/ENG/CSF1/PARVA/ITGA1/CRK/VEGFC/DNM1L/SMAD3/USP14/DDT/PTK2B/PGF/PDGFRA/ADAM17/CORO1C/AGTR1/NINJ1/PLD1",87
"GO:0002573","myeloid leukocyte differentiation","59/2382","173/11712",0.341040462427746,1.67685386060191,4.53169760765221,1.46657685738602e-05,0.00189295725104557,0.00156183846070275,"TGFBR2/CFLAR/LIF/MYC/GPR68/CAMK4/ANXA2/FSTL3/CITED2/STAT5A/NR3C1/NEDD9/PIK3R1/IL34/TNFAIP6/VEGFA/TNFRSF11B/UBASH3B/PIK3CD/MTOR/RUNX1/FAM20C/RBPJ/ITGB8/FOXP1/RB1/BATF3/MAPK14/INPP5D/PSEN1/OSTM1/SOCS1/EEIG1/HSF1/GPR137B/JAGN1/ZFP36L1/GBA1/ZBTB46/PPARG/FARP2/LRRC17/JUN/CDK6/ACIN1/IFI16/INHBA/CSF1/NDFIP1/GAB2/TMEM64/QKI/KLF10/CCN4/LTBR/RASSF2/GAB3/CORO1C/TOB2",59
"GO:0015850","organic hydroxy compound transport","56/2382","162/11712",0.345679012345679,1.69966103803215,4.53086635747518,1.53477283249796e-05,0.00193381376894743,0.0015955482980455,"ABAT/CXCL12/ANXA2/AQP3/STX12/RALBP1/GDNF/VPS4A/SLC26A6/OSBPL3/C1QTNF1/ACTB/VPS4B/NPC1/VAPA/PTPN11/SOAT1/ABCA7/TMF1/SLC75A1/NFKBIA/SYT7/TPCN2/SLC18B1/TSKU/FURIN/ADRA2A/SELENOM/OSBPL7/SCP2/CAV1/SLC19A3/SLC51B/AKR1C1/PPARG/NPC1L1/SLC19A2/GPM6B/SLC2A13/CYP19A1/SLC29A3/MAPK3/NR1H2/ABCA4/AQP11/ARL8B/STARD5/MECP2/PINK1/ZDHHC8/VAPB/SLC44A2/TOR1A/ABCC3/ABCB4/AGTR1",56
"GO:0032970","regulation of actin filament-based process","93/2382","306/11712",0.303921568627451,1.49434484121104,4.42742367635167,1.59328719072036e-05,0.0019608548403005,0.0016178593065136,"WASF3/ARPC5/RND2/MYADM/ROCK2/SVIL/CIT/CXCL12/ATP2A2/SYNPO2/DNAI3/AMOT/SSH2/RAC3/S1PR1/DAAM2/PRKD1/CARMIL1/CYRIA/NEDD9/PIK3R1/PRKCE/FERMT2/ANK2/GMFB/ROCK1/TGFB2/WDR1/CDC42EP3/PIK3CA/RND3/CNN2/TTC8/ABL2/SPTBN4/CORO2B/RAC1/RGCC/KANK1/WHAMM/ARF1/WASF1/LMOD1/SH3BP1/FAM107A/TRPM4/MTOR/DSTN/ACTG1/NF2/ACTA2/GBA2/NAA20/AKAP13/SWAP70/PFN2/CYFIP2/FLNA/INPP5K/PDGFRB/SPECC1L/LPAR1/SRI/CAV1/ARAP3/FHOD1/GSN/EPHA5/ADORA1/SNX9/MTSS1/GPM6B/STC1/RHOBTB2/DAPK3/ARHGAP28/VASP/WASHC4/CORO1B/RALA/CRK/PDPN/SMAD3/EVL/RGS4/PTK2B/FCHSD1/PHLDB2/CFL1/PDGFRA/EPS8/TJP1/ALMS1",93
"GO:0042698","ovulation cycle","23/2382","48/11712",0.479166666666667,2.35600335852225,4.75646905442965,1.67478255587489e-05,0.00198325112342597,0.00163633799975552,"ADAMTS1/FOXO3/PTX3/STAT5B/STAT5A/CASP3/TGFB2/SLC26A6/LEP/TNFAIP6/PCNA/NOTCH1/MMP19/BMPR1B/INHBA/MDK/GNRH1/FZD4/ESR1/ADNP/TYRO3/PDGFRA/PLEKHA1",23
"GO:0043583","ear development","51/2382","144/11712",0.354166666666667,1.74139378673384,4.52301570116799,1.70922559219569e-05,0.00198325112342597,0.00163633799975552,"CEBPD/TBX18/PRRX1/TTC39C/MYC/NR4A3/SPARC/SLC4A7/TGFB2/DCHS1/IFT27/TTC8/GLI3/RAC1/IFT88/NECTIN1/COL11A1/EPHB2/PTPN11/JAG1/SEC24B/RBPJ/SLITRK6/BMPER/EYA1/NOTCH1/TSKU/FRZB/MCM2/SOBP/AHI1/CCNA2/SOX9/OSR2/PLPPR4/OTOGL/FZD6/ITGA8/TBX3/FGFR2/SPRY2/WHRN/HOXA2/MAPK3/EPHA4/BLOC1S5/PI4KB/JAG2/WDR19/ECE1/INSIG1",51
"GO:0007507","heart development","129/2382","454/11712",0.284140969162996,1.39708607507851,4.36022608803663,1.72391443079355e-05,0.00198325112342597,0.00163633799975552,"VCAM1/PDLIM5/SOX4/TBX18/ADAMTS1/TGFBR2/ROCK2/EXT1/FLRT3/FKRP/FER1L6/S1PR1/SRF/GLI2/MDM2/RPS6KA2/CITED2/COL3A1/SMAD1/MOSMO/ALPK3/ROBO1/PARP2/NRP2/ANK2/ROCK1/CASP3/TGFB2/DCHS1/PTEN/CCN1/SUFU/PDCD4/ADAMTS5/ACVRL1/AXIN2/GLI3/RAC1/SGCB/VEGFA/COL11A1/CIMAP3/EPHB4/CDKN1A/MBD2/ASXL1/PTPN11/TENM4/TEAD2/JAG1/BBS7/MTOR/NSD2/SGCD/RUNX1/OXCT1/SEC24B/RBPJ/PRDM1/PCNA/EYA1/POPDC1/MICAL2/FOXP1/NOTCH1/RB1/SMG9/AKAP13/EMP2/MAPK14/ADM/MAP2K1/COL5A1/MAP2K3/PSEN1/PRKG1/PDGFRB/ZFP36L1/TNFRSF1B/AHI1/PIM1/OBSL1/HEG1/GPER1/SOX9/YAP1/MEF2A/PDLIM1/WNT2/IFT172/PKD2/DZIP1/CC2D2A/ABCC9/LMO4/TBX3/FGFR2/PLEC/JARID2/JUN/PSKH1/KCNJ8/MAPK3/ZFPM2/INHBA/PCSK5/SLC8A1/DHRS3/ENG/PARVA/TMEM100/MEF2D/MTHFD1/PRKAR1A/CTCF/SMAD3/MTERF4/RGS4/DLL4/PDLIM7/NFATC4/PDGFRA/SH3PXD2B/PKD1/IFT25/HIF1A/HDAC9/ECE1/POU6F1",129
"GO:0008544","epidermis development","67/2382","205/11712",0.326829268292683,1.60697917306629,4.42992844008112,1.96780524598461e-05,0.00221566497058522,0.00182809768428761,"ERRFI1/ALOX15B/CRABP2/LDB2/ROCK2/EXT1/ELOVL1/MAFF/NCOA3/COL7A1/ATP2A2/STARD7/AQP3/SRF/EMP1/ALDH3A2/GLI2/SLC4A7/FST/ROCK1/CASP3/TGFB2/AGPAT2/LGR4/EDA2R/CLIC4/RAC1/TSG101/CDKN1A/LDB1/ACVR1B/JAG1/LAMC2/PALLD/EDA/SEC24B/RBPJ/SLITRK6/NOTCH1/FLOT2/MAP2K1/GORAB/EZH2/ZFP36L1/GBA1/SOX9/YAP1/PIP5K1A/IFT172/FZD6/LAMA3/FGFR2/RELA/PLEC/ATP7A/WHRN/INHBA/APCDD1/OPN3/TFDP1/NFKBIZ/NUMA1/TRIM16/PLOD3/JAG2/NAB1/CDKN2A",67
"GO:0048598","embryonic morphogenesis","124/2382","435/11712",0.285057471264368,1.40159240279105,4.31281047664212,2.1263253508012e-05,0.00232891402803439,0.00192153705459813,"DUSP1/ZBTB16/TBX18/CRABP2/TGFBR2/TXNRD1/MYADM/PRRX1/ROCK2/EXT1/TTC39C/FLRT3/MYC/COL7A1/AMOT/NR4A3/SRF/SPARC/LAMB1/GLI2/TGIF1/FZD5/CITED2/SMAD1/GDNF/MOSMO/AHDC1/CDON/ROCK1/CASP3/TGFB2/SLC39A1/PRKACB/CCN1/SUFU/MAPK7/TGFB1I1/DUSP5/GLI3/PLPP3/GDF7/RAC1/GDF5/COL4A2/NECTIN1/COL11A1/EPHB2/ITGA2/LDB1/TENM4/TEAD2/BBS7/MMP15/MBNL1/SEC24B/HIPK2/SLITRK6/NF2/EYA1/MICAL2/TGIF2/NOTCH1/COL5A2/ADM/MFAP2/MAP2K1/FRZB/COL5A1/PSEN1/FOXF2/SPECC1L/ZFP36L1/GRSF1/SOBP/AHI1/SOX9/OSR2/YAP1/CDC73/GNA12/WNT2/IFT172/DNAJB6/PKD2/FZD6/CC2D2A/BPNT2/LMO4/PBX2/ITGA8/LAMA3/TBX3/FGFR2/SPRY2/WHRN/PROX2/HOXA2/HS2ST1/MAPK3/INHBA/SPINT2/VASP/FBN2/RALA/ENG/MTHFD1/PRKAR1A/UGDH/VEGFC/BLOC1S5/SMAD3/HOXA3/RSPO2/DLL4/CFL1/PDGFRA/NUP50/HIF1A/JAG2/WDR19/MTHFD1L/ECE1/LNPK/INSIG1",124
"GO:0006936","muscle contraction","71/2382","221/11712",0.321266968325792,1.57963003065981,4.3953670677332,2.15640187780962e-05,0.00232891402803439,0.00192153705459813,"ABAT/APBB2/CACNB2/ANXA6/ADRA1B/ROCK2/ATP2A2/FKRP/TPM4/SRF/CLIC2/PRKD1/DDIT3/BDKRB2/ATP1A1/GDNF/NEDD4L/ANK2/ROCK1/SMTN/CALD1/SCN1B/DTNA/PIK3CA/DMPK/MYL6/KCNE3/ITGA2/LMOD1/TRPM4/MTOR/SGCD/ARHGAP42/ACTA2/TPCN2/CALM1/DOCK5/MAP2K1/GPD1L/MAP2K3/FLNA/PRKG1/ADRA2A/TPM3/SRI/SCN7A/CAV1/GPER1/GSN/TPM2/ABCC9/ADORA1/TBX3/CKMT2/MYL6B/STC1/KCNMA1/KCNJ8/DAPK3/ASPH/SLC8A1/CHRM2/GAMT/KCNJ12/KCND3/CHUK/HSP90AA1/GSTM2/DMD/ADGRD1/EMD",71
"GO:0048839","inner ear development","45/2382","124/11712",0.362903225806452,1.7843503697083,4.43653336614987,2.62293375326239e-05,0.00277611308445291,0.00229051141232261,"CEBPD/TBX18/PRRX1/TTC39C/NR4A3/SPARC/SLC4A7/TGFB2/DCHS1/IFT27/TTC8/GLI3/RAC1/IFT88/NECTIN1/COL11A1/EPHB2/PTPN11/JAG1/SEC24B/RBPJ/SLITRK6/BMPER/EYA1/NOTCH1/TSKU/FRZB/MCM2/SOBP/AHI1/CCNA2/SOX9/PLPPR4/OTOGL/FZD6/ITGA8/TBX3/FGFR2/SPRY2/WHRN/EPHA4/BLOC1S5/PI4KB/JAG2/INSIG1",45
"GO:0051216","cartilage development","55/2382","162/11712",0.339506172839506,1.66930994806729,4.33431870802873,3.25795556892905e-05,0.00326080783964674,0.00269042266755274,"ZBTB16/COL1A1/ERRFI1/TGFBR2/CCN3/PRRX1/EXT1/SRF/COL3A1/SMAD1/TGFB2/CCN1/LEP/ACVRL1/AXIN2/GLI3/PKDCC/GDF5/COL11A1/PTPN11/RUNX1/ITGB8/PRKG2/RB1/CBS/LOC102724560/MAPK14/SERPINH1/TSKU/FRZB/RFLNB/SOX5/SOX9/OSR2/BMPR1B/ARID5A/BPNT2/SLC26A2/STC1/ATP7A/MAPK3/MDK/CHRDL2/SMAD3/ADAMTS7/LUM/HOXA3/CREB3L2/COL27A1/RSPO2/HYAL2/PKD1/HIF1A/CCN4/LNPK",55
"GO:0008217","regulation of blood pressure","40/2382","107/11712",0.373831775700935,1.83808470067563,4.40032016090382,3.31175057370484e-05,0.00326080783964674,0.00269042266755274,"ABAT/KCNK6/AGTRAP/EXT1/CORIN/RPS6KA2/ADM2/PREP/GCH1/ANPEP/ATP1A1/LEP/ACVRL1/BDKRB1/CORO2B/ARHGAP42/DDAH1/ACTA2/NR2F2/EMP2/ADM/COL1A2/GNA12/PPARG/ABCC9/ADORA1/SNX5/KCNJ8/PCSK5/LNPEP/ENG/VEGFC/SGK1/IER3/SMAD3/MECP2/NPR3/ECE1/AGTR1/PTGS2",40
"GO:0002761","regulation of myeloid leukocyte differentiation","34/2382","86/11712",0.395348837209302,1.94388143635405,4.43893267595104,3.34587887222228e-05,0.00326080783964674,0.00269042266755274,"LIF/MYC/GPR68/CAMK4/FSTL3/STAT5A/NEDD9/PIK3R1/IL34/TNFAIP6/TNFRSF11B/UBASH3B/MTOR/RUNX1/FOXP1/RB1/INPP5D/EEIG1/HSF1/GPR137B/ZFP36L1/ZBTB46/LRRC17/CDK6/ACIN1/INHBA/CSF1/NDFIP1/TMEM64/QKI/KLF10/RASSF2/CORO1C/TOB2",34
"GO:0007162","negative regulation of cell adhesion","68/2382","212/11712",0.320754716981132,1.5771113540231,4.28455454591312,3.37821660744761e-05,0.00326080783964674,0.00269042266755274,"DUSP1/COL1A1/PRKAA1/MYADM/CXCL12/THBS1/PLXNB1/BCL6/LAMB1/STAT5A/GPNMB/PIK3R1/CASP3/PTEN/MAPK7/C1QTNF1/ACVRL1/GLI3/CORO2B/ACTN4/VEGFA/RGCC/KANK1/EPHB2/PTPN11/UBASH3B/FAM107A/JAG1/RUNX1/TMEM131L/JAK2/NF2/NOTCH1/SWAP70/MAP2K1/PRKG1/SOCS1/SPECC1L/RC3H2/DUSP3/PAWR/CD274/TSPAN32/GTPBP4/MUC1/SIPA1/MAPK3/CD37/MDK/SPINT2/AKNA/GNRH1/FZD4/NDFIP1/EPHA4/PRKAR1A/CBFB/SPOCK1/SOCS5/PHLDB2/CFL1/IL20RB/ATP5F1B/CD9/CORO1C/CBLB/LPXN/CDKN2A",68
"GO:1901699","cellular response to nitrogen compound","134/2382","481/11712",0.278586278586279,1.36977434710432,4.18434177891034,3.38897262245976e-05,0.00326080783964674,0.00269042266755274,"ARHGEF2/VCAM1/KLF15/ERRFI1/IRS2/PRKAA1/SELENOS/FOXO3/FOXO1/CFLAR/AGTRAP/ROCK2/BRCA1/STAT3/STAT5B/P2RX7/NR4A3/GDF15/GCLM/KLF5/PRKD1/MDM2/RAF1/STAT5A/PIK3R1/CUL7/CAMK2A/AKAP7/INHBB/ROCK1/HRH1/CASP3/SLC26A6/DDI2/LEP/PIK3CA/SORBS1/IGF1R/RAB31/NONO/SESN2/NR4A1/RAC1/PIK3R3/SGCB/SHMT1/ACTB/PHIP/KANK1/ADCY8/EPHB2/IFIT1/SESN3/MBD2/RGS10/MAP3K5/PTPN11/TRPM4/MTOR/EHMT2/PPP1R1B/JAK2/PLCB1/RB1/SLC7A5/TRIB3/LGMN/KDM1A/FLNA/MYO1C/INPP5K/PSEN1/MBD5/RIOK3/SOCS1/EZH2/HSF1/ZFP36L1/HDAC5/NDEL1/CAV1/CCNA2/GPER1/SOX9/IRS1/TBC1D4/PID1/ITPR2/CAV2/EIF4EBP2/PPARG/PKD2/STXBP4/ABCC9/MAVS/LEPROT/ABCC1/RELA/STC1/SOS2/SPIDR/SNX5/RAP1B/SLC27A4/ENPP1/MAPK3/INHBA/GNG2/GRIA1/SLC8A1/SHOC2/CHRM2/CRK/VPS35/TIMELESS/EPHA4/PRKAR1A/LPIN1/SORL1/RGS4/ADIPOR1/PDK4/EPRS1/CFL1/LDOC1/GSTM2/CACNA2D3/SREBF1/HDAC9/SESN1/AGTR1/PTPRE/PDE12/INSIG1",134
"GO:0043408","regulation of MAPK cascade","126/2382","448/11712",0.28125,1.38287153652393,4.17515703273101,3.61599056907004e-05,0.00341711108777119,0.00281938512791401,"PER1/DUSP1/ERRFI1/NEK10/FOXO1/GADD45B/ADRA1B/CFLAR/ROCK2/LIF/NAMPT/MYC/THBS1/P2RX7/NKD1/GDF15/RAF1/DUSP10/ARL6IP5/SPRED2/TNIK/ATF3/GPNMB/IL6R/PRKCE/FERMT2/ROBO1/IL34/CDON/SEMA3A/ROCK1/TGFB2/CCN1/PDCD4/PPP5C/LEP/IGF1R/EDA2R/C1QTNF1/DUSP5/RELL1/MBIP/RAC1/RANBP9/SH3RF3/VEGFA/EPHB2/PRXL2C/HGF/MAP3K5/PTPN11/TNIP1/PELI2/ABCA7/TAOK3/HIPK2/JAK2/NF2/BMPER/RRAS/PLCB1/NOTCH1/ACTA2/CBS/LOC102724560/RNF41/PDGFC/TRIB3/PDCD10/MAP2K1/IRAK3/MAP2K3/AIDA/FOXM1/EZH2/PDGFRB/ADRA2A/LPAR1/GBA1/HIPK3/LBH/CAV1/GPER1/MDFIC/DUSP3/CAV2/PSMD10/PPARG/MFHAS1/ADORA1/FGFR2/LMO3/ZNF622/SPRY2/DSTYK/JUN/RAP1B/MAPK8IP1/MAPK3/INHBA/TRIM5/BNIP2/TPBG/SHOC2/ITGA1/PLCG2/CRK/EPHA4/FGFR4/NGF/PINK1/AKAP12/MAP3K3/DHX33/DDT/PTK2B/CNKSR3/DOK5/MTURN/RNF13/PDGFRA/GPR37/LTBR/RASSF2/DNAJA1/ERP29",126
"GO:0007423","sensory organ development","112/2382","394/11712",0.284263959390863,1.39769080284878,4.0572882265926,5.98987079414056e-05,0.00556112214782313,0.00458836270620407,"CEBPD/SOX4/TBX18/BNC2/TGFBR2/PRRX1/TTC39C/STAT3/MYC/FKRP/RAB11FIP4/NR4A3/NKD1/SRF/SPARC/SLC4A7/TGIF1/FZD5/CITED2/SPRED2/SALL2/CDON/COL4A1/TGFB2/DCHS1/IFT27/VSTM4/CLIC4/TTC8/ACVRL1/GLI3/CRYBG3/RAC1/GDF11/VEGFA/IFT88/NECTIN1/COL11A1/EPHB2/PTPN11/JAG1/MEIS3/BBS7/HMGN1/ZHX2/SEC24B/RBPJ/HIPK2/PRDM1/SLITRK6/NF2/BMPER/ANGPTL7/EYA1/TGIF2/NOTCH1/COL5A2/SLC25A25/SMG9/MFAP2/TSKU/FRZB/COL5A1/TDRD7/PSEN1/MCM2/FOXF2/RHOJ/PDGFRB/SOBP/AHI1/CCNA2/SOX9/OSR2/PLPPR4/OTOGL/BMPR1B/WNT2/IFT172/FZD6/CC2D2A/PBX2/ITGA8/TBX3/FGFR2/SPRY2/JUN/WHRN/PROX2/HOXA2/MAPK3/INHBA/FZD4/FBN2/EPHA4/BLOC1S5/SMAD3/MTERF4/PER2/FJX1/PI4KB/MEIS2/DLL4/PDGFRA/SH3PXD2B/HIF1A/CHRDL1/JAG2/WDR19/TUB/ECE1/INSIG1",112
"GO:0048858","cell projection morphogenesis","134/2382","487/11712",0.275154004106776,1.35289827711946,4.01927656675103,6.37762297657542e-05,0.00581903117104089,0.00480115791412611,"NEXN/APBB2/PDLIM5/TRPC6/CRABP2/RPS6KA5/USP33/RND2/GORASP1/EXT1/CXCL12/NSMF/LAMA2/FLRT3/PPP1R12C/RAC3/NR4A3/PLXNB1/SRF/GLI2/EGR2/PLEKHG4/ABLIM1/TNIK/KIF5B/GDNF/ARHGEF28/NEDD4L/MAPRE3/ROBO1/NRP2/CUL7/PACSIN2/SEMA3A/ROCK1/TGFB2/ULK2/SEMA6D/PTEN/TRAK2/KIAA1755/ARMCX5-GPRASP2/SCN1B/TUBA1A/TANC2/UBB/TTC8/GLI3/SPTBN4/GDF7/MAP1S/RAC1/EPHB3/ACTB/VEGFA/MAP1A/KANK1/NECTIN1/NBL1/MICOS10-NBL1/EPHB2/WASF1/KALRN/LZTS1/PTPN11/ARHGEF40/PALLD/VCL/TAOK3/ACTG1/SLITRK6/UNC5B/NOTCH1/NEGR1/SNX2/SEMA3B/FAT4/MAP2K1/TSKU/PITPNA/ADARB1/ZNF365/CNTNAP1/CYFIP2/EPHB6/PSEN1/PRKG1/ROBO3/NDEL1/OBSL1/ANKRD27/PLPPR4/PPP1R12A/MEF2A/SLC11A2/BMPR1B/KIFBP/LLGL1/EPHA5/LMO4/FGFR2/EFNA4/SEMA6C/ATP7A/HOXA2/MDK/ARHGEF25/RUFY3/VASP/FZD4/TPBG/CORO1B/ITGA1/SPART/PDPN/EPHA4/SGK1/KIFC2/DLG4/NGF/EVL/PPFIA2/ALCAM/NRXN3/ADNP/NFATC4/PHACTR1/USP9X/CFL1/CDH4/ADAM17/CORO1C/ECE1/SIPA1L1",134
"GO:0032956","regulation of actin cytoskeleton organization","83/2382","276/11712",0.300724637681159,1.47862592633154,4.0657506000397,6.74728808679987e-05,0.00605197433141439,0.00499335432364779,"WASF3/ARPC5/RND2/MYADM/ROCK2/SVIL/CIT/CXCL12/SYNPO2/DNAI3/AMOT/SSH2/RAC3/S1PR1/DAAM2/PRKD1/CARMIL1/CYRIA/NEDD9/PIK3R1/PRKCE/FERMT2/GMFB/ROCK1/TGFB2/WDR1/CDC42EP3/PIK3CA/RND3/TTC8/ABL2/SPTBN4/CORO2B/RAC1/RGCC/KANK1/WHAMM/ARF1/WASF1/LMOD1/SH3BP1/FAM107A/MTOR/DSTN/ACTG1/NF2/GBA2/NAA20/AKAP13/SWAP70/PFN2/CYFIP2/FLNA/INPP5K/PDGFRB/SPECC1L/LPAR1/ARAP3/FHOD1/GSN/EPHA5/SNX9/MTSS1/GPM6B/RHOBTB2/DAPK3/ARHGAP28/VASP/WASHC4/CORO1B/RALA/CRK/SMAD3/EVL/RGS4/PTK2B/FCHSD1/PHLDB2/CFL1/PDGFRA/EPS8/TJP1/ALMS1",83
"GO:0045598","regulation of fat cell differentiation","38/2382","103/11712",0.368932038834951,1.81399329925901,4.19246150634617,7.1945670370107e-05,0.00634560812664344,0.00523562527535445,"ZBTB16/FOXO1/SORT1/KLF5/DDIT3/DUSP10/FERMT2/ATAT1/LEP/TGFB1I1/AXIN2/VEGFA/ZFP36L2/ASXL1/BMAL1/TRPM4/JAG1/TRIB3/MAPK14/FRZB/FNDC5/METRNL/ZFP36L1/PIM1/GPER1/YAP1/PPARG/LMO3/ZNF385A/ENPP1/ZFPM2/TMEM64/SMAD3/RUNX1T1/RORA/CCN4/PTGS2/INSIG1",38
"GO:0050678","regulation of epithelial cell proliferation","77/2382","253/11712",0.304347826086957,1.49644069652831,4.03349315571353,7.90211379326151e-05,0.00685540757277703,0.0056562498730714,"ERRFI1/KLF9/IRS2/LAMC1/CFLAR/STAT3/CXCL12/MYC/THBS1/VASH2/NR4A3/SPARC/HMGB2/LAMB1/PRKD1/DUSP10/STAT5A/ROBO1/NRP2/TGFB2/MAGED1/CDKN2B/LEP/ST8SIA1/B4GALT1/ANG/HMOX1/ACVRL1/CDK4/NR4A1/GDF5/VEGFA/RGCC/COL4A3/PIK3CD/POLD4/JAG1/HMGN1/EGR3/TNFAIP3/RBPJ/EYA1/NOTCH1/RB1/NR2F2/PDCD10/IL12A/LIMS2/WDR77/HSF1/ZFP36L1/CAV1/SOX9/OSR2/YAP1/CDC73/CAV2/WNT2/IFT172/PPARG/STXBP4/FGFR2/MTSS1/JUN/NRAS/CDK6/MDK/ENG/AQP11/VEGFC/SMAD3/DLL4/ADAM17/HIF1A/AGTR1/CDKN2A/PDCL3",77
"GO:0046545","development of primary female sexual characteristics","31/2382","79/11712",0.392405063291139,1.92940726333578,4.18794327850367,8.65593555581393e-05,0.00735627444862271,0.00606950439847377,"ADAMTS1/FOXO3/LHFPL2/PTX3/STAT5B/STAT5A/FST/INHBB/CASP3/LEP/TNFAIP6/ANG/UBB/RAC1/TIPARP/VEGFA/DMC1/LFNG/FANCG/NOTCH1/NR2F2/MMP19/BMPR1B/CYP19A1/ZFPM2/INHBA/GNRH1/FZD4/ESR1/PDGFRA/PLEKHA1",31
"GO:0031589","cell-substrate adhesion","85/2382","286/11712",0.297202797202797,1.46130947138504,3.99075737880998,8.75746958169371e-05,0.00735627444862271,0.00606950439847377,"COL1A1/VCAM1/LAMC1/MYADM/ROCK2/PEAK1/ZYX/THBS1/RAC3/ANXA2/SRF/BCL6/STON1/LAMB1/CARMIL1/NID1/COL3A1/HACD1/NEDD9/PIK3R1/PRKCE/FERMT2/ROCK1/PTEN/TLN1/CCN1/SORBS1/ACVRL1/PLPP3/ITGA10/CORO2B/ANKRD28/RAC1/EPHB3/ACTN4/VEGFA/KANK1/WHAMM/ITGA2/LDB1/FAM107A/JAG1/EDA/VCL/ACTG1/JAK2/NF2/RRAS/POPDC1/ITGB8/NOTCH1/EMP2/DOCK5/FLNA/LIMS2/DUSP3/PIP5K1A/LYPD3/ITGA8/GPM6B/FBLN5/DAPK3/CDK6/MDK/FZD4/CSF1/PARVA/ITGA1/CRK/PDPN/SPOCK1/RSU1/SMAD3/COL5A3/PPFIA2/PTK2B/PHLDB2/TYRO3/CFL1/PKD1/LIMS1/ITGBL1/CORO1C/LPXN/CDKN2A",85
"GO:1901342","regulation of vasculature development","69/2382","222/11712",0.310810810810811,1.52821839471714,4.01473645094743,8.98237499809682e-05,0.00738466987913425,0.00609293285965885,"GLUL/CREB3L1/ADAMTS1/TGFBR2/ROCK2/BRCA1/STAT3/CXCL12/RHOB/THBS1/ADAM12/AMOT/VASH2/SPARC/PRKD1/ADM2/SARS1/WARS1/SMAD1/GPNMB/ROCK1/TGFB2/LEP/MAPK7/HMOX1/ACVRL1/CEMIP2/VEGFA/RGCC/COL4A2/COL4A3/PIK3CD/RUNX1/TNFAIP3/HSPB1/HIPK2/BMPER/ANGPTL7/RRAS/ITGB8/DDAH1/PLK2/STARD13/EMP2/ADGRB2/PDCD10/ADM/RHOJ/CCBE1/MTDH/PPARG/BTG1/SPRY2/RELA/FBLN5/EPN2/MDK/ENG/VEGFC/MECP2/QKI/THBS2/PTK2B/HIF1A/TJP1/AGO2/NINJ1/PDCL3/PML",69
"GO:0035909","aorta morphogenesis","14/2382","25/11712",0.56,2.75345088161209,4.43444358584686,9.07036171851335e-05,0.00738466987913425,0.00609293285965885,"SOX4/TGFBR2/SRF/COL3A1/TGFB2/ACVRL1/JAG1/SEC24B/RBPJ/EYA1/NOTCH1/PDGFRB/ENG/DLL4",14
"GO:0045638","negative regulation of myeloid cell differentiation","28/2382","69/11712",0.405797101449275,1.99525426203775,4.18941313385979,9.42364266445834e-05,0.00755604802732023,0.00623433329699732,"ZBTB16/MYC/STAT5B/GPR68/FSTL3/STAT5A/PIK3R1/TNFAIP6/YPEL4/KLF13/LDB1/TNFRSF11B/UBASH3B/RUNX1/NFKBIA/INPP5D/GPR137B/ZFP36L1/ZBTB46/CDC73/LRRC17/CDK6/ITPKB/INHBA/QKI/PTK2B/MEIS2/TOB2",28
"GO:0030278","regulation of ossification","34/2382","90/11712",0.377777777777778,1.85748670584943,4.12605736752601,9.86795569065612e-05,0.00760010836422385,0.00627068653673878,"ZBTB16/TMEM119/TENT5A/CCN3/P2RX7/S1PR1/EGR2/CCN1/PKDCC/ACVR1B/PTPN11/TRPM4/FAM20C/RBPJ/NOTCH1/MAPK14/RFLNB/SOX9/OSR2/SGMS2/BMPR1B/GPM6B/ENPP1/MAPK3/MDK/SLC8A1/FBN2/DHRS3/CSF1/SMAD3/P3H1/PTK2B/HIF1A/TOB2",34
"GO:0045599","negative regulation of fat cell differentiation","20/2382","43/11712",0.465116279069767,2.28691933688712,4.27165118276691,0.000100208228618036,0.00760010836422385,0.00627068653673878,"FOXO1/SORT1/DDIT3/FERMT2/TGFB1I1/VEGFA/ZFP36L2/ASXL1/BMAL1/JAG1/TRIB3/GPER1/YAP1/ENPP1/ZFPM2/SMAD3/RUNX1T1/RORA/CCN4/INSIG1",20
"GO:0120039","plasma membrane bounded cell projection morphogenesis","132/2382","483/11712",0.273291925465839,1.34374266627032,3.8981945766343,0.000100709856117301,0.00760010836422385,0.00627068653673878,"NEXN/APBB2/PDLIM5/TRPC6/CRABP2/RPS6KA5/USP33/RND2/GORASP1/EXT1/CXCL12/NSMF/LAMA2/FLRT3/PPP1R12C/RAC3/NR4A3/PLXNB1/SRF/GLI2/EGR2/PLEKHG4/ABLIM1/TNIK/KIF5B/GDNF/ARHGEF28/NEDD4L/MAPRE3/ROBO1/NRP2/CUL7/SEMA3A/ROCK1/TGFB2/ULK2/SEMA6D/PTEN/TRAK2/KIAA1755/ARMCX5-GPRASP2/SCN1B/TUBA1A/TANC2/UBB/TTC8/GLI3/SPTBN4/GDF7/MAP1S/RAC1/EPHB3/ACTB/VEGFA/MAP1A/KANK1/NECTIN1/NBL1/MICOS10-NBL1/EPHB2/WASF1/KALRN/LZTS1/PTPN11/ARHGEF40/PALLD/VCL/TAOK3/ACTG1/SLITRK6/UNC5B/NOTCH1/NEGR1/SNX2/SEMA3B/FAT4/MAP2K1/TSKU/PITPNA/ADARB1/ZNF365/CNTNAP1/CYFIP2/EPHB6/PSEN1/PRKG1/ROBO3/NDEL1/OBSL1/ANKRD27/PLPPR4/PPP1R12A/MEF2A/SLC11A2/BMPR1B/KIFBP/LLGL1/EPHA5/LMO4/FGFR2/EFNA4/SEMA6C/ATP7A/HOXA2/ARHGEF25/RUFY3/VASP/FZD4/TPBG/CORO1B/ITGA1/SPART/PDPN/EPHA4/SGK1/KIFC2/DLG4/NGF/EVL/PPFIA2/ALCAM/NRXN3/ADNP/NFATC4/PHACTR1/USP9X/CFL1/CDH4/ADAM17/CORO1C/ECE1/SIPA1L1",132
"GO:0030098","lymphocyte differentiation","84/2382","283/11712",0.296819787985866,1.45942626233856,3.95304689021335,0.000100929736801924,0.00760010836422385,0.00627068653673878,"ZBTB16/VCAM1/SOX4/FOXO3/FZD8/TGFBR2/KLF6/STAT3/SMARCD2/STAT5B/CAMK4/SRF/BCL6/GLI2/FZD5/TNFSF13B/DUSP10/STAT5A/NFIL3/SHB/IL6R/PIK3R1/LEP/GLI3/PIK3R3/ACTB/ZFP36L2/PIK3CD/MTOR/EGR3/RUNX1/LFNG/RBPJ/TMEM131L/PRDM1/JAK2/FOXP1/BRD4/RNF41/TCF3/CEBPG/INPP5D/IL12A/SOCS1/EZH2/ZFP36L1/HDAC5/RC3H2/GBA1/SYVN1/BLNK/KLHL25/TNFSF9/BCL3/ITFG2/SOS2/ATP7A/ENTPD7/CDK6/DCAF1/PDP2/ITPKB/INHBA/MDK/PHF14/ZBTB1/PLCG2/NDFIP1/CBFB/SOCS5/USP44/PTK2B/DLL4/TYRO3/ICOSLG/NFKBIZ/ADAM17/RORA/SMARCB1/JAG2/ST3GAL1/TOX/HDAC9/CDKN2A",84
"GO:0021953","central nervous system neuron differentiation","50/2382","149/11712",0.335570469798658,1.64995858198232,4.03432239517325,0.000101966684402852,0.00760010836422385,0.00627068653673878,"RAC3/BCL6/GLI2/TGIF1/ARHGEF28/ROBO1/NRP2/CDON/PTEN/SUFU/SCN1B/TUBA1A/LEP/UBB/GLI3/SPTBN4/GDF7/RAC1/EPHB3/GDF11/EPHB2/LDB1/FAIM2/ZHX2/TGIF2/NOTCH1/GBA2/MAP2K1/TSKU/ADARB1/PSEN1/NDEL1/GBA1/BMPR1B/WNT2/IFT172/KIFBP/LMO4/FGFR2/ATP7A/INHBA/NANOS1/CRK/EPHA4/SPOCK1/ZC4H2/DLL4/RORA/TOX/BTG2",50
"GO:0022602","ovulation cycle process","17/2382","34/11712",0.5,2.45843828715365,4.30298990506058,0.000108408442017697,0.00796802048830071,0.00657424294575155,"ADAMTS1/FOXO3/PTX3/STAT5B/STAT5A/CASP3/TGFB2/LEP/TNFAIP6/NOTCH1/MMP19/BMPR1B/INHBA/FZD4/ESR1/PDGFRA/PLEKHA1",17
"GO:0046660","female sex differentiation","33/2382","87/11712",0.379310344827586,1.86502214887518,4.09182847647338,0.000113371013776543,0.0082186219850064,0.00678100887015287,"ADAMTS1/FOXO3/LHFPL2/PTX3/STAT5B/STAT5A/FST/INHBB/CASP3/LEP/TNFAIP6/ANG/UBB/RAC1/TIPARP/VEGFA/DMC1/LFNG/FANCG/NOTCH1/NR2F2/MMP19/BMPR1B/TBX3/CYP19A1/ZFPM2/INHBA/GNRH1/FZD4/ESR1/TYRO3/PDGFRA/PLEKHA1",33
"GO:0022408","negative regulation of cell-cell adhesion","45/2382","131/11712",0.343511450381679,1.68900340338801,4.0069233189227,0.000120166718368261,0.00859354423790323,0.00709034918622401,"PRKAA1/MYADM/CXCL12/BCL6/STAT5A/GPNMB/CASP3/MAPK7/C1QTNF1/GLI3/VEGFA/RGCC/PTPN11/UBASH3B/JAG1/RUNX1/TMEM131L/JAK2/NF2/NOTCH1/SWAP70/MAP2K1/PRKG1/SOCS1/SPECC1L/RC3H2/DUSP3/PAWR/CD274/TSPAN32/GTPBP4/MAPK3/CD37/MDK/SPINT2/AKNA/GNRH1/NDFIP1/PRKAR1A/CBFB/SOCS5/IL20RB/CD9/CBLB/CDKN2A",45
"GO:0060537","muscle tissue development","90/2382","309/11712",0.29126213592233,1.43209997309921,3.8893852603274,0.000122609448928144,0.00865132271636981,0.00713802097058161,"PRKAA1/PDLIM5/TBX18/SAP30/CFLAR/SVIL/MAFF/MYC/FKRP/FER1L6/S1PR1/SRF/KLF5/EGR2/CITED2/COL3A1/ATF3/SMAD1/ALPK3/PARP2/CDON/TGFB2/NLN/NR4A1/SGCB/TIPARP/VEGFA/FOXN2/MYL6/COL11A1/MBD2/BMAL1/TENM4/MTOR/SGCD/RUNX1/RBPJ/YBX3/EYA1/POPDC1/BCL9/FOXP1/NOTCH1/RB1/NR2F2/AKAP13/MAPK14/CNTNAP1/PRKG1/PDGFRB/PIM1/OBSL1/MRTFB/HEG1/CAV1/SOX9/YAP1/MEF2A/CAV2/WNT2/PKD2/ABCC9/ITGA8/TBX3/FGFR2/CENPF/MYL6B/PLEC/JARID2/GPC1/KCNJ8/NR1D2/ZFPM2/SLC8A1/ENG/PRKAR1A/GPCPD1/CTCF/SMAD3/RGS4/DLL4/PDGFRA/ZFAND5/RCAN1/HDAC9/BTG2/FBXO22/DMD/MYOZ2/EMD",90
"GO:0003018","vascular process in circulatory system","58/2382","181/11712",0.320441988950276,1.57557370889405,3.94306373081852,0.000127672307936731,0.00889002438948922,0.00733496860556178,"SLC6A9/PRKAA1/SLC6A6/TJP2/ADRA1B/ROCK2/EXT1/SLC38A2/SLC5A6/AMOT/GCLM/SLC16A2/BDKRB2/SLC16A12/FERMT2/ROCK1/HRH1/LEP/VSTM4/VEGFA/PTPN11/TRPM4/SLC1A5/ARHGAP42/DDAH1/ACTA2/CBS/LOC102724560/SLC7A5/DOCK5/ADM/MAP2K1/SLC38A1/PRKG1/ADRA2A/SLC4A4/CAV1/GPER1/SLC38A5/ABCC9/ADORA1/ABCC1/PLEC/KCNMA1/SLC2A13/KCNJ8/SLC27A4/SLC8A1/SLC2A10/ITGA1/PER2/AKAP12/SLC7A8/PLOD3/ABCC3/TJP1/ECE1/AGTR1",58
"GO:0045655","regulation of monocyte differentiation","10/2382","15/11712",0.666666666666667,3.27791771620487,4.46039647618865,0.000129917757216901,0.00892889313236157,0.00736703837232681,"MYC/GPR68/IL34/FOXP1/INPP5D/ZFP36L1/ZBTB46/CDK6/ACIN1/CSF1",10
"GO:0045444","fat cell differentiation","60/2382","189/11712",0.317460317460317,1.5609131981928,3.92799410497452,0.000131919458496472,0.00895022787645293,0.00738464121246107,"ZBTB16/CEBPD/FOXO1/SORT1/NR4A3/KLF5/ALDH6A1/DDIT3/EGR2/DUSP10/STEAP4/FERMT2/INHBB/SLC39A13/ATAT1/LEP/TGFB1I1/TTC8/AXIN2/NR4A1/VEGFA/ZFP36L2/ASXL1/BMAL1/TRPM4/JAG1/BBS7/PLCB1/NEGR1/TRIB3/MAPK14/FRZB/FNDC5/SOCS1/METRNL/ZFP36L1/PIM1/GPER1/GRK5/YAP1/BBS9/PPARG/FBXO9/LMO3/TMEM120A/KCNJ8/ZNF385A/ENPP1/ZFPM2/TMEM64/SMAD3/PER2/RUNX1T1/PDGFRA/TBL1XR1/RORA/CCN4/SREBF1/PTGS2/INSIG1",60
"GO:0045765","regulation of angiogenesis","67/2382","217/11712",0.308755760368664,1.51811396533912,3.89249196545771,0.00014045344995425,0.0094086032551632,0.00776283691419361,"GLUL/CREB3L1/ADAMTS1/TGFBR2/ROCK2/BRCA1/STAT3/RHOB/THBS1/ADAM12/AMOT/VASH2/SPARC/PRKD1/ADM2/SARS1/WARS1/SMAD1/GPNMB/ROCK1/TGFB2/LEP/MAPK7/HMOX1/ACVRL1/CEMIP2/VEGFA/RGCC/COL4A2/COL4A3/PIK3CD/RUNX1/TNFAIP3/HSPB1/HIPK2/BMPER/RRAS/ITGB8/DDAH1/PLK2/STARD13/EMP2/ADGRB2/PDCD10/ADM/RHOJ/CCBE1/MTDH/PPARG/BTG1/SPRY2/RELA/FBLN5/EPN2/MDK/ENG/VEGFC/MECP2/QKI/THBS2/PTK2B/HIF1A/TJP1/AGO2/NINJ1/PDCL3/PML",67
"GO:1903706","regulation of hemopoiesis","85/2382","290/11712",0.293103448275862,1.44115347867628,3.84365745318794,0.000148053850013284,0.00979376217837877,0.00808062328756716,"ZBTB16/GLUL/SOX4/FOXO3/TGFBR2/TSC22D1/LIF/STAT3/SMARCD2/MYC/STAT5B/GPR68/CAMK4/BCL6/HMGB2/FSTL3/GLI2/DUSP10/STAT5A/NEDD9/SHB/PIK3R1/IL34/TNFAIP6/GLI3/YPEL4/ACTB/ZFP36L2/KLF13/LDB1/ACVR1B/TNFRSF11B/UBASH3B/JAG1/MTOR/EGR3/RUNX1/TMEM131L/PRDM1/NFKBIA/FOXP1/BRD4/RB1/RNF41/PRMT6/MAPK14/INPP5D/SOCS1/EEIG1/HSF1/GPR137B/ZFP36L1/RC3H2/ZBTB46/CDC73/ABCB10/KLHL25/TNFSF9/LRRC17/SOS2/CDK6/ACIN1/ITPKB/INHBA/MDK/ZNF16/CSF1/ZBTB1/NDFIP1/TMEM64/CBFB/SOCS5/QKI/PTK2B/MTURN/MEIS2/KLF10/NFKBIZ/SMARCB1/HIF1A/TOX/RASSF2/CORO1C/CDKN2A/TOB2",85
"GO:2001233","regulation of apoptotic signaling pathway","91/2382","315/11712",0.288888888888889,1.42043101035544,3.82192175281675,0.000154949740412062,0.0101233830402547,0.00835258639674116,"ARHGEF2/HIGD1A/CREB3L1/SELENOS/TP53BP1/HERPUD1/PRODH/RTKN2/CFLAR/BRCA1/CXCL12/MYC/THBS1/HMGB2/GCLM/DDIT3/MDM2/BDKRB2/RAF1/ATF3/GDNF/MCL1/ING2/G0S2/INHBB/TGFB2/MAGED1/MAPK7/UBB/HMOX1/NONO/TNFSF15/SRPX/PHIP/IVNS1ABP/FAIM2/STRADB/HGF/TNFAIP3/CTSC/HSPB1/YBX3/JAK2/TMBIM1/UNC5B/EYA1/RB1/KDM1A/MAP2K1/SEPTIN4/PSEN1/HSF1/USP47/SYVN1/CAV1/GPER1/YAP1/PSMD10/BMPR1B/DAPK2/PPARG/NACC2/BBC3/SLC35F6/RELA/MUC1/MAPK8IP1/ZNF385A/TNFSF10/INHBA/SGK3/TMBIM6/ITPRIP/PYCR1/IER3/PSME3/PPP1CA/PINK1/SERINC3/UBQLN1/BAG5/NFATC4/CTH/HYAL2/HIF1A/LTBR/DNAJA1/ERP29/WFS1/PTGS2/PML",91
"GO:0043410","positive regulation of MAPK cascade","88/2382","303/11712",0.29042904290429,1.4280037575546,3.81392504125997,0.000161771544257406,0.0102049136422213,0.0084198555491773,"NEK10/GADD45B/ADRA1B/CFLAR/ROCK2/LIF/NAMPT/THBS1/P2RX7/NKD1/GDF15/RAF1/ARL6IP5/TNIK/GPNMB/IL6R/PRKCE/FERMT2/ROBO1/IL34/CDON/SEMA3A/ROCK1/TGFB2/LEP/IGF1R/EDA2R/C1QTNF1/RELL1/MBIP/SH3RF3/VEGFA/PRXL2C/HGF/MAP3K5/PTPN11/PELI2/ABCA7/TAOK3/HIPK2/JAK2/BMPER/PLCB1/NOTCH1/ACTA2/PDGFC/PDCD10/MAP2K1/MAP2K3/EZH2/PDGFRB/ADRA2A/LPAR1/GPER1/CAV2/MFHAS1/ADORA1/FGFR2/ZNF622/SPRY2/DSTYK/JUN/RAP1B/MAPK8IP1/MAPK3/INHBA/TRIM5/BNIP2/TPBG/ITGA1/PLCG2/CRK/EPHA4/FGFR4/NGF/AKAP12/MAP3K3/DHX33/DDT/PTK2B/DOK5/MTURN/RNF13/PDGFRA/GPR37/LTBR/RASSF2/ERP29",88
"GO:0001666","response to hypoxia","74/2382","246/11712",0.300813008130081,1.47906043292171,3.83688634306452,0.000161974717693396,0.0102049136422213,0.0084198555491773,"ABAT/VCAM1/PRKAA1/HIGD1A/FOXO3/TRPC6/CFLAR/AGTRAP/ROCK2/LIF/STAT3/CXCL12/MYC/THBS1/AQP3/SRF/MDM2/CITED2/PRKCE/CASP3/TGFB2/HIF3A/LEP/ANG/NONO/VEGFA/DNMT3A/RGCC/CPT1A/ITGA2/MTOR/SCAP/HIPK2/DDAH1/NOTCH1/CBS/LOC102724560/CAT/WTIP/MAP2K1/HSF1/ZFP36L1/RAD21/CAV1/CCNA2/EPAS1/SLC11A2/ITPR2/PDLIM1/PPARG/ABCC9/ADORA1/BBC3/FGFR2/STC1/KCNMA1/KCNJ8/INHBA/FZD4/ENG/TMBIM6/EPHA4/VEGFC/SMAD3/MECP2/PINK1/UBQLN1/PGF/ADAM17/RORA/HIF1A/ARNT2/PTGS2/PML",74
"GO:0060562","epithelial tube morphogenesis","73/2382","242/11712",0.301652892561983,1.48319004101005,3.83769976662626,0.000162604711249779,0.0102049136422213,0.0084198555491773,"TGFBR2/EXT1/RHOB/MYC/SRF/GLI2/TGIF1/CITED2/NR3C1/GDNF/HS3ST3B1/COL4A1/CASP3/TGFB2/DCHS1/MAGED1/LGR4/PRKACB/SUFU/CLIC4/ACVRL1/GLI3/GDF7/VEGFA/PIK3CD/TEAD2/BBS7/SEC24B/RBPJ/EYA1/MICAL2/FOXP1/NOTCH1/STARD13/ADM/PSEN1/SPECC1L/AHI1/SOX9/YAP1/WNT2/IFT172/PKD2/FZD6/CC2D2A/LMO4/ETV5/TBX3/FGFR2/MTSS1/SPRY2/HS2ST1/MDK/SPINT2/VASP/RALA/ENG/CSF1/MTHFD1/TIMELESS/EPHA4/SMAD3/PPP1CA/ESR1/RSPO2/DLL4/NFATC4/CFL1/NUP50/PKD1/HIF1A/MTHFD1L/PML",73
"GO:0051223","regulation of protein transport","95/2382","332/11712",0.286144578313253,1.40693757397348,3.80060512498643,0.000163911122371279,0.0102049136422213,0.0084198555491773,"ABAT/IRS2/SOX4/FOXO1/UHMK1/PRR5L/CCN3/GPR68/P2RX7/PRKD1/MDM2/UBE2J1/PIK3R1/PRKCE/NADK/INHBB/TGFB2/SUFU/LEP/ANG/TM7SF3/GLI3/PKDCC/RAC1/SEPTIN8/CHP1/CPT1A/ADCY8/TSG101/PTPN11/BMAL1/BAG3/RAB11FIP1/TRPM4/SIDT2/OXCT1/NFKBIA/JAK2/EFCAB7/PLCB1/SYT7/MAPK14/PDCD10/DPH3/IL12A/FLNA/PSEN1/PKIA/RAB29/ADRA2A/JAGN1/NDEL1/SRI/ACVR1C/RAPGEF4/GPER1/MDFIC/RAB11FIP3/IRS1/SLC51B/IDH2/PPARG/EPHA5/STXBP4/MAVS/POFUT4/ASPH/RUFY3/NR1H2/B3GAT3/DMAP1/GLUD1/NDFIP1/VPS35/PRKAR1A/VEGFC/DNM1L/SMAD3/SORL1/P3H1/PER2/HSP90AA1/MYO18A/HYAL2/YOD1/ACSL3/HIF1A/SREBF1/DNAJA1/PFKM/ERP29/YWHAB/CDKN2A/INSIG1/EMD",95
"GO:0008585","female gonad development","30/2382","78/11712",0.384615384615385,1.89110637473358,3.98969199448964,0.000171100522577815,0.0104775899367748,0.00864483491620759,"ADAMTS1/FOXO3/PTX3/STAT5B/STAT5A/FST/INHBB/CASP3/LEP/TNFAIP6/ANG/UBB/RAC1/TIPARP/VEGFA/DMC1/LFNG/FANCG/NOTCH1/NR2F2/MMP19/BMPR1B/CYP19A1/ZFPM2/INHBA/GNRH1/FZD4/ESR1/PDGFRA/PLEKHA1",30
"GO:0070482","response to oxygen levels","83/2382","283/11712",0.293286219081272,1.44205214016787,3.80355452278214,0.000172250628212285,0.0104775899367748,0.00864483491620759,"ABAT/COL1A1/VCAM1/PRKAA1/HIGD1A/FOXO3/TRPC6/FOXO1/CFLAR/AGTRAP/ROCK2/LIF/STAT3/CXCL12/MYC/THBS1/AQP3/SRF/MDM2/CITED2/PRKCE/PARP2/CASP3/TGFB2/HIF3A/LEP/ATP6V0D1/ANG/NONO/VEGFA/DNMT3A/RGCC/CPT1A/ITGA2/MAP1LC3A/MTOR/ATP6V0A2/SCAP/HIPK2/DDAH1/NOTCH1/CBS/LOC102724560/SLC7A5/CAT/WTIP/MAP2K1/HSF1/LPAR1/ZFP36L1/RAD21/CAV1/CCNA2/EPAS1/SLC11A2/ITPR2/PDLIM1/PPARG/ABCC9/ADORA1/BBC3/FGFR2/STC1/KCNMA1/KCNJ8/INHBA/FZD4/BNIP2/ENG/TMBIM6/EPHA4/VEGFC/SMAD3/MECP2/PINK1/UBQLN1/PGF/ADAM17/RORA/HIF1A/ARNT2/PTGS2/PML",83
"GO:0051145","smooth muscle cell differentiation","22/2382","51/11712",0.431372549019608,2.12100558107374,4.05370380273327,0.000181835780088876,0.0107676267847253,0.00888413810379928,"TBX18/SRF/PDCD4/SGCB/VEGFA/NOTCH1/ADM/MRTFB/GPER1/SOX9/ITGA8/TBX3/FGFR2/MED28/ENG/MECP2/QKI/MRTFA/NFATC4/CTH/RCAN1/TMEM204",22
"GO:0036293","response to decreased oxygen levels","77/2382","259/11712",0.297297297297297,1.46177411668596,3.79705497554311,0.000182426776705777,0.0107676267847253,0.00888413810379928,"ABAT/VCAM1/PRKAA1/HIGD1A/FOXO3/TRPC6/CFLAR/AGTRAP/ROCK2/LIF/STAT3/CXCL12/MYC/THBS1/AQP3/SRF/MDM2/CITED2/PRKCE/PARP2/CASP3/TGFB2/HIF3A/LEP/ANG/NONO/VEGFA/DNMT3A/RGCC/CPT1A/ITGA2/MAP1LC3A/MTOR/SCAP/HIPK2/DDAH1/NOTCH1/CBS/LOC102724560/CAT/WTIP/MAP2K1/HSF1/ZFP36L1/RAD21/CAV1/CCNA2/EPAS1/SLC11A2/ITPR2/PDLIM1/PPARG/ABCC9/ADORA1/BBC3/FGFR2/STC1/KCNMA1/KCNJ8/INHBA/FZD4/BNIP2/ENG/TMBIM6/EPHA4/VEGFC/SMAD3/MECP2/PINK1/UBQLN1/PGF/ADAM17/RORA/HIF1A/ARNT2/PTGS2/PML",77
"GO:0048568","embryonic organ development","88/2382","304/11712",0.289473684210526,1.42330637677317,3.7784518615236,0.000183122904502131,0.0107676267847253,0.00888413810379928,"TBX18/TGFBR2/PRRX1/TTC39C/LIF/MYC/VASH2/NR4A3/SRF/SPARC/GLI2/FZD5/CITED2/GDNF/TGFB2/SLC39A1/CCN1/SUFU/GLI3/PKDCC/RAC1/TEAD1/VEGFA/NECTIN1/COL11A1/CIMAP3/EPHB2/MBD2/TEAD2/BBS7/SEC24B/RBPJ/HIPK2/PRDM1/SLITRK6/EYA1/MICAL2/NOTCH1/NR2F2/E2F7/ADM/MFAP2/MAP2K1/FRZB/PSEN1/FOXF2/HSF1/ZFP36L1/TEAD3/SOBP/AHI1/TEAD4/SOX9/OSR2/YAP1/EPAS1/WNT2/IFT172/DNAJB6/PKD2/FZD6/CC2D2A/PBX2/ITGA8/TBX3/FGFR2/SPRY2/WHRN/HS6ST1/HOXA2/MAPK3/ZFPM2/SPINT2/PCSK5/FBN2/ENG/MTHFD1/BLOC1S5/SMAD3/TFEB/HOXA3/PDGFRA/PKD1/HIF1A/WDR19/MTHFD1L/ECE1/INSIG1",88
"GO:0048812","neuron projection morphogenesis","127/2382","468/11712",0.271367521367521,1.3342806088398,3.72907175150973,0.000188100689418397,0.0109387785538698,0.0090253517606421,"NEXN/APBB2/PDLIM5/TRPC6/CRABP2/RPS6KA5/USP33/RND2/GORASP1/EXT1/CXCL12/NSMF/LAMA2/FLRT3/PPP1R12C/RAC3/NR4A3/PLXNB1/SRF/GLI2/EGR2/PLEKHG4/ABLIM1/TNIK/KIF5B/GDNF/ARHGEF28/NEDD4L/MAPRE3/ROBO1/NRP2/CUL7/SEMA3A/ROCK1/TGFB2/ULK2/SEMA6D/PTEN/TRAK2/KIAA1755/ARMCX5-GPRASP2/SCN1B/TUBA1A/TANC2/UBB/TTC8/GLI3/SPTBN4/GDF7/MAP1S/RAC1/EPHB3/ACTB/VEGFA/MAP1A/NECTIN1/NBL1/MICOS10-NBL1/EPHB2/WASF1/KALRN/LZTS1/PTPN11/ARHGEF40/PALLD/VCL/TAOK3/ACTG1/SLITRK6/UNC5B/NOTCH1/NEGR1/SEMA3B/FAT4/MAP2K1/TSKU/PITPNA/ADARB1/ZNF365/CNTNAP1/CYFIP2/EPHB6/PSEN1/PRKG1/ROBO3/NDEL1/OBSL1/ANKRD27/PLPPR4/PPP1R12A/MEF2A/SLC11A2/BMPR1B/KIFBP/LLGL1/EPHA5/LMO4/FGFR2/EFNA4/SEMA6C/ATP7A/HOXA2/ARHGEF25/RUFY3/VASP/FZD4/TPBG/ITGA1/SPART/EPHA4/SGK1/KIFC2/DLG4/NGF/EVL/PPFIA2/ALCAM/NRXN3/ADNP/NFATC4/PHACTR1/USP9X/CFL1/CDH4/ADAM17/ECE1/SIPA1L1",127
"GO:0048667","cell morphogenesis involved in neuron differentiation","118/2382","430/11712",0.274418604651163,1.3492824087634,3.72859266337631,0.000193592802063415,0.0111357946578217,0.0091879055258472,"NEXN/APBB2/PDLIM5/TRPC6/CRABP2/RPS6KA5/USP33/RND2/GORASP1/EXT1/CXCL12/NSMF/LAMA2/FLRT3/RAC3/NR4A3/PLXNB1/SRF/GLI2/EGR2/PLEKHG4/ABLIM1/TNIK/KIF5B/GDNF/ARHGEF28/NEDD4L/MAPRE3/ROBO1/NRP2/CUL7/SEMA3A/TGFB2/ULK2/SEMA6D/PTEN/TRAK2/KIAA1755/ARMCX5-GPRASP2/SCN1B/TANC2/TTC8/GLI3/SPTBN4/GDF7/MAP1S/RAC1/EPHB3/ACTB/VEGFA/MAP1A/NECTIN1/EPHB2/KALRN/LZTS1/PTPN11/ARHGEF40/PALLD/VCL/SEC24B/ACTG1/SLITRK6/UNC5B/NOTCH1/RB1/SEMA3B/FAT4/MAP2K1/TSKU/PITPNA/ADARB1/ZNF365/CNTNAP1/CYFIP2/EPHB6/PSEN1/PRKG1/ROBO3/NDEL1/OBSL1/ANKRD27/PLPPR4/MEF2A/SLC11A2/BMPR1B/KIFBP/LLGL1/EPHA5/LMO4/FGFR2/EFNA4/SEMA6C/ATP7A/WHRN/HOXA2/ARHGEF25/RUFY3/VASP/FZD4/TPBG/SPART/EPHA4/KIFC2/DLG4/NGF/EVL/PPFIA2/ALCAM/NRXN3/ADNP/NFATC4/PHACTR1/USP9X/CFL1/CDH4/ADAM17/ECE1/SIPA1L1",118
"GO:0045639","positive regulation of myeloid cell differentiation","29/2382","75/11712",0.386666666666667,1.90119227539882,3.95598487263814,0.00019588422397077,0.0111464442285303,0.00919669225841262,"GLUL/FOXO3/LIF/STAT3/STAT5B/GPR68/HMGB2/STAT5A/NEDD9/IL34/ACVR1B/JAG1/RUNX1/RB1/MAPK14/INPP5D/EEIG1/HSF1/ZFP36L1/ABCB10/ACIN1/INHBA/ZNF16/CSF1/TMEM64/MTURN/KLF10/HIF1A/CORO1C",29
"GO:0010721","negative regulation of cell development","57/2382","180/11712",0.316666666666667,1.55701091519731,3.80517547149898,0.000206535556926923,0.0116163132831911,0.00958437114585607,"TRPC6/GORASP1/TSC22D1/MYC/GPR68/DAAM2/BCL6/FSTL3/DUSP10/STAT5A/SHB/PIK3R1/ULK2/SEMA6D/PTEN/TRAK2/TNFAIP6/GLI3/VEGFA/EPHB2/TNFRSF11B/UBASH3B/RUNX1/TMEM131L/NF2/NOTCH1/NEGR1/RB1/IGDCC4/INPP5D/FRZB/PSEN1/SOCS1/GPR137B/RFLNB/RC3H2/HOOK3/ZBTB46/RNF10/IDH2/LRRC17/SEMA6C/CDK6/INHBA/MDK/RUFY3/SPART/CBFB/SOCS5/SORL1/QKI/NFATC4/CFL1/BTG2/CDKN2A/TOB2/KIFAP3",57
"GO:0034762","regulation of transmembrane transport","77/2382","260/11712",0.296153846153846,1.45615190854486,3.75822301496217,0.000208531701039901,0.0116163132831911,0.00958437114585607,"STOM/KLF15/CACNB2/IRS2/SELENOS/ACSL1/TRPC6/CNIH3/OXSR1/THBS1/P2RX7/NR4A3/CLIC2/PRKD1/PRKAG2/ARL6IP5/STIM2/PIK3R1/PRKCE/NEDD4L/ANK2/AKAP7/SLC26A6/ARPP19/SCN1B/LEP/SORBS1/BDKRB1/VMP1/CHP1/ACTN4/KCNE3/PTPN11/UBASH3B/SLC7A5/TRIB3/MAPK14/CALM1/FLNA/INPP5K/PSEN1/SRI/PIM1/CLTCL1/CAV1/GNB2/GPER1/IRS1/MEF2A/PID1/KCNS1/STXBP4/ABCC9/KCNJ8/ENPP1/ASPH/GRIA1/KCNS3/SLC8A1/TMBIM6/KCNJ12/NGF/PER2/TMC2/RGS4/FHL1/PTK2B/OPN3/CTSS/UBQLN1/PRRT1/GOPC/UBR3/GSTM2/AHNAK/DMD/PML",77
"GO:0031529","ruffle organization","19/2382","42/11712",0.452380952380952,2.22430130742473,4.0161005505047,0.000234303876602163,0.0129160011976942,0.0106567157910721,"STON1/CARMIL1/AIF1L/RAC1/KANK1/SH3BP1/MTOR/SH3YL1/PFN2/INPP5K/NDEL1/CAV1/PIP5K1A/CORO1B/EVL/DEF8/EPS8/CORO1C/PLEKHA1",19
"GO:0097191","extrinsic apoptotic signaling pathway","60/2382","193/11712",0.310880829015544,1.52856266558776,3.74106105930787,0.000249347811664251,0.0136035940136826,0.0112240338880446,"ARHGEF2/FOXO3/SORT1/CFLAR/BRCA1/THBS1/P2RX7/HMGB2/GCLM/RAF1/ATF3/GDNF/IL6R/PIK3R1/MCL1/PARP2/G0S2/TGFB2/MAPK7/HMOX1/TNFSF15/SRPX/PHIP/ACVR1B/FAIM2/STRADB/HGF/BAG3/TNFAIP3/JAK2/TMBIM1/UNC5B/ZDHHC3/EYA1/RNF41/IL12A/TNFRSF1B/CAV1/GPER1/YAP1/BMPR1B/BLOC1S2/BEX3/RELA/TNFSF10/INHBA/SGK3/ITPRIP/SMAD3/PSME3/NGF/PPP1CA/PIDD1/MOAP1/BCL2L2/HYAL2/NFKBIZ/LTBR/MLLT11/PML",60
"GO:0001659","temperature homeostasis","44/2382","131/11712",0.33587786259542,1.65146999442383,3.78864647024866,0.000252822386160065,0.0136524088526435,0.0112643099655419,"ABAT/ACSL1/FOXO1/STAT3/RHEB/DDIT3/G0S2/SQSTM1/LGR4/LEP/IGF1R/ADAMTS5/IGF2BP2/SCD/VEGFA/DIO2/BMAL1/RBPJ/JAK2/NOTCH1/RB1/PDGFC/MFAP2/KDM1A/HSF1/CAV1/ZNF423/EPAS1/ADORA1/ACOT13/NOVA1/ADIPOR2/LNPEP/NR1H2/TLE3/LPIN1/PER2/QKI/IP6K1/ADIPOR1/ADAM17/NPR3/ALMS1/PTGS2",44
"GO:0050728","negative regulation of inflammatory response","37/2382","105/11712",0.352380952380952,1.732613649994,3.810102950499,0.000262821812055261,0.0139719986083701,0.0115279966240043,"SELENOS/TRIM45/CCN3/STAT3/DUSP10/MAPK7/TNFAIP6/WFDC1/HGF/TNFAIP3/RB1/PLK2/MAPK14/MKRN2/FURIN/METRNL/TNFRSF1B/GBA1/GIT1/GPER1/LPCAT3/PPARG/MFHAS1/NT5E/ADORA1/CYP19A1/NR1D2/MDK/NR1H2/NDFIP1/VPS35/SOCS5/IER3/SMAD3/TYRO3/IL20RB/RORA",37
"GO:0006563","L-serine metabolic process","8/2382","11/11712",0.727272727272727,3.57591023585986,4.31859646521169,0.000264021137724302,0.0139719986083701,0.0115279966240043,"SHMT2/PHGDH/SHMT1/PSAT1/CBS/LOC102724560/SDSL/SERINC3",8
"GO:0061572","actin filament bundle organization","46/2382","139/11712",0.330935251798561,1.62716778718083,3.75833263048501,0.000271964248581721,0.0142498495395492,0.011757245472819,"ROCK2/ZYX/SYNPO2/AMOT/S1PR1/SRF/CARMIL1/NEDD9/PIK3R1/FERMT2/AIF1L/ROCK1/DPYSL3/CALD1/SORBS1/TTC8/CORO2B/RAC1/RGCC/FAM171A1/FAM107A/MTOR/ACTG1/NF2/SWAP70/PFN2/FLNA/SPIRE2/INPP5K/MICAL1/LPAR1/RFLNB/PAWR/PDLIM1/FHOD1/MTSS1/ARHGAP28/CORO1B/SMAD3/EVL/PHLDB2/PHACTR1/CFL1/EPS8/TJP1/ALMS1",46
"GO:0001570","vasculogenesis","24/2382","59/11712",0.406779661016949,2.0000853861589,3.89108986459913,0.000279598771439262,0.0145062421417311,0.0119687895142421,"TGFBR2/AMOT/CITED2/CUL7/TIPARP/HDAC7/VEGFA/TEAD2/RRAS/ITGB8/NOTCH1/EMP2/ADM/MYO1E/PDGFRB/ZFP36L1/HEG1/CAV1/YAP1/ZFPM2/FZD4/ENG/TMEM100/QKI",24
"GO:0034103","regulation of tissue remodeling","21/2382","49/11712",0.428571428571429,2.10723281756027,3.92427016745596,0.000282790749061545,0.0145294043110067,0.0119879001237331,"TMEM119/ROCK2/P2RX7/S1PR1/GPNMB/ROCK1/LEP/YPEL4/UBASH3B/RUNX1/TNFAIP3/TMBIM1/SYT7/INPP5D/GPR137B/PPARG/CST3/MDK/TMEM64/DEF8/PDK4",21
"GO:0043542","endothelial cell migration","58/2382","186/11712",0.311827956989247,1.53321957693454,3.70382362606059,0.000287115346806535,0.014609753993271,0.0120541949246306,"GLUL/CCN3/RHOB/THBS1/AMOT/SRF/SPARC/HSPA12B/PRKD1/STAT5A/ROBO1/NRP2/PACSIN2/PIK3CA/HMOX1/VSTM4/ACVRL1/PLPP3/NR4A1/RAC1/PIK3R3/HDAC7/VEGFA/RGCC/EPHB4/SH3BP1/PIK3CD/EGR3/FSTL1/HSPB1/BMPER/RRAS/FOXP1/NOTCH1/PLK2/NR2F2/STARD13/EMP2/PDCD10/LGMN/MAP2K3/RHOJ/HDAC5/CCBE1/PPARG/STC1/CORO1B/VEGFC/MECP2/PTK2B/DLL4/AAMP/ADAM17/HIF1A/ATP5F1B/HDAC9/LPXN/PTGS2",58
"GO:1902105","regulation of leukocyte differentiation","66/2382","218/11712",0.302752293577982,1.48859566011139,3.67933475384338,0.000292483312317152,0.0147411589407845,0.0121626143307423,"ZBTB16/SOX4/FOXO3/TGFBR2/LIF/SMARCD2/MYC/STAT5B/GPR68/CAMK4/BCL6/FSTL3/GLI2/DUSP10/STAT5A/NEDD9/SHB/PIK3R1/IL34/TNFAIP6/GLI3/ACTB/ZFP36L2/TNFRSF11B/UBASH3B/MTOR/EGR3/RUNX1/TMEM131L/PRDM1/FOXP1/BRD4/RB1/RNF41/INPP5D/SOCS1/EEIG1/HSF1/GPR137B/ZFP36L1/RC3H2/ZBTB46/KLHL25/TNFSF9/LRRC17/SOS2/CDK6/ACIN1/ITPKB/INHBA/MDK/CSF1/ZBTB1/NDFIP1/TMEM64/CBFB/SOCS5/QKI/KLF10/NFKBIZ/SMARCB1/TOX/RASSF2/CORO1C/CDKN2A/TOB2",66
"GO:0060047","heart contraction","51/2382","159/11712",0.320754716981132,1.5771113540231,3.70201216327344,0.000308736816587083,0.0154135399375362,0.0127173814816606,"CACNB2/TBX18/ADRA1B/EXT1/ATP2A2/CORIN/CLIC2/MDM2/RPS6KA2/ADM2/GCH1/ATP1A1/NEDD4L/ANK2/TGFB2/SCN1B/PIK3CA/SPTBN4/CELF2/DMPK/KCNE3/TRPM4/MTOR/SGCD/POPDC1/CALM1/ADM/GPD1L/MAP2K3/FLNA/SRI/SCN7A/CAV1/EPAS1/MEF2A/GSN/ABCC9/ADORA1/STC1/KCNJ8/ASPH/SLC8A1/CHRM2/KCNJ12/DNM1L/KCND3/RGS4/HSP90AA1/GSTM2/SREBF1/DMD",51
"GO:0007178","cell surface receptor protein serine/threonine kinase signaling pathway","85/2382","296/11712",0.287162162162162,1.41194090816257,3.62702746966668,0.000312094776808535,0.0154355659707548,0.012735554689639,"TMEM119/RBPMS/TGFBR2/CCN3/TSC22D1/SAP30/LTBP1/EXT1/STAT3/ZYX/THBS1/GDF15/HSP90AB1/FSTL3/TGIF1/CITED2/COL3A1/SPRED2/RGMB/SMAD1/FERMT2/FST/ING2/PEG10/INHBB/TGFB2/GLCE/CDKN2B/CCN1/PDCD4/TNFAIP6/TGFB1I1/ACVRL1/GDF7/GDF5/GDF11/RGCC/NBL1/MICOS10-NBL1/ACVR1B/INHBE/MAP1LC3A/FSTL1/RBPJ/HIPK2/JAK2/BMPER/CILP/ITGB8/TGIF2/NOTCH1/MAPK14/TSKU/FURIN/RASL11B/CRIM1/COL1A2/ACVR1C/NUP93/CAV1/ZNF423/CAV2/BMPR1B/NREP/PPARG/ITGA8/SPRY2/JUN/MAPK3/INHBA/CHRDL2/FBN2/ENG/SLC2A10/TMEM100/SPART/HIVEP1/SMAD3/SORL1/USP9X/ADAM17/NUMA1/CHRDL1/LPXN/PML",85
"GO:0014706","striated muscle tissue development","84/2382","292/11712",0.287671232876712,1.41444394603361,3.62369153145503,0.000317135288240264,0.0155396291237729,0.0128214149670625,"PRKAA1/PDLIM5/TBX18/SAP30/CFLAR/SVIL/MAFF/MYC/FKRP/FER1L6/S1PR1/SRF/KLF5/EGR2/CITED2/ATF3/SMAD1/ALPK3/PARP2/CDON/TGFB2/NLN/NR4A1/SGCB/VEGFA/FOXN2/MYL6/COL11A1/MBD2/BMAL1/TENM4/MTOR/SGCD/RUNX1/RBPJ/YBX3/EYA1/POPDC1/BCL9/FOXP1/NOTCH1/RB1/NR2F2/AKAP13/MAPK14/CNTNAP1/PRKG1/PDGFRB/PIM1/OBSL1/MRTFB/HEG1/CAV1/YAP1/MEF2A/CAV2/WNT2/ABCC9/TBX3/FGFR2/CENPF/MYL6B/PLEC/JARID2/GPC1/KCNJ8/NR1D2/ZFPM2/SLC8A1/ENG/PRKAR1A/GPCPD1/CTCF/SMAD3/RGS4/DLL4/PDGFRA/RCAN1/HDAC9/BTG2/FBXO22/DMD/MYOZ2/EMD",84
"GO:0070252","actin-mediated cell contraction","29/2382","77/11712",0.376623376623377,1.851810657856,3.78906700779448,0.0003318694161518,0.0158378613802795,0.0130674800106216,"CACNB2/ATP2A2/ATP1A1/NEDD4L/ANK2/ROCK1/SCN1B/PIK3CA/MYL6/KCNE3/TRPM4/SGCD/ACTA2/EMP2/GPD1L/FLNA/SRI/SCN7A/CAV1/GSN/ABCC9/ADORA1/MYL6B/STC1/KCNJ8/PARVA/PDPN/KCND3/QKI",29
"GO:0035924","cellular response to vascular endothelial growth factor stimulus","25/2382","63/11712",0.396825396825397,1.95114149774099,3.82470663620589,0.000332020917092813,0.0158378613802795,0.0130674800106216,"VCAM1/PRKD1/ROBO1/NRP2/PIK3CA/NR4A1/VEGFA/PIK3CD/EGR3/HSPB1/NOTCH1/NR2F2/MAPK14/MAP2K3/IL12A/MYO1C/PDGFRB/CCBE1/TSPAN32/SPRY2/RELA/VEGFC/DLL4/PGF/PDGFRA",25
"GO:0003007","heart morphogenesis","58/2382","187/11712",0.310160427807487,1.52502054176376,3.65682080553461,0.000335192833445068,0.0158378613802795,0.0130674800106216,"SOX4/ADAMTS1/TGFBR2/EXT1/FKRP/S1PR1/SRF/MDM2/CITED2/ROBO1/NRP2/TGFB2/DCHS1/CCN1/SUFU/PDCD4/ADAMTS5/ACVRL1/AXIN2/RAC1/VEGFA/COL11A1/EPHB4/ASXL1/TEAD2/JAG1/BBS7/MTOR/NSD2/SEC24B/RBPJ/EYA1/MICAL2/NOTCH1/EMP2/COL5A1/PSEN1/AHI1/PIM1/HEG1/SOX9/YAP1/WNT2/IFT172/PKD2/ABCC9/TBX3/FGFR2/JUN/KCNJ8/ZFPM2/DHRS3/ENG/PARVA/TMEM100/SMAD3/DLL4/HIF1A",58
"GO:2001234","negative regulation of apoptotic signaling pathway","58/2382","187/11712",0.310160427807487,1.52502054176376,3.65682080553461,0.000335192833445068,0.0158378613802795,0.0130674800106216,"ARHGEF2/HIGD1A/CREB3L1/SELENOS/HERPUD1/RTKN2/CFLAR/BRCA1/CXCL12/THBS1/HMGB2/GCLM/MDM2/BDKRB2/RAF1/GDNF/MCL1/ING2/MAPK7/HMOX1/NONO/PHIP/IVNS1ABP/FAIM2/STRADB/HGF/TNFAIP3/HSPB1/YBX3/TMBIM1/UNC5B/EYA1/RB1/KDM1A/MAP2K1/PSEN1/USP47/SYVN1/YAP1/PSMD10/SLC35F6/RELA/MUC1/MAPK8IP1/ZNF385A/SGK3/TMBIM6/ITPRIP/PYCR1/IER3/PSME3/PINK1/BAG5/CTH/HIF1A/DNAJA1/WFS1/PTGS2",58
"GO:0001936","regulation of endothelial cell proliferation","35/2382","99/11712",0.353535353535354,1.73828969798743,3.72734197277015,0.000354584779302456,0.0166058641775982,0.0137011426599589,"STAT3/CXCL12/THBS1/VASH2/SPARC/HMGB2/PRKD1/STAT5A/NRP2/LEP/ANG/HMOX1/ACVRL1/NR4A1/VEGFA/RGCC/COL4A3/PIK3CD/POLD4/EGR3/NR2F2/PDCD10/IL12A/CAV1/CAV2/PPARG/JUN/NRAS/MDK/ENG/DLL4/ADAM17/HIF1A/AGTR1/PDCL3",35
"GO:0023061","signal release","88/2382","310/11712",0.283870967741935,1.39575851141627,3.56818727098367,0.000374926419690027,0.0172290858722451,0.0142153495242218,"SLC6A9/ABAT/IRS2/SOX4/FOXO1/SYN2/PREPL/CCN3/LIF/SLC38A2/CXCL12/ATP2A2/GPR68/P2RX7/PLA2G4A/PRKD1/SLC16A2/RAF1/NIBAN2/GDNF/STX2/PRKCE/NADK/CAMK2A/INHBB/LEP/C1QTNF1/SNAP47/TM7SF3/RAC1/CPT1A/ADCY8/PTPN11/BMAL1/RAB11FIP1/TRPM4/SIDT2/OXCT1/TMF1/NAPA/JAK2/PLCB1/STX11/SYT7/STX1B/PFN2/PSEN1/ADRA2A/JAGN1/SELENOM/MCTP1/SRI/ACVR1C/GIT1/RAPGEF4/GPER1/RAB11FIP3/BEST1/IRS1/PPARG/EPHA5/STXBP4/ADORA1/TBX3/VPS18/RAP1B/CYP19A1/KCNJ8/TRPV6/INHBA/PCSK5/STXBP5/FZD4/GLUD1/VPS35/PRKAR1A/NGF/PER2/PINK1/PPFIA2/ITSN1/SYNJ1/ADAM17/HIF1A/SREBF1/PFKM/AGTR1/PTGS2",88
"GO:0003015","heart process","53/2382","168/11712",0.31547619047619,1.55115749070409,3.63562635692115,0.000375576315376802,0.0172290858722451,0.0142153495242218,"CACNB2/TBX18/ADRA1B/EXT1/ATP2A2/CORIN/CLIC2/MDM2/RPS6KA2/ADM2/GCH1/ATP1A1/NEDD4L/ANK2/TGFB2/SCN1B/PIK3CA/SPTBN4/CELF2/RAC1/DMPK/KCNE3/TRPM4/MTOR/SGCD/POPDC1/CALM1/ADM/GPD1L/MAP2K3/FLNA/SRI/SCN7A/CAV1/YAP1/EPAS1/MEF2A/GSN/ABCC9/ADORA1/STC1/KCNJ8/ASPH/SLC8A1/CHRM2/KCNJ12/DNM1L/KCND3/RGS4/HSP90AA1/GSTM2/SREBF1/DMD",53
"GO:0051017","actin filament bundle assembly","45/2382","137/11712",0.328467153284672,1.61503245141481,3.65868367270049,0.000380010203788679,0.0172290858722451,0.0142153495242218,"ROCK2/ZYX/SYNPO2/AMOT/S1PR1/SRF/CARMIL1/NEDD9/PIK3R1/FERMT2/AIF1L/ROCK1/DPYSL3/CALD1/SORBS1/TTC8/CORO2B/RAC1/RGCC/FAM171A1/FAM107A/MTOR/ACTG1/NF2/SWAP70/PFN2/FLNA/SPIRE2/INPP5K/MICAL1/LPAR1/PAWR/PDLIM1/FHOD1/MTSS1/ARHGAP28/CORO1B/SMAD3/EVL/PHLDB2/PHACTR1/CFL1/EPS8/TJP1/ALMS1",45
"GO:0007044","cell-substrate junction assembly","33/2382","92/11712",0.358695652173913,1.76366224947979,3.71551671372705,0.000382174953977323,0.0172290858722451,0.0142153495242218,"LAMC1/ROCK2/PEAK1/THBS1/STON1/FERMT2/ROCK1/PTEN/TLN1/SORBS1/ACVRL1/CORO2B/ANKRD28/RAC1/VEGFA/WHAMM/ITGA2/LDB1/FAM107A/VCL/ACTG1/DUSP3/PIP5K1A/LAMA3/PLEC/GPM6B/DST/DAPK3/SMAD3/PHLDB2/CFL1/LIMS1/CORO1C",33
"GO:0010810","regulation of cell-substrate adhesion","57/2382","184/11712",0.309782608695652,1.52316285182346,3.61406428505353,0.00038861721891768,0.0172290858722451,0.0142153495242218,"COL1A1/MYADM/ROCK2/PEAK1/THBS1/RAC3/BCL6/CARMIL1/NID1/HACD1/NEDD9/PIK3R1/PRKCE/FERMT2/ROCK1/PTEN/TLN1/CCN1/ACVRL1/PLPP3/CORO2B/ANKRD28/RAC1/ACTN4/VEGFA/KANK1/LDB1/FAM107A/JAG1/VCL/ACTG1/JAK2/NF2/RRAS/NOTCH1/EMP2/DOCK5/FLNA/LIMS2/DUSP3/GPM6B/DAPK3/CDK6/MDK/FZD4/CSF1/CRK/PDPN/SPOCK1/RSU1/SMAD3/PTK2B/PHLDB2/CFL1/LIMS1/CORO1C/CDKN2A",57
"GO:0007264","small GTPase-mediated signal transduction","114/2382","420/11712",0.271428571428571,1.33458078445484,3.52831420136915,0.000390575076624005,0.0172290858722451,0.0142153495242218,"ARHGEF2/RAP2B/FGD4/RND2/ROCK2/RGL1/RHOB/RHEB/AMOT/RAC3/PLXNB1/BCL6/RAF1/PLEKHG4/RASGRP2/COL3A1/CYTH3/RALBP1/ARHGEF28/FERMT2/ROBO1/CDON/ROCK1/TGFB2/SQSTM1/RAPGEF5/SYDE1/CDC42EP3/RND3/SYDE2/SCAI/ABL2/ARHGDIA/ARHGEF17/RRAD/RAC1/SIPA1L2/CHP1/MAPRE2/KANK1/EPHB2/CDKN1A/WASF1/KALRN/ARHGEF40/SH3BP1/ARHGAP42/ARHGAP29/RRAS/GIT2/NOTCH1/RB1/ABR/PLK2/STARD13/AKAP13/SWAP70/DOCK5/MAP2K1/NUCB2/PPP2CB/RHOJ/COL1A2/FOXM1/ADRA2A/KBTBD7/LPAR1/GIT1/HEG1/RAPGEF4/CCNA2/ARHGEF3/KCTD10/GARRE1/RRAS2/GNA12/FARP2/ARHGAP22/ARHGEF9/ARHGEF12/SPRY2/SOS2/CDC42SE2/NRAS/RAP1B/SIPA1/RHOBTB2/ARHGAP28/ITPKB/RAB35/ARHGAP31/ARHGEF25/RALB/BNIP2/RALA/CSF1/SHOC2/CRK/PDPN/RSU1/G3BP1/NGF/ARHGAP10/ITSN1/NUP62/SPATA13/CFL1/EPS8/AGTR1/PSD3/RAB4B/CDKN2A/PLD1/SIPA1L1",114
"GO:0050920","regulation of chemotaxis","46/2382","141/11712",0.326241134751773,1.60408739303643,3.646287671619,0.000390682219325285,0.0172290858722451,0.0142153495242218,"DUSP1/CCN3/CXCL12/OXSR1/THBS1/IL16/S1PR1/PRKD1/NEDD9/IL6R/ROBO1/IL34/CAMK1D/TNFAIP6/RAC1/VEGFA/NBL1/MICOS10-NBL1/ITGA2/HSPB1/NOTCH1/SWAP70/LGMN/IL12A/PDGFRB/ROBO3/LPAR1/DUSP3/DAPK2/CYP19A1/MOSPD2/MAPK3/MDK/TPBG/CORO1B/CSF1/VEGFC/DNM1L/SMAD3/USP14/DDT/PTK2B/PGF/PDGFRA/ADAM17/NINJ1",46
"GO:0035904","aorta development","21/2382","50/11712",0.42,2.06508816120907,3.8133888132019,0.000395097351035419,0.0172797948899127,0.0142571884479767,"SOX4/TGFBR2/SRF/EGR2/COL3A1/ROBO1/TGFB2/SUFU/LEP/ACVRL1/LOXL1/JAG1/SEC24B/RBPJ/PRDM1/EYA1/NOTCH1/PDGFRB/PKD2/ENG/DLL4",21
"GO:0060986","endocrine hormone secretion","16/2382","34/11712",0.470588235294118,2.31382427026226,3.87631936281338,0.000417762032810023,0.0181212842428741,0.0149514832795166,"NIBAN2/INHBB/LEP/C1QTNF1/PTPN11/RAB11FIP1/TMF1/SELENOM/RAB11FIP3/PPARG/TBX3/CYP19A1/TRPV6/INHBA/FZD4/AGTR1",16
"GO:0030224","monocyte differentiation","14/2382","28/11712",0.5,2.45843828715365,3.90389695421317,0.000439669428826496,0.0187262542330178,0.0154506310535382,"MYC/GPR68/IL34/VEGFA/FOXP1/INPP5D/ZFP36L1/ZBTB46/PPARG/JUN/CDK6/ACIN1/IFI16/CSF1",14
"GO:0043279","response to alkaloid","25/2382","64/11712",0.390625,1.92065491183879,3.73154108565669,0.000440901875463126,0.0187262542330178,0.0154506310535382,"FKBP5/ABAT/PRKAA1/MYC/MDM2/PRKCE/MAPRE3/CASP3/PPP5C/DNMT3A/CPT1A/ADCY8/UQCRC1/EHMT2/PPP1R1B/ADRA2A/HDAC5/CCNA2/RELA/SPIDR/GRIA1/SLC8A1/RGS4/HSP90AA1/GSTM2",25
"GO:0055001","muscle cell development","44/2382","134/11712",0.328358208955224,1.61449678559344,3.6147834831073,0.000442324599230391,0.0187262542330178,0.0154506310535382,"PDLIM5/TBX18/CFLAR/ATP2A2/SRF/PRKD1/ALPK3/PARP2/ANK2/WDR1/SDC1/SGCB/ACTN4/VEGFA/LMOD1/MTOR/SGCD/ACTG1/POPDC1/FOXP1/NOTCH1/AKAP13/ADM/KDM1A/CNTNAP1/PRKG1/PDGFRB/OBSL1/MEF2A/CAV2/TBX3/PLEC/SLC8A1/ENG/PRKAR1A/CTCF/RGS4/NFATC4/PDGFRA/RCAN1/HDAC9/FBXO22/DMD/MYOZ2",44
"GO:0007548","sex differentiation","57/2382","185/11712",0.308108108108108,1.5149295391109,3.56699557685416,0.000452415851647443,0.0190014657691926,0.0156777021940985,"ADAMTS1/FOXO3/LHFPL2/PTX3/STAT5B/HMGB2/CITED2/STAT5A/FST/ING2/INHBB/CASP3/TGFB2/LGR4/LEP/TNFAIP6/ANG/UBB/RAC1/TIPARP/VEGFA/RHOBTB3/PTPN11/DMC1/LFNG/YBX3/TMF1/FANCG/NOTCH1/NR2F2/FLNA/FOXF2/MMP19/DHX37/SOX9/KIF18A/BMPR1B/TBX3/CYP19A1/H3-3A/ZFPM2/INHBA/GNRH1/FZD4/H3-3B/ESR1/ASB1/HSD17B4/BCL2L2/TYRO3/PDGFRA/PKD1/MAMLD1/WDR19/DNAJC19/PLEKHA1/AGO4",57
"GO:0051960","regulation of nervous system development","89/2382","316/11712",0.281645569620253,1.38481650352326,3.50387058716791,0.000461967300449868,0.0192498500313441,0.0158826387257858,"WASF3/LRRTM2/TRPC6/CRABP2/RND2/GORASP1/LIF/CXCL12/FLRT3/RHEB/PLXNB1/ANXA2/DAAM2/SRF/HMGB2/EGR2/DUSP10/MAPRE3/ROBO1/IL34/CUL7/CDON/ULK2/SEMA6D/PTEN/TRAK2/ARMCX5-GPRASP2/SPEN/GLI3/EPHB3/VEGFA/EPHB2/NAP1L1/BMAL1/TENM4/MTOR/CTSC/SLITRK6/NF2/NOTCH1/NEGR1/RB1/IGDCC4/SLC7A5/TYMP/ADGRB2/KDM1A/MAP2K1/ZNF365/PSEN1/EZH2/ROBO3/TNFRSF1B/HOOK3/OBSL1/GPER1/ANKRD27/CLSTN1/RNF10/YAP1/PTPN13/IDH2/WNT2/LRRN3/ETV5/SEMA6C/RELA/MDK/RUFY3/FZD4/TPBG/SPART/EPHA4/VEGFC/LPIN1/SORL1/NGF/MECP2/PER2/QKI/THBS2/ADNP/FXR2/DLL4/NFATC4/CDH4/HIF1A/BTG2/KIFAP3",89
"GO:0007265","Ras protein signal transduction","34/2382","97/11712",0.350515463917526,1.72344127346854,3.61498574912419,0.000512119533645666,0.021172941969163,0.0174693406707419,"RGL1/RASGRP2/TGFB2/SQSTM1/RAPGEF5/SYDE1/SYDE2/EPHB2/CDKN1A/RRAS/NOTCH1/RB1/PLK2/MAP2K1/PPP2CB/FOXM1/ADRA2A/RAPGEF4/CCNA2/RRAS2/SPRY2/SOS2/NRAS/ITPKB/RALB/RALA/CSF1/SHOC2/RSU1/G3BP1/NGF/NUP62/CDKN2A/PLD1",34
"GO:0090596","sensory organ morphogenesis","57/2382","186/11712",0.306451612903226,1.50678475664256,3.52020337619849,0.000525455609600407,0.0215558998915144,0.0177853110454711,"SOX4/TBX18/PRRX1/TTC39C/STAT3/MYC/NR4A3/NKD1/SPARC/FZD5/CITED2/CDON/TTC8/GLI3/RAC1/GDF11/VEGFA/NECTIN1/COL11A1/EPHB2/JAG1/HMGN1/ZHX2/SEC24B/HIPK2/PRDM1/SLITRK6/EYA1/NOTCH1/COL5A2/MFAP2/TSKU/FRZB/COL5A1/TDRD7/FOXF2/SOBP/AHI1/SOX9/OSR2/WNT2/IFT172/FZD6/ITGA8/TBX3/FGFR2/SPRY2/WHRN/PROX2/HOXA2/MAPK3/FBN2/BLOC1S5/FJX1/HIF1A/WDR19/INSIG1",57
"GO:1903829","positive regulation of protein localization","97/2382","351/11712",0.276353276353276,1.3587949507345,3.44840803343475,0.000537577368017033,0.0218835340888165,0.0180556350002806,"ABAT/IRS2/PRKAA1/SOX4/PRR5L/ROCK2/GPR68/P2RX7/HSP90AB1/PRKD1/MDM2/KIF5B/AMOTL2/NEDD9/PIK3R1/PRKCE/FERMT2/NADK/TGFB2/SQSTM1/TMEM35A/LEP/TNFAIP6/EPB41/PIK3CA/SORBS1/ANG/TM7SF3/GLI3/SESN2/RAC1/CHP1/VEGFA/MAP1A/ADCY8/EPHB2/TSG101/BAG3/TRPM4/ABHD17C/PTPN9/OXCT1/ABCA7/JAK2/NF2/ZDHHC3/EFCAB7/PLCB1/PRKG2/MAPK14/PDCD10/GPD1L/FLNA/PSEN1/RAB29/GPR137B/RER1/RAPGEF4/GPER1/YAP1/SLC51B/PPARG/CCT8/DZIP1/MAVS/CNPY4/POFUT4/ASPH/SNX33/RUFY3/NR1H2/B3GAT3/DMAP1/CRK/GLUD1/VPS35/PRKAR1A/VEGFC/DNM1L/ABHD17B/SMAD3/SORL1/ZDHHC8/HSP90AA1/NUP62/MYO18A/CFL1/HYAL2/NUMA1/NKD2/ACSL3/HIF1A/PARP9/PFKM/CDKN2A/EMD/PML",97
"GO:0007409","axonogenesis","91/2382","326/11712",0.279141104294479,1.37250235663179,3.4465079303644,0.000552941953938915,0.0223371665667537,0.0184299174362284,"NEXN/APBB2/CRABP2/RPS6KA5/USP33/RND2/EXT1/CXCL12/LAMA2/FLRT3/RAC3/NR4A3/PLXNB1/SRF/GLI2/EGR2/PLEKHG4/ABLIM1/KIF5B/GDNF/ARHGEF28/ROBO1/NRP2/SEMA3A/TGFB2/ULK2/SEMA6D/PTEN/TRAK2/KIAA1755/SCN1B/TTC8/GLI3/SPTBN4/GDF7/MAP1S/RAC1/EPHB3/ACTB/VEGFA/MAP1A/NECTIN1/EPHB2/KALRN/PTPN11/ARHGEF40/PALLD/VCL/ACTG1/SLITRK6/UNC5B/NOTCH1/SEMA3B/FAT4/MAP2K1/TSKU/PITPNA/ADARB1/CNTNAP1/CYFIP2/EPHB6/PSEN1/PRKG1/ROBO3/NDEL1/PLPPR4/BMPR1B/KIFBP/LLGL1/EPHA5/LMO4/FGFR2/EFNA4/SEMA6C/HOXA2/ARHGEF25/RUFY3/VASP/SPART/EPHA4/KIFC2/NGF/EVL/ALCAM/NRXN3/ADNP/USP9X/CDH4/ADAM17/ECE1/SIPA1L1",91
"GO:0048705","skeletal system morphogenesis","50/2382","159/11712",0.314465408805031,1.54618760198343,3.50364471583569,0.000588323000114201,0.0235864039136694,0.0194606363993119,"COL1A1/TMEM119/TGFBR2/PRRX1/EXT1/MYC/P2RX7/CITED2/COL3A1/ATG9A/TGFB2/SLC39A1/AXIN2/GLI3/TIPARP/VEGFA/COL11A1/EYA1/CBS/LOC102724560/MAPK14/SERPINH1/TSKU/PSEN1/RFLNB/SOX5/SOX9/OSR2/BMPR1B/BPNT2/FGFR2/STC1/HOXA2/FBN2/DHRS3/MTHFD1/SMAD3/FOXN3/HOXA3/COL27A1/HYAL2/PDGFRA/ZFAND5/PKD1/NLE1/WDR19/MTHFD1L/NAB1/PLEKHA1/INSIG1",50
"GO:0045667","regulation of osteoblast differentiation","37/2382","109/11712",0.339449541284404,1.66903149770064,3.54569777364574,0.000603084476892919,0.0239964139226867,0.0197989268710078,"TMEM119/CEBPD/ZHX3/TENT5A/DNAI3/PRKD1/SMAD1/IL6R/FERMT2/PTEN/CCN1/SUFU/TNFAIP6/AXIN2/GLI3/TWIST2/HDAC7/VEGFA/HGF/TRPM4/JAG1/FAM20C/NOTCH1/CRIM1/SOX9/YAP1/BMPR1B/PPARG/FGFR2/HOXA2/CDK6/FBN2/TMEM64/VEGFC/SMAD3/CCN4/RASSF2",37
"GO:0106106","cold-induced thermogenesis","38/2382","113/11712",0.336283185840708,1.65346291879361,3.52676841744031,0.000629737745980542,0.0248699414308136,0.0205196556977792,"ACSL1/RHEB/DDIT3/G0S2/LGR4/LEP/IGF1R/ADAMTS5/IGF2BP2/SCD/VEGFA/DIO2/BMAL1/RBPJ/JAK2/NOTCH1/RB1/PDGFC/MFAP2/KDM1A/HSF1/CAV1/ZNF423/EPAS1/ACOT13/NOVA1/ADIPOR2/LNPEP/NR1H2/TLE3/LPIN1/PER2/QKI/IP6K1/ADIPOR1/ADAM17/NPR3/ALMS1",38
"GO:0035886","vascular associated smooth muscle cell differentiation","11/2382","20/11712",0.55,2.70428211586902,3.85424331989882,0.000647556223450877,0.0250189812971843,0.0206426252975137,"SRF/PDCD4/SGCB/VEGFA/NOTCH1/ADM/GPER1/ENG/QKI/NFATC4/CTH",11
"GO:0032328","alanine transport","8/2382","12/11712",0.666666666666667,3.27791771620487,3.98898838380732,0.000650441690865849,0.0250189812971843,0.0206426252975137,"SLC6A6/SLC38A2/SLC36A1/SLC7A5/SLC38A1/SLC38A5/SLC36A4/SLC7A8",8
"GO:0050886","endocrine process","22/2382","55/11712",0.4,1.96675062972292,3.6310268247235,0.000652495170753392,0.0250189812971843,0.0206426252975137,"CORIN/RPS6KA2/NIBAN2/PREP/ANPEP/INHBB/LEP/C1QTNF1/PTPN11/RAB11FIP1/TMF1/SELENOM/RAB11FIP3/PPARG/TBX3/CYP19A1/TRPV6/INHBA/PCSK5/FZD4/ECE1/AGTR1",22
"GO:0043647","inositol phosphate metabolic process","15/2382","32/11712",0.46875,2.30478589420655,3.73439168995701,0.00066398185261797,0.0250189812971843,0.0206426252975137,"INPP5A/PLCB1/PPIP5K1/PRKG1/SCP2/ITPK1/GPER1/IPMK/ITPKB/PLCG2/IP6K1/SYNJ1/NUDT4/ITPKC/NUDT3",15
"GO:0046394","carboxylic acid biosynthetic process","66/2382","224/11712",0.294642857142857,1.44872256207269,3.42615297218104,0.000665372003831331,0.0250189812971843,0.0206426252975137,"ABAT/GLUL/ERRFI1/PRKAA1/ACSL1/ALOX15B/GLS/BRCA1/ELOVL1/SHMT2/UGP2/PLA2G4A/ACSS1/PRKAG2/HACD1/FADS3/ASNS/PHGDH/OSBPL3/SCD/SHMT1/BCAT2/HACD2/SCAP/PSAT1/CBS/LOC102724560/TRIB3/SLC38A1/ADI1/PNPLA8/MLYCD/PYCR2/OSBPL7/SCP2/ERLIN2/ABHD3/KLHL25/DAGLB/DEGS1/ACOX2/NANS/GPX4/NR1H2/GLUD1/GAMT/PYCR1/MTHFD1/UGDH/FGFR4/PER2/QKI/SERINC3/GGT5/HSD17B4/PDK4/CTH/PLOD3/ALOX5AP/GSTM2/MTHFD1L/ELOVL5/ME3/PTGS2/INSIG1/ACSS2",66
"GO:0043534","blood vessel endothelial cell migration","35/2382","102/11712",0.343137254901961,1.68716353039957,3.52185219430794,0.000669011169815001,0.0250189812971843,0.0206426252975137,"THBS1/AMOT/SRF/PRKD1/STAT5A/ROBO1/PACSIN2/HMOX1/ACVRL1/NR4A1/PIK3R3/HDAC7/VEGFA/RGCC/EPHB4/SH3BP1/EGR3/HSPB1/NOTCH1/PLK2/STARD13/EMP2/PDCD10/MAP2K3/RHOJ/HDAC5/PPARG/VEGFC/MECP2/DLL4/ADAM17/HIF1A/ATP5F1B/HDAC9/PTGS2",35
"GO:0150115","cell-substrate junction organization","35/2382","102/11712",0.343137254901961,1.68716353039957,3.52185219430794,0.000669011169815001,0.0250189812971843,0.0206426252975137,"LAMC1/ROCK2/PEAK1/THBS1/STON1/PIK3R1/FERMT2/ROCK1/PTEN/TLN1/SORBS1/ACVRL1/CORO2B/ANKRD28/RAC1/MAPRE2/VEGFA/WHAMM/ITGA2/LDB1/FAM107A/VCL/ACTG1/DUSP3/PIP5K1A/LAMA3/PLEC/GPM6B/DST/DAPK3/SMAD3/PHLDB2/CFL1/LIMS1/CORO1C",35
"GO:0030324","lung development","48/2382","152/11712",0.315789473684211,1.55269786557073,3.46543463442205,0.000675604008966375,0.0250189812971843,0.0206426252975137,"ERRFI1/CRISPLD2/TGFBR2/ADAMTS2/EXT1/LIF/ANXA2/SRF/GLI2/COL3A1/MOSMO/GLI3/PKDCC/VEGFA/ASXL1/CIC/SEC24B/RBPJ/HIPK2/NOTCH1/RXFP1/MAP2K1/RBBP9/RC3H2/CCBE1/HEG1/SOX9/YAP1/EPAS1/WNT2/FGFR2/SPRY2/ATP7A/ATXN1L/HS6ST1/MAPK3/ELK1/ZFPM2/PHF14/PDPN/TIMELESS/PPP1CA/RSPO2/PDGFRA/PLOD3/PKD1/IFT25/SREBF1",48
"GO:0061564","axon development","100/2382","366/11712",0.273224043715847,1.34340890008396,3.37254495033918,0.00068083451075515,0.0250189812971843,0.0206426252975137,"NEXN/APBB2/CRABP2/RPS6KA5/USP33/RND2/EXT1/CXCL12/LAMA2/FLRT3/VASH2/RAC3/NR4A3/PLXNB1/SRF/GLI2/EGR2/PLEKHG4/ABLIM1/KIF5B/GDNF/ARHGEF28/ROBO1/NRP2/SEMA3A/CASP3/TGFB2/ULK2/SEMA6D/PTEN/TRAK2/KIAA1755/SCN1B/TTC8/GLI3/SPTBN4/GDF7/MAP1S/RAC1/EPHB3/ACTB/VEGFA/MAP1A/NECTIN1/EPHB2/KALRN/PTPN11/ARHGEF40/PALLD/VCL/ACTG1/SLITRK6/JAK2/UNC5B/NOTCH1/SEMA3B/FAT4/MAP2K1/TSKU/PITPNA/SCARF1/ADARB1/CNTNAP1/CYFIP2/EPHB6/PSEN1/PRKG1/ROBO3/NDEL1/PLPPR4/BMPR1B/NREP/KIFBP/LLGL1/EPHA5/LMO4/FGFR2/EFNA4/SEMA6C/GPM6B/JUN/HOXA2/ARHGEF25/RUFY3/VASP/NCAM2/SPART/EPHA4/KIFC2/NGF/EVL/ALCAM/NRXN3/ADNP/USP9X/AP5Z1/CDH4/ADAM17/ECE1/SIPA1L1",100
"GO:0030323","respiratory tube development","49/2382","156/11712",0.314102564102564,1.54440353936576,3.45864923753574,0.000683318732558505,0.0250189812971843,0.0206426252975137,"ERRFI1/CRISPLD2/TGFBR2/ADAMTS2/EXT1/LIF/ANXA2/SRF/GLI2/COL3A1/MOSMO/GLI3/PKDCC/VEGFA/ASXL1/CIC/SEC24B/RBPJ/HIPK2/NOTCH1/RXFP1/MAP2K1/RBBP9/RC3H2/CCBE1/HEG1/SOX9/YAP1/EPAS1/WNT2/FGFR2/SPRY2/ATP7A/ATXN1L/HS6ST1/MAPK3/ELK1/ZFPM2/PCSK5/PHF14/PDPN/TIMELESS/PPP1CA/RSPO2/PDGFRA/PLOD3/PKD1/IFT25/SREBF1",49
"GO:0007517","muscle organ development","73/2382","253/11712",0.288537549407115,1.41870351748788,3.40189227811268,0.000691052793898847,0.0250189812971843,0.0206426252975137,"PRKAA1/SAP30/CFLAR/SVIL/LIF/MAFF/LAMA2/MYC/FKRP/FER1L6/S1PR1/KLF5/EGR2/CITED2/COL3A1/ATF3/CDON/TGFB2/SMTN/NLN/NR4A1/SGCB/FOXN2/MYL6/COL11A1/BMAL1/EGR3/SGCD/RBPJ/YBX3/POPDC1/BCL9/NOTCH1/NEGR1/RB1/NR2F2/MAPK14/ADARB1/CNTNAP1/TAGLN/COPRS/MRTFB/HEG1/TEAD4/CAV1/MEF2A/CAV2/WNT2/ABCC9/FGFR2/CENPF/MYL6B/PLEC/GPC1/NR1D2/ZFPM2/ENG/MEF2D/GPCPD1/SMAD3/SPEG/FHL1/DLL4/RCAN1/HDAC9/DPF3/BTG2/FBXO22/DMD/POU6F1/COL6A3/MYOZ2/EMD",73
"GO:0030048","actin filament-based movement","32/2382","91/11712",0.351648351648352,1.72901154261356,3.52744618963407,0.000692621371462634,0.0250189812971843,0.0206426252975137,"CACNB2/SUN2/ATP2A2/ATP1A1/NEDD4L/ANK2/ROCK1/SCN1B/PIK3CA/ACTN4/MYL6/KCNE3/TRPM4/SGCD/ACTA2/EMP2/GPD1L/FLNA/MYO1C/SRI/SCN7A/CAV1/GSN/ABCC9/ADORA1/MYL6B/STC1/KCNJ8/PARVA/PDPN/KCND3/QKI",32
"GO:1903522","regulation of blood circulation","51/2382","164/11712",0.310975609756098,1.52902869079069,3.44726610608478,0.000694971702699563,0.0250189812971843,0.0206426252975137,"CACNB2/TBX18/ADRA1B/ATP2A2/CORIN/CLIC2/MDM2/BDKRB2/ADM2/GCH1/ATP1A1/ANK2/HRH1/TGFB2/SCN1B/LEP/SPTBN4/CELF2/DMPK/KCNE3/TRPM4/ARHGAP42/POPDC1/CALM1/DOCK5/ADM/MAP2K1/GPD1L/FLNA/ADRA2A/SRI/CAV1/EPAS1/MEF2A/ABCC9/ADORA1/STC1/KCNJ8/ASPH/SLC8A1/CHRM2/KCNJ12/KCND3/PER2/RGS4/HSP90AA1/GSTM2/SREBF1/DMD/ECE1/AGTR1",51
"GO:0001649","osteoblast differentiation","58/2382","192/11712",0.302083333333333,1.48530646515533,3.42584333726855,0.000702250302140708,0.0251101932360042,0.0207178823135111,"COL1A1/TMEM119/CREB3L1/CEBPD/ZHX3/TENT5A/TMT1A/DNAI3/TPM4/PRKD1/GLI2/SMAD1/IL6R/FERMT2/PTEN/LGR4/CCN1/SUFU/TNFAIP6/AXIN2/GLI3/TWIST2/HDAC7/VEGFA/HGF/TRPM4/JAG1/FAM20C/NOTCH1/MAPK14/CAT/IARS1/CRIM1/RBMX/SOX9/YAP1/CCDC47/RRAS2/BMPR1B/PPARG/FGFR2/TP53INP2/GTPBP4/HOXA2/CDK6/H3-3A/FBN2/DDX21/TMEM64/VEGFC/CBFB/SMAD3/H3-3B/RSPO2/HSD17B4/CCN4/ATP5F1B/RASSF2",58
"GO:0141091","transforming growth factor beta receptor superfamily signaling pathway","78/2382","274/11712",0.284671532846715,1.39969479122617,3.3826399297939,0.000716942656791106,0.0254634935552922,0.0210093828355317,"TMEM119/TGFBR2/TSC22D1/SAP30/LTBP1/EXT1/STAT3/ZYX/THBS1/GDF15/HSP90AB1/FSTL3/TGIF1/CITED2/COL3A1/SPRED2/RGMB/SMAD1/FERMT2/FST/ING2/PEG10/INHBB/TGFB2/CDKN2B/CCN1/PDCD4/TNFAIP6/TGFB1I1/ACVRL1/GDF7/GDF5/GDF11/RGCC/NBL1/MICOS10-NBL1/ACVR1B/INHBE/FSTL1/RBPJ/HIPK2/BMPER/CILP/ITGB8/TGIF2/NOTCH1/TSKU/FURIN/RASL11B/CRIM1/COL1A2/ACVR1C/CAV1/ZNF423/CAV2/BMPR1B/NREP/PPARG/ITGA8/SPRY2/JUN/MAPK3/INHBA/CHRDL2/FBN2/ENG/SLC2A10/TMEM100/SPART/HIVEP1/SMAD3/SORL1/USP9X/ADAM17/NUMA1/CHRDL1/LPXN/PML",78
"GO:0006869","lipid transport","83/2382","295/11712",0.28135593220339,1.38339239209324,3.36981101298889,0.000730596457050489,0.0257110121179407,0.0212136050971115,"IRS2/ACSL1/CRABP2/TEX2/THBS1/STARD7/P2RX7/ANXA2/ABCA6/PLA2G4A/STX12/BDKRB2/CIDEC/VPS4A/ATG9A/LEP/OSBPL3/C1QTNF1/VMP1/PLEKHA8/CPT1A/VPS4B/NPC1/ABCA10/VDAC2/VAPA/PTPN11/SOAT1/PLSCR4/ABCA7/PITPNC1/TMF1/NFKBIA/SYT7/PITPNB/TPCN2/ATP10A/TSKU/PITPNA/ESYT2/VPS13D/FURIN/PNPLA8/SELENOM/OSBPL7/ATP11C/SCP2/CAV1/LPCAT3/PLPPR4/SLC51B/SLC66A2/DENND5B/AKR1C1/PPARG/NPC1L1/ABCC1/CYP19A1/KCNJ8/SLC27A4/MAPK3/INHBA/FZD4/PRELID2/NR1H2/ABCA4/SPART/ARL8B/STARD5/STOML1/ZDHHC8/GM2A/SERINC3/VAPB/CLPTM1L/EPRS1/ATP11B/ACSL3/ABCC3/ABCB4/PITPNM3/AGTR1/PTGS2",83
"GO:0120161","regulation of cold-induced thermogenesis","37/2382","110/11712",0.336363636363636,1.65385848408518,3.48129416730728,0.000733628652647213,0.0257110121179407,0.0212136050971115,"ACSL1/RHEB/DDIT3/G0S2/LGR4/LEP/IGF1R/ADAMTS5/SCD/VEGFA/DIO2/BMAL1/RBPJ/JAK2/NOTCH1/RB1/PDGFC/MFAP2/KDM1A/HSF1/CAV1/ZNF423/EPAS1/ACOT13/NOVA1/ADIPOR2/LNPEP/NR1H2/TLE3/LPIN1/PER2/QKI/IP6K1/ADIPOR1/ADAM17/NPR3/ALMS1",37
"GO:0002688","regulation of leukocyte chemotaxis","30/2382","84/11712",0.357142857142857,1.75602734796689,3.51359486961982,0.000750033839132856,0.0260601161795925,0.0215016433768846,"DUSP1/CCN3/CXCL12/OXSR1/THBS1/NEDD9/IL6R/IL34/CAMK1D/TNFAIP6/RAC1/VEGFA/NBL1/MICOS10-NBL1/SWAP70/LGMN/IL12A/DAPK2/CYP19A1/MOSPD2/MAPK3/MDK/CSF1/VEGFC/DNM1L/DDT/PTK2B/PGF/ADAM17/NINJ1",30
"GO:0055006","cardiac cell development","25/2382","66/11712",0.378787878787879,1.86245324784368,3.55014575690748,0.000755576854325526,0.0260601161795925,0.0215016433768846,"PDLIM5/TBX18/SRF/ALPK3/PARP2/PDCD4/SGCB/VEGFA/JAG1/MTOR/SGCD/POPDC1/FOXP1/NOTCH1/PRKG1/PDGFRB/OBSL1/MEF2A/TBX3/PLEC/INHBA/SLC8A1/CTCF/RGS4/PDGFRA",25
"GO:0120163","negative regulation of cold-induced thermogenesis","18/2382","42/11712",0.428571428571429,2.10723281756027,3.63207839538639,0.0007583631692474,0.0260601161795925,0.0215016433768846,"RHEB/DDIT3/LGR4/ADAMTS5/BMAL1/RBPJ/NOTCH1/RB1/ZNF423/ACOT13/NOVA1/LNPEP/NR1H2/TLE3/QKI/IP6K1/ADAM17/NPR3",18
"GO:0050727","regulation of inflammatory response","74/2382","258/11712",0.286821705426357,1.41026692441372,3.36685812738399,0.000768058540079408,0.0262230051232273,0.0216360395534763,"TSLP/SELENOS/TRIM45/CCN3/STAT3/STAT5B/MAP3K8/IL16/BCL6/DUSP10/STAT5A/ZDHHC9/GPRC5B/CASP3/PDCD4/MAPK7/TNFAIP6/WFDC1/HGF/TNIP1/TNFAIP3/CTSC/NFKBIA/JAK2/FOXP1/BRD4/RB1/PLK2/MAPK14/MKRN2/FURIN/METRNL/TNFRSF1B/GBA1/GIT1/GPER1/LPCAT3/IL17RB/PPARG/MFHAS1/NT5E/DAGLB/ADORA1/ABCC1/DNASE1/RELA/CYP19A1/NR1D2/IFI16/MAPK3/MDK/AKNA/IL17RA/NR1H2/CAMK2N1/PLCG2/NDFIP1/VPS35/SOCS5/IER3/SMAD3/ESR1/DDT/TYRO3/IL20RB/HYAL2/NFKBIZ/RORA/CCN4/AGTR1/NMI/DAGLA/NINJ1/PTGS2",74
"GO:0002062","chondrocyte differentiation","34/2382","99/11712",0.343434343434343,1.68862427804493,3.47660028579881,0.000779142469553221,0.0263410173683342,0.0217334089278455,"ZBTB16/TGFBR2/CCN3/EXT1/COL3A1/ACVRL1/AXIN2/GLI3/PKDCC/GDF5/COL11A1/PTPN11/RUNX1/PRKG2/RB1/MAPK14/SERPINH1/TSKU/RFLNB/SOX5/SOX9/OSR2/BMPR1B/ARID5A/BPNT2/SLC26A2/MDK/SMAD3/ADAMTS7/CREB3L2/COL27A1/HIF1A/CCN4/LNPK",34
"GO:0051146","striated muscle cell differentiation","63/2382","213/11712",0.295774647887324,1.45428743747117,3.38078489432806,0.000781470091993286,0.0263410173683342,0.0217334089278455,"TMEM119/PDLIM5/TBX18/SORT1/CCN3/CFLAR/MYC/ADAM12/FKRP/GDF15/SRF/KLF5/PRKD1/ALPK3/PARP2/CDON/CASP3/WDR1/NLN/ADAMTS5/SDC1/SGCB/VEGFA/DMPK/LMOD1/MTOR/SGCD/ACTG1/POPDC1/BCL9/FOXP1/NOTCH1/RB1/AKAP13/MAPK14/DOCK5/CNTNAP1/PRKG1/EZH2/PDGFRB/HDAC5/MAMSTR/OBSL1/MEF2A/CAV2/TBX3/PLEC/KCNJ8/SLC8A1/BNIP2/DYRK1B/PRKAR1A/CTCF/CHUK/TANC1/RGS4/PTGFRN/PDGFRA/RCAN1/HDAC9/CD9/FBXO22/MYOZ2",63
"GO:0007160","cell-matrix adhesion","57/2382","189/11712",0.301587301587302,1.48286753828316,3.3814516220527,0.000812014200409162,0.0270288790679559,0.0223009488749416,"VCAM1/ROCK2/PEAK1/ZYX/THBS1/ANXA2/SRF/BCL6/STON1/NID1/COL3A1/PIK3R1/FERMT2/ROCK1/PTEN/TLN1/SORBS1/ACVRL1/PLPP3/ITGA10/CORO2B/ANKRD28/RAC1/VEGFA/WHAMM/ITGA2/LDB1/FAM107A/JAG1/EDA/VCL/ACTG1/NF2/RRAS/ITGB8/EMP2/DUSP3/PIP5K1A/LYPD3/ITGA8/GPM6B/FBLN5/DAPK3/CDK6/CSF1/ITGA1/SMAD3/COL5A3/PPFIA2/PTK2B/PHLDB2/CFL1/PKD1/LIMS1/ITGBL1/CORO1C/CDKN2A",57
"GO:0046474","glycerophospholipid biosynthetic process","53/2382","173/11712",0.30635838150289,1.50632634935426,3.3899753545315,0.000815567826391277,0.0270288790679559,0.0223009488749416,"CDIPT/PRKAA1/IMPA2/ZRANB1/PCYT2/TMEM150A/PLA2G4A/GPAT3/PIK3R1/CDS2/ABHD5/PTEN/AGPAT2/PIK3CA/PIK3R3/PGAP1/MTMR14/CRLS1/PIK3CD/SH3YL1/DGKH/PIGA/INPP5D/EFR3B/INPP5K/SYNJ2/LPCAT3/PIP5K1A/ABHD3/BPNT2/PTDSS1/LCLAT1/SACM1L/ITPKB/FAR1/PLCG2/UBE3C/MTMR7/LPIN1/PI4KB/IP6K1/SLC44A2/SYNJ1/PISD/ACSL3/MPPE1/PGAP2/ITPKC/SH3GLB1/PITPNM3/PI4KA/PIK3C3/PLD1",53
"GO:0022407","regulation of cell-cell adhesion","88/2382","317/11712",0.277602523659306,1.36493734554903,3.32826442021545,0.000817199669477126,0.0270288790679559,0.0223009488749416,"ZBTB16/VCAM1/PRKAA1/SOX4/FOXO3/TGFBR2/MYADM/CXCL12/SMARCD2/STAT5B/NR4A3/MAP3K8/BCL6/FSTL3/GLI2/CITED2/TNFSF13B/DUSP10/STAT5A/GPNMB/SHB/IL6R/CASP3/LEP/MAPK7/C1QTNF1/ABL2/GLI3/PLPP3/EPHB3/ACTB/VEGFA/RGCC/PTPN11/UBASH3B/PIK3CD/JAG1/MTOR/EGR3/RUNX1/TMEM131L/JAK2/NF2/NOTCH1/BRD4/FLOT2/MAPK14/SWAP70/MAP2K1/IL12A/PRKG1/SOCS1/SPECC1L/RC3H2/CAV1/DUSP3/PAWR/CD274/TSPAN32/KLHL25/TNFSF9/GTPBP4/RELA/ITPKB/MAPK3/CD37/MDK/SPINT2/AKNA/GNRH1/ZBTB1/NDFIP1/PDPN/PRKAR1A/CBFB/SOCS5/DENND6A/ICOSLG/IL20RB/NFKBIZ/FUT4/SMARCB1/TJP1/CD9/MAGI1/CBLB/CDKN2A/KIFAP3",88
"GO:0050767","regulation of neurogenesis","75/2382","263/11712",0.285171102661597,1.40215111434619,3.33280896023153,0.000850568061871456,0.0279578023815139,0.023067383593611,"TRPC6/CRABP2/RND2/GORASP1/LIF/CXCL12/RHEB/PLXNB1/ANXA2/DAAM2/SRF/HMGB2/EGR2/DUSP10/MAPRE3/ROBO1/IL34/CUL7/CDON/ULK2/SEMA6D/PTEN/TRAK2/ARMCX5-GPRASP2/SPEN/GLI3/VEGFA/EPHB2/NAP1L1/BMAL1/TENM4/MTOR/NF2/NOTCH1/NEGR1/RB1/IGDCC4/SLC7A5/KDM1A/MAP2K1/ZNF365/PSEN1/EZH2/ROBO3/TNFRSF1B/HOOK3/OBSL1/GPER1/ANKRD27/RNF10/YAP1/IDH2/WNT2/ETV5/SEMA6C/RELA/MDK/RUFY3/FZD4/SPART/EPHA4/VEGFC/SORL1/NGF/MECP2/PER2/QKI/ADNP/FXR2/DLL4/NFATC4/CDH4/HIF1A/BTG2/KIFAP3",75
"GO:0030183","B cell differentiation","32/2382","92/11712",0.347826086956522,1.7102179388895,3.4554891565352,0.000858192794121464,0.0280342979413012,0.0231304984406487,"VCAM1/KLF6/STAT5B/BCL6/TNFSF13B/STAT5A/PIK3R1/PIK3R3/ZFP36L2/PIK3CD/LFNG/RBPJ/TCF3/CEBPG/INPP5D/EZH2/ZFP36L1/HDAC5/SYVN1/BLNK/BCL3/ITFG2/DCAF1/INHBA/PHF14/ZBTB1/PLCG2/PTK2B/NFKBIZ/ADAM17/ST3GAL1/HDAC9",32
"GO:0042060","wound healing","84/2382","301/11712",0.27906976744186,1.37215160213227,3.30497619184808,0.000892873006684127,0.0289882451004442,0.0239175797980353,"RAP2B/HPS5/EXT1/THBS1/ANGPTL2/ANXA2/SRF/PLA2G4A/RAF1/COL3A1/IL6R/PRKCE/FERMT2/VPS4A/MYL12A/TGFB2/PTEN/TLN1/PIK3CA/B4GALT1/C1QTNF1/HMOX1/CNN2/TSPAN8/ACVRL1/ACTB/ANGPTL1/VEGFA/WFDC1/VPS4B/KANK1/EPHB2/ITGA2/CDKN1A/UBASH3B/HPS4/MTOR/TNFAIP3/VCL/HSPB1/ACTG1/JAK2/ANGPTL7/DGKH/SYT7/MAPK14/PDCD10/TSKU/COL5A1/FLNA/PRKG1/C1GALT1C1/ADRA2A/CAV1/ITPK1/YAP1/HPS6/GNA12/TSPAN32/PPARG/FZD6/PLEC/DST/ADIPOR2/F10/CORO1B/ENG/PLCG2/CRK/PDPN/ARL8B/C6orf89/SMAD3/MRTFA/PHLDB2/TYRO3/PDGFRA/ADAM17/TOR1A/HIF1A/CCN4/AHNAK/CD9/LNPK",84
"GO:0002683","negative regulation of immune system process","100/2382","369/11712",0.2710027100271,1.33248687650604,3.27907063736025,0.000917145023656874,0.0295947040560499,0.0244179560855502,"DUSP1/SAMHD1/PRKAA1/SELENOS/TSC22D3/ELF1/CCN3/TSC22D1/CXCL12/MYC/THBS1/GPR68/GDF15/BCL6/FSTL3/GRAMD4/DUSP10/STAT5A/COL3A1/ZDHHC9/GPNMB/PIK3R1/ZDHHC12/ATG9A/CASP3/TGFB2/SQSTM1/LGR4/TNFAIP6/FRK/HMOX1/CNN2/GLI3/YPEL4/LRCH1/NBL1/MICOS10-NBL1/TNFRSF11B/PTPN11/UBASH3B/MTOR/RUNX1/TNFAIP3/TMEM131L/PLCB1/ZDHHC18/PLK2/MAPK14/INPP5D/MKRN2/IRAK3/FURIN/SERPINB9/RIOK3/SOCS1/GPR137B/NPLOC4/ERBIN/RC3H2/SYVN1/PIM1/ZBTB46/GPER1/SOX9/DUSP3/PAWR/CD274/TSPAN32/AARS2/PPARG/MFHAS1/ADORA1/LRRC17/CYP19A1/CDK6/IFI16/MAPK3/CD37/INHBA/MDK/GNRH1/NR1H2/NECTIN2/TMBIM6/CRK/NDFIP1/PRKAR1A/CBFB/SOCS5/QKI/OTUD4/DDT/UBQLN1/TYRO3/IL20RB/CBLB/NMI/LPXN/CDKN2A/TOB2",100
"GO:0014902","myotube differentiation","30/2382","85/11712",0.352941176470588,1.7353682026967,3.43801305016473,0.000937131001587219,0.0299782196550955,0.0247343865873685,"TMEM119/SORT1/CCN3/CFLAR/MYC/ADAM12/FKRP/GDF15/KLF5/CDON/NLN/ADAMTS5/DMPK/MTOR/BCL9/NOTCH1/MAPK14/DOCK5/CNTNAP1/HDAC5/MAMSTR/CAV2/PLEC/DYRK1B/TANC1/PTGFRN/RCAN1/HDAC9/CD9/FBXO22",30
"GO:0010817","regulation of hormone levels","91/2382","331/11712",0.274924471299094,1.35176969263433,3.28026742897556,0.000940359875802316,0.0299782196550955,0.0247343865873685,"ABAT/PNPLA2/IRS2/SOX4/CRABP2/FOXO1/CCN3/LIF/STAT5B/GPR68/CORIN/HSD17B11/ADH1B/PRKD1/SLC16A2/RAF1/NIBAN2/NR3C1/PREP/ANPEP/ATP1A1/PRKCE/NADK/INHBB/LEP/ADH1C/C1QTNF1/TM7SF3/RAC1/TIPARP/BCAT2/CPT1A/ADCY8/DIO2/PTPN11/BMAL1/RAB11FIP1/TRPM4/PLB1/SIDT2/OXCT1/TMF1/HSD17B6/JAK2/PLCB1/SYT7/SLC7A5/ADM/FURIN/CPA4/ADRA2A/JAGN1/GCNT4/SELENOM/SRI/ACVR1C/SCP2/RAPGEF4/GPER1/RAB11FIP3/IRS1/AKR1C1/PPARG/EPHA5/STXBP4/ADORA1/TBX3/PCSK7/CYP19A1/TRPV6/ADH6/INHBA/PCSK5/FZD4/DHRS3/GLUD1/PRKAR1A/PER2/LIPE/ESR1/ITSN1/HSD17B4/PDGFRA/SRD5A3/SLC7A8/HIF1A/SREBF1/PFKM/ECE1/AGTR1/PLEKHA1",91
"GO:0030856","regulation of epithelial cell differentiation","34/2382","100/11712",0.34,1.67173803526448,3.40857985773356,0.000953633332726272,0.0301237421418931,0.0248544540725967,"ERRFI1/ALOX15B/ROCK2/LIF/MAFF/NCOA3/STAT5B/AQP3/STAT5A/SPRED2/GDNF/FST/ROCK1/ACVRL1/VEGFA/JAG1/VCL/PLCB1/NOTCH1/FRZB/EZH2/ZFP36L1/AHI1/CAV1/SOX9/YAP1/BTG1/TBX3/SPRY2/IKBKB/TMEM100/XDH/NUMA1/TRIM16",34
"GO:0043589","skin morphogenesis","7/2382","10/11712",0.7,3.44181360201511,3.90309847747054,0.000956309274345812,0.0301237421418931,0.0248544540725967,"COL1A1/ERRFI1/SRF/AHDC1/ITGA2/PSEN1/COL1A2",7
"GO:0016053","organic acid biosynthetic process","66/2382","227/11712",0.290748898678414,1.42957644891754,3.30228794858403,0.00097899698375498,0.0303802167691872,0.025066065791182,"ABAT/GLUL/ERRFI1/PRKAA1/ACSL1/ALOX15B/GLS/BRCA1/ELOVL1/SHMT2/UGP2/PLA2G4A/ACSS1/PRKAG2/HACD1/FADS3/ASNS/PHGDH/OSBPL3/SCD/SHMT1/BCAT2/HACD2/SCAP/PSAT1/CBS/LOC102724560/TRIB3/SLC38A1/ADI1/PNPLA8/MLYCD/PYCR2/OSBPL7/SCP2/ERLIN2/ABHD3/KLHL25/DAGLB/DEGS1/ACOX2/NANS/GPX4/NR1H2/GLUD1/GAMT/PYCR1/MTHFD1/UGDH/FGFR4/PER2/QKI/SERINC3/GGT5/HSD17B4/PDK4/CTH/PLOD3/ALOX5AP/GSTM2/MTHFD1L/ELOVL5/ME3/PTGS2/INSIG1/ACSS2",66
"GO:0042307","positive regulation of protein import into nucleus","15/2382","33/11712",0.454545454545455,2.23494389741241,3.58945419995646,0.000990480169435313,0.0303802167691872,0.025066065791182,"PRKD1/PIK3R1/LEP/GLI3/BAG3/JAK2/EFCAB7/MAPK14/FLNA/PSEN1/MAVS/DMAP1/SMAD3/HSP90AA1/HYAL2",15
"GO:0097178","ruffle assembly","15/2382","33/11712",0.454545454545455,2.23494389741241,3.58945419995646,0.000990480169435313,0.0303802167691872,0.025066065791182,"STON1/AIF1L/RAC1/KANK1/SH3BP1/SH3YL1/PFN2/INPP5K/NDEL1/CAV1/PIP5K1A/EVL/DEF8/EPS8/CORO1C",15
"GO:0042306","regulation of protein import into nucleus","21/2382","53/11712",0.39622641509434,1.94819637849912,3.49568767330591,0.000994088121282782,0.0303802167691872,0.025066065791182,"PRKD1/PIK3R1/SUFU/LEP/GLI3/CHP1/BAG3/NFKBIA/JAK2/EFCAB7/MAPK14/FLNA/PSEN1/PKIA/MDFIC/MAVS/DMAP1/SMAD3/HSP90AA1/HYAL2/YWHAB",21
"GO:0007519","skeletal muscle tissue development","41/2382","127/11712",0.322834645669291,1.58733810666614,3.36255245159707,0.000995105531843275,0.0303802167691872,0.025066065791182,"PRKAA1/SAP30/CFLAR/SVIL/MAFF/MYC/FKRP/FER1L6/KLF5/EGR2/CITED2/ATF3/CDON/NLN/NR4A1/FOXN2/MYL6/BMAL1/YBX3/POPDC1/BCL9/NOTCH1/RB1/NR2F2/MAPK14/CNTNAP1/CAV1/CAV2/ABCC9/MYL6B/PLEC/GPC1/NR1D2/GPCPD1/RCAN1/HDAC9/BTG2/FBXO22/DMD/MYOZ2/EMD",41
"GO:0001892","embryonic placenta development","23/2382","60/11712",0.383333333333333,1.8848026868178,3.47175338131921,0.00100061430654081,0.0303802167691872,0.025066065791182,"LIF/VASH2/FZD5/CITED2/CCN1/RBPJ/PRDM1/NR2F2/E2F7/ADM/MAP2K1/HSF1/ZFP36L1/EPAS1/WNT2/DNAJB6/PKD2/FGFR2/HS6ST1/SPINT2/TFEB/PKD1/HIF1A",23
"GO:1902107","positive regulation of leukocyte differentiation","42/2382","131/11712",0.320610687022901,1.57640317649547,3.35209277290056,0.00101508720539694,0.0303802167691872,0.025066065791182,"ZBTB16/SOX4/FOXO3/TGFBR2/LIF/SMARCD2/STAT5B/GPR68/BCL6/GLI2/DUSP10/STAT5A/NEDD9/SHB/IL34/GLI3/ACTB/EGR3/RUNX1/BRD4/RB1/INPP5D/SOCS1/EEIG1/HSF1/ZFP36L1/ZBTB46/KLHL25/TNFSF9/ACIN1/ITPKB/MDK/CSF1/ZBTB1/TMEM64/CBFB/SOCS5/KLF10/NFKBIZ/SMARCB1/TOX/CORO1C",42
"GO:1903708","positive regulation of hemopoiesis","42/2382","131/11712",0.320610687022901,1.57640317649547,3.35209277290056,0.00101508720539694,0.0303802167691872,0.025066065791182,"ZBTB16/SOX4/FOXO3/TGFBR2/LIF/SMARCD2/STAT5B/GPR68/BCL6/GLI2/DUSP10/STAT5A/NEDD9/SHB/IL34/GLI3/ACTB/EGR3/RUNX1/BRD4/RB1/INPP5D/SOCS1/EEIG1/HSF1/ZFP36L1/ZBTB46/KLHL25/TNFSF9/ACIN1/ITPKB/MDK/CSF1/ZBTB1/TMEM64/CBFB/SOCS5/KLF10/NFKBIZ/SMARCB1/TOX/CORO1C",42
"GO:0110053","regulation of actin filament organization","63/2382","215/11712",0.293023255813953,1.44075918223888,3.29575849441579,0.00101611836132769,0.0303802167691872,0.025066065791182,"WASF3/ARPC5/MYADM/ROCK2/SVIL/CXCL12/SYNPO2/DNAI3/AMOT/SSH2/S1PR1/DAAM2/CARMIL1/CYRIA/PIK3R1/PRKCE/FERMT2/GMFB/ROCK1/WDR1/CDC42EP3/PIK3CA/TTC8/SPTBN4/CORO2B/RAC1/RGCC/KANK1/WHAMM/ARF1/WASF1/LMOD1/SH3BP1/MTOR/DSTN/ACTG1/NF2/GBA2/SWAP70/PFN2/CYFIP2/FLNA/INPP5K/SPECC1L/LPAR1/FHOD1/GSN/SNX9/MTSS1/ARHGAP28/VASP/WASHC4/CORO1B/SMAD3/EVL/RGS4/PTK2B/FCHSD1/PHLDB2/CFL1/EPS8/TJP1/ALMS1",63
"GO:0032332","positive regulation of chondrocyte differentiation","10/2382","18/11712",0.555555555555556,2.73159809683739,3.71474369975788,0.00103577491688107,0.0304517825563035,0.0251251131884367,"ZBTB16/ACVRL1/GLI3/PKDCC/GDF5/PRKG2/SOX5/SOX9/BMPR1B/SMAD3",10
"GO:0032495","response to muramyl dipeptide","10/2382","18/11712",0.555555555555556,2.73159809683739,3.71474369975788,0.00103577491688107,0.0304517825563035,0.0251251131884367,"ARHGEF2/JAG1/TNFAIP3/NFKBIA/NOTCH1/MAPK14/ERBIN/RELA/NAGK/LDOC1",10
"GO:0070168","negative regulation of biomineral tissue development","10/2382","18/11712",0.555555555555556,2.73159809683739,3.71474369975788,0.00103577491688107,0.0304517825563035,0.0251251131884367,"ROCK2/CDON/ROCK1/TRPM4/NOTCH1/RFLNB/SOX9/ENPP1/PTK2B/HIF1A",10
"GO:0010594","regulation of endothelial cell migration","44/2382","139/11712",0.316546762589928,1.55642136165123,3.33438132910637,0.00104762944937045,0.0304766383206253,0.0251456211469057,"GLUL/RHOB/THBS1/AMOT/SPARC/PRKD1/STAT5A/NRP2/HMOX1/ACVRL1/PLPP3/RAC1/HDAC7/VEGFA/RGCC/SH3BP1/PIK3CD/HSPB1/BMPER/RRAS/FOXP1/NOTCH1/PLK2/NR2F2/STARD13/EMP2/PDCD10/LGMN/MAP2K3/RHOJ/HDAC5/CCBE1/PPARG/STC1/VEGFC/MECP2/PTK2B/DLL4/AAMP/ADAM17/HIF1A/ATP5F1B/HDAC9/PTGS2",44
"GO:0002040","sprouting angiogenesis","37/2382","112/11712",0.330357142857143,1.62432529686938,3.35442430581001,0.00107128809818772,0.0304766383206253,0.0251456211469057,"GLUL/CREB3L1/THBS1/SRF/SMAD1/ROBO1/PACSIN2/HMOX1/VSTM4/ACVRL1/NR4A1/PIK3R3/CEMIP2/HDAC7/VEGFA/EPHB4/EGR3/BMPER/NOTCH1/PLK2/STARD13/E2F7/PDCD10/IL12A/RHOJ/HDAC5/CCBE1/EPN2/PARVA/VEGFC/PTK2B/DLL4/PGF/HDAC9/TJP1/AGTR1/PTGS2",37
"GO:0010876","lipid localization","85/2382","307/11712",0.276872964169381,1.36135019158346,3.24173029339768,0.00108303359030066,0.0304766383206253,0.0251456211469057,"PNPLA2/IRS2/ACSL1/CRABP2/TEX2/THBS1/STARD7/P2RX7/ANXA2/ABCA6/PLA2G4A/STX12/BDKRB2/CIDEC/VPS4A/ABHD5/ATG9A/LEP/OSBPL3/C1QTNF1/VMP1/PLEKHA8/CPT1A/VPS4B/NPC1/ABCA10/VDAC2/VAPA/PTPN11/SOAT1/PLSCR4/ABCA7/PITPNC1/TMF1/NFKBIA/SYT7/PITPNB/TPCN2/ATP10A/TSKU/PITPNA/ESYT2/VPS13D/FURIN/PNPLA8/SELENOM/OSBPL7/ATP11C/SCP2/CAV1/LPCAT3/PLPPR4/SLC51B/SLC66A2/DENND5B/AKR1C1/PPARG/NPC1L1/ABCC1/CYP19A1/KCNJ8/SLC27A4/MAPK3/INHBA/FZD4/PRELID2/NR1H2/ABCA4/SPART/ARL8B/STARD5/STOML1/ZDHHC8/GM2A/SERINC3/VAPB/CLPTM1L/EPRS1/ATP11B/ACSL3/ABCC3/ABCB4/PITPNM3/AGTR1/PTGS2",85
"GO:0048562","embryonic organ morphogenesis","55/2382","183/11712",0.300546448087432,1.47774979009236,3.2912227577943,0.00108536263625356,0.0304766383206253,0.0251456211469057,"TBX18/TGFBR2/PRRX1/TTC39C/MYC/NR4A3/SRF/SPARC/FZD5/CITED2/SLC39A1/SUFU/GLI3/RAC1/NECTIN1/COL11A1/EPHB2/TEAD2/BBS7/SEC24B/HIPK2/SLITRK6/EYA1/MICAL2/NOTCH1/MFAP2/FRZB/PSEN1/FOXF2/SOBP/AHI1/SOX9/OSR2/YAP1/IFT172/PKD2/FZD6/ITGA8/TBX3/FGFR2/SPRY2/WHRN/HOXA2/MAPK3/FBN2/ENG/MTHFD1/BLOC1S5/SMAD3/HOXA3/PDGFRA/HIF1A/WDR19/MTHFD1L/INSIG1",55
"GO:0032963","collagen metabolic process","29/2382","82/11712",0.353658536585366,1.73889537384039,3.3925562994321,0.00109024506538563,0.0304766383206253,0.0251456211469057,"COL1A1/KLF15/MFAP4/ERRFI1/CREB3L1/ADAMTS2/ADAMTS14/P2RX7/IL6R/PCOLCE/RGCC/ITGA2/MMP15/RUNX1/NOTCH1/SERPINH1/COL5A1/FURIN/COL1A2/MMP19/TRAM2/CST3/LARP6/INHBA/C6orf89/P3H1/CTSS/PLOD3/HIF1A",29
"GO:0048041","focal adhesion assembly","29/2382","82/11712",0.353658536585366,1.73889537384039,3.3925562994321,0.00109024506538563,0.0304766383206253,0.0251456211469057,"ROCK2/PEAK1/THBS1/STON1/FERMT2/ROCK1/PTEN/TLN1/SORBS1/ACVRL1/CORO2B/ANKRD28/RAC1/VEGFA/WHAMM/ITGA2/LDB1/FAM107A/VCL/ACTG1/DUSP3/PIP5K1A/GPM6B/DAPK3/SMAD3/PHLDB2/CFL1/LIMS1/CORO1C",29
"GO:0045165","cell fate commitment","50/2382","163/11712",0.306748466257669,1.50824434794703,3.3015753727849,0.00109351288028083,0.0304766383206253,0.0251456211469057,"ARHGEF2/TBX18/ZNF521/PRRX1/EXT1/STAT3/GLI2/STAT5A/SMAD1/IL6R/MCL1/CDON/CASP3/TGFB2/SUFU/TGFB1I1/GLI3/GDF7/TENM4/JAG1/MTOR/EHMT2/RBPJ/PRDM1/EYA1/NOTCH1/BRD4/NR2F2/TCF3/CHD4/PSEN1/TEAD3/SOX5/TEAD4/SOX9/EPAS1/CDC73/WNT2/PPARG/LMO4/TBX3/FGFR2/SPRY2/PROX2/HOXA2/PDPN/DLL4/JAG2/TOX/PML",50
"GO:0032102","negative regulation of response to external stimulus","74/2382","261/11712",0.283524904214559,1.39405695976529,3.25300398922312,0.00109418013142422,0.0304766383206253,0.0251456211469057,"DUSP1/SAMHD1/SELENOS/TRIM45/CCN3/STAT3/THBS1/ANXA2/DUSP10/ROBO1/PTEN/MAPK7/TNFAIP6/FRK/C1QTNF1/TSPAN8/WFDC1/NBL1/MICOS10-NBL1/HGF/UBASH3B/MTOR/TNFAIP3/ZDHHC18/NOTCH1/RB1/PLK2/MAPK14/INPP5D/MKRN2/IRAK3/FURIN/SERPINB9/PPM1B/PRKG1/METRNL/ROBO3/TNFRSF1B/GBA1/GIT1/PIM1/GPER1/LPCAT3/DUSP3/PPARG/MFHAS1/MICB/NT5E/ADORA1/CYP19A1/NR1D2/NT5C2/IFI16/MDK/NR1H2/CORO1B/NECTIN2/CRK/NDFIP1/VPS35/EPHA4/SOCS5/IER3/SMAD3/TRIM38/DDT/PHLDB2/TYRO3/IL20RB/PDGFRA/RORA/RNF26/CD9/NMI",74
"GO:0061036","positive regulation of cartilage development","13/2382","27/11712",0.481481481481481,2.36738501725907,3.59406053622168,0.00110645045563442,0.0304766383206253,0.0251456211469057,"ZBTB16/SMAD1/CCN1/ACVRL1/GLI3/PKDCC/GDF5/PRKG2/SOX5/SOX9/BMPR1B/MDK/SMAD3",13
"GO:0044342","type B pancreatic cell proliferation","11/2382","21/11712",0.523809523809524,2.57550677701811,3.65116231228796,0.00111119060317255,0.0304766383206253,0.0251456211469057,"ERRFI1/IRS2/CCN3/NR4A3/SERPINB1/RAF1/CDK4/NR4A1/SIDT2/MAP2K1/BTBD10",11
"GO:0035150","regulation of tube size","33/2382","97/11712",0.34020618556701,1.67275182424888,3.36169409535735,0.00111148737639469,0.0304766383206253,0.0251456211469057,"ADRA1B/ROCK2/EXT1/GCLM/BDKRB2/ROCK1/HRH1/LEP/VSTM4/VEGFA/PTPN11/TRPM4/ARHGAP42/ACTA2/CBS/LOC102724560/DOCK5/ADM/MAP2K1/PRKG1/ADRA2A/CAV1/GPER1/ABCC9/ADORA1/KCNMA1/KCNJ8/SLC8A1/ITGA1/PER2/PLOD3/ECE1/AGTR1",33
"GO:0035296","regulation of tube diameter","33/2382","97/11712",0.34020618556701,1.67275182424888,3.36169409535735,0.00111148737639469,0.0304766383206253,0.0251456211469057,"ADRA1B/ROCK2/EXT1/GCLM/BDKRB2/ROCK1/HRH1/LEP/VSTM4/VEGFA/PTPN11/TRPM4/ARHGAP42/ACTA2/CBS/LOC102724560/DOCK5/ADM/MAP2K1/PRKG1/ADRA2A/CAV1/GPER1/ABCC9/ADORA1/KCNMA1/KCNJ8/SLC8A1/ITGA1/PER2/PLOD3/ECE1/AGTR1",33
"GO:0097746","blood vessel diameter maintenance","33/2382","97/11712",0.34020618556701,1.67275182424888,3.36169409535735,0.00111148737639469,0.0304766383206253,0.0251456211469057,"ADRA1B/ROCK2/EXT1/GCLM/BDKRB2/ROCK1/HRH1/LEP/VSTM4/VEGFA/PTPN11/TRPM4/ARHGAP42/ACTA2/CBS/LOC102724560/DOCK5/ADM/MAP2K1/PRKG1/ADRA2A/CAV1/GPER1/ABCC9/ADORA1/KCNMA1/KCNJ8/SLC8A1/ITGA1/PER2/PLOD3/ECE1/AGTR1",33
"GO:1903053","regulation of extracellular matrix organization","22/2382","57/11712",0.385964912280702,1.89774183569756,3.43288931041502,0.0011496765819342,0.0313612807814216,0.025875520682925,"LAMC1/CFLAR/STAT3/LAMA2/LAMB1/NID1/TGFB2/AXIN2/RGCC/RUNX1/ANGPTL7/NOTCH1/RB1/TNFRSF1B/SOX9/PPARG/TIMP3/CST3/SLC2A10/PDPN/FGFR4/SMAD3",22
"GO:0045017","glycerolipid biosynthetic process","59/2382","200/11712",0.295,1.45047858942065,3.24668989256111,0.00120836880549801,0.0327932703522845,0.0270570245895047,"PNPLA2/CDIPT/PRKAA1/IMPA2/ACSL1/ZRANB1/PCYT2/TMEM150A/PLA2G4A/GPAT3/PIK3R1/CDS2/ABHD5/PTEN/AGPAT2/PIK3CA/PIK3R3/PGAP1/MTMR14/CRLS1/PIK3CD/SH3YL1/DGKH/PIGA/INPP5D/EFR3B/INPP5K/SYNJ2/LPCAT3/PIP5K1A/ABHD3/BPNT2/DAGLB/PTDSS1/LCLAT1/SACM1L/ITPKB/NR1H2/FAR1/PLCG2/UBE3C/MTMR7/LPIN1/PI4KB/IP6K1/SLC44A2/SYNJ1/PISD/ACSL3/MPPE1/PGAP2/ITPKC/SH3GLB1/SREBF1/PITPNM3/PI4KA/DAGLA/PIK3C3/PLD1",59
"GO:0008286","insulin receptor signaling pathway","36/2382","109/11712",0.330275229357798,1.62392253830333,3.30663169461025,0.00124873838621818,0.033702769567171,0.0278074329006296,"IRS2/PRKAA1/FOXO1/RAF1/PIK3R1/CUL7/LEP/PIK3CA/SORBS1/IGF1R/PIK3R3/PHIP/KANK1/SESN3/PTPN11/MTOR/TRIB3/INPP5K/SOCS1/NDEL1/IRS1/PID1/CAV2/EIF4EBP2/STXBP4/RELA/SOS2/SNX5/SLC27A4/ENPP1/MAPK3/SORL1/ADIPOR1/PDK4/SREBF1/PTPRE",36
"GO:0050708","regulation of protein secretion","54/2382","180/11712",0.3,1.47506297229219,3.24535466049762,0.00125461935085652,0.033702769567171,0.0278074329006296,"ABAT/IRS2/SOX4/FOXO1/CCN3/GPR68/P2RX7/PRKCE/NADK/INHBB/TGFB2/LEP/ANG/TM7SF3/RAC1/CPT1A/ADCY8/PTPN11/BMAL1/RAB11FIP1/TRPM4/SIDT2/OXCT1/JAK2/PLCB1/SYT7/DPH3/IL12A/ADRA2A/JAGN1/SRI/ACVR1C/RAPGEF4/GPER1/RAB11FIP3/IRS1/IDH2/PPARG/EPHA5/STXBP4/POFUT4/NR1H2/GLUD1/VPS35/PRKAR1A/VEGFC/DNM1L/P3H1/PER2/MYO18A/HIF1A/SREBF1/PFKM/ERP29",54
"GO:0046883","regulation of hormone secretion","49/2382","160/11712",0.30625,1.50579345088161,3.25485503066626,0.00126757116224464,0.0337084753296415,0.0278121406029663,"ABAT/IRS2/SOX4/FOXO1/CCN3/LIF/GPR68/PRKD1/PRKCE/NADK/INHBB/LEP/C1QTNF1/TM7SF3/RAC1/CPT1A/ADCY8/PTPN11/BMAL1/RAB11FIP1/TRPM4/SIDT2/OXCT1/TMF1/JAK2/PLCB1/SYT7/ADRA2A/JAGN1/SRI/ACVR1C/RAPGEF4/GPER1/RAB11FIP3/IRS1/PPARG/EPHA5/STXBP4/ADORA1/CYP19A1/INHBA/GLUD1/PRKAR1A/PER2/ITSN1/HIF1A/SREBF1/PFKM/AGTR1",49
"GO:0090257","regulation of muscle system process","49/2382","160/11712",0.30625,1.50579345088161,3.25485503066626,0.00126757116224464,0.0337084753296415,0.0278121406029663,"ABAT/ERRFI1/CACNB2/ANXA6/FOXO3/FOXO1/ADRA1B/ROCK2/LMCD1/ATP2A2/NR4A3/SRF/CLIC2/PRKD1/ATP1A1/PARP2/ANK2/ROCK1/DMPK/ITGA2/TRPM4/ARHGAP42/FBXO32/FOXP1/NOTCH1/CALM1/DOCK5/MAP2K1/PRKG1/ADRA2A/TNFRSF1B/SRI/CAV1/GPER1/MEF2A/PPARG/ADORA1/STC1/DAPK3/ASPH/SLC8A1/CHRM2/SMAD3/RGS4/HSP90AA1/GSTM2/NPR3/DMD/ADGRD1",49
"GO:0002931","response to ischemia","19/2382","47/11712",0.404255319148936,1.98767350876253,3.42804891237107,0.00128599988979689,0.0338582657552495,0.0279357294730428,"ROCK2/STAT3/P2RX7/AQP3/CAMK2A/SQSTM1/FAIM2/MAP3K5/POPDC1/MAP2K3/MLYCD/CAV1/RELA/KCNJ8/CSF1/PER2/PINK1/RCAN1/NPR3",19
"GO:0045670","regulation of osteoclast differentiation","19/2382","47/11712",0.404255319148936,1.98767350876253,3.42804891237107,0.00128599988979689,0.0338582657552495,0.0279357294730428,"GPR68/CAMK4/FSTL3/NEDD9/PIK3R1/TNFAIP6/TNFRSF11B/UBASH3B/MTOR/INPP5D/EEIG1/GPR137B/LRRC17/CSF1/TMEM64/KLF10/RASSF2/CORO1C/TOB2",19
"GO:0001974","blood vessel remodeling","16/2382","37/11712",0.432432432432432,2.12621689699775,3.46674185222951,0.00131157915706285,0.0343607767285971,0.02835034050806,"EXT1/LIF/MDM2/TGFB2/ACVRL1/JAG1/RBPJ/TMBIM1/CBS/LOC102724560/EPAS1/ATP7A/CST3/HOXA3/DLL4/NPR3",16
"GO:0032868","response to insulin","62/2382","213/11712",0.291079812206573,1.43120350989227,3.20899543412428,0.0013290495343889,0.03464694648269,0.0285864530393838,"COL1A1/KLF15/ERRFI1/IRS2/PRKAA1/SELENOS/FOXO1/SORT1/CFLAR/RAF1/PIK3R1/CUL7/INHBB/LEP/PIK3CA/SORBS1/IGF1R/RAB31/SESN2/PIK3R3/SGCB/PHIP/KANK1/SESN3/PTPN11/MTOR/SCAP/RB1/TRIB3/MAPK14/CAT/MYO1C/INPP5K/SOCS1/ZFP36L1/HDAC5/NDEL1/ACVR1C/EPM2AIP1/IRS1/TBC1D4/PID1/CAV2/EIF4EBP2/PPARG/STXBP4/RELA/SOS2/SNX5/KCNJ8/SLC27A4/ENPP1/MAPK3/LPIN1/SORL1/ADIPOR1/PDK4/EPRS1/SREBF1/HDAC9/PTPRE/INSIG1",62
"GO:0048608","reproductive structure development","61/2382","209/11712",0.291866028708134,1.43506923939113,3.20666069758139,0.00134611350587745,0.0348362914409623,0.0287426775066857,"ERRFI1/ADAMTS1/FOXO3/ALOX15B/PTX3/STAT5B/HMGB2/CITED2/STAT5A/FST/ING2/INHBB/CASP3/TGFB2/LGR4/LEP/TNFAIP6/ANG/UBB/GDF7/RAC1/TIPARP/VEGFA/RHOBTB3/PTPN11/DMC1/LFNG/YBX3/TMF1/FANCG/NOTCH1/NR2F2/FLNA/WDR77/FOXF2/MMP19/DHX37/SOX9/KIF18A/BMPR1B/TBX3/FGFR2/CYP19A1/H3-3A/ZFPM2/INHBA/GNRH1/FZD4/H3-3B/ESR1/ASB1/HSD17B4/BCL2L2/TYRO3/PDGFRA/PKD1/MAMLD1/WDR19/DNAJC19/PLEKHA1/AGO4",61
"GO:0045664","regulation of neuron differentiation","39/2382","121/11712",0.322314049586777,1.58477839998335,3.26701104029421,0.00134947840993902,0.0348362914409623,0.0287426775066857,"ARHGEF2/FOXO3/TRPC6/MMD/CXCL12/RAC3/BCL6/TGIF1/MOSMO/BEND6/GPRC5B/CDON/ROCK1/GLI3/GDF7/RAC1/GDF5/GDF11/NBL1/MICOS10-NBL1/JAG1/ZHX2/EYA1/TGIF2/NOTCH1/TCF3/LSM1/SOX9/SH3GL3/NREP/ETV5/HOXA2/BNIP2/SHOC2/PTBP1/NGF/ZC4H2/ZFHX2/DMD",39
"GO:0060485","mesenchyme development","68/2382","238/11712",0.285714285714286,1.40482187837352,3.18802764416328,0.00137107237348408,0.0350594720918879,0.028926819078878,"COL1A1/SOX4/BNC2/TGFBR2/ROCK2/EXT1/MYC/MDM2/CITED2/SPRED2/GDNF/FERMT2/ROBO1/NRP2/CUL7/SEMA3A/ROCK1/TGFB2/DCHS1/SEMA6D/PTEN/PDCD4/SLC39A10/TGFB1I1/ADAMTS5/ACVRL1/AXIN2/VEGFA/RGCC/HGF/TEAD2/JAG1/MTOR/RBPJ/NOTCH1/ACTA2/SEMA3B/EMP2/KDM1A/FRZB/FOXF2/EZH2/ZFP36L1/RFLNB/SOX9/YAP1/WNT2/PKD2/DACT3/TBX3/FGFR2/SPRY2/SEMA6C/MAPK3/ZFPM2/MDK/AKNA/ENG/TMEM100/PDPN/EPHA4/SMAD3/QKI/ADIPOR1/ACTG2/CFL1/HIF1A/CORO1C",68
"GO:1990845","adaptive thermogenesis","40/2382","125/11712",0.32,1.57340050377834,3.2565265283843,0.00137545424169192,0.0350594720918879,0.028926819078878,"ACSL1/RHEB/DDIT3/G0S2/LGR4/LEP/IGF1R/ADAMTS5/IGF2BP2/SCD/VEGFA/DIO2/BMAL1/RBPJ/JAK2/NOTCH1/RB1/PDGFC/MFAP2/KDM1A/HSF1/CAV1/ZNF423/EPAS1/ACOT13/NOVA1/CKB/ADIPOR2/LNPEP/NR1H2/TLE3/LPIN1/SORL1/PER2/QKI/IP6K1/ADIPOR1/ADAM17/NPR3/ALMS1",40
"GO:0009070","serine family amino acid biosynthetic process","8/2382","13/11712",0.615384615384615,3.02577019957373,3.69244921575568,0.00138967411724494,0.0350594720918879,0.028926819078878,"SHMT2/PHGDH/SHMT1/PSAT1/CBS/LOC102724560/SERINC3/CTH",8
"GO:2001046","positive regulation of integrin-mediated signaling pathway","8/2382","13/11712",0.615384615384615,3.02577019957373,3.69244921575568,0.00138967411724494,0.0350594720918879,0.028926819078878,"LAMC1/LAMA2/LAMB1/NID1/EMP2/FLNA/LIMS2/LIMS1",8
"GO:0099003","vesicle-mediated transport in synapse","58/2382","197/11712",0.294416243654822,1.44760833152195,3.20129982405702,0.00139282350901062,0.0350594720918879,0.028926819078878,"DNM1/SYN2/PREPL/AMPH/ATP2A2/P2RX7/STON1/MDM2/USP46/STX2/ROCK1/CASP3/PTEN/ATP6V0D1/SNAP47/ARHGDIA/RAC1/DNAJC6/ACTB/ACTG1/NAPA/GIT2/STX11/SYT7/CALM1/STX1B/PFN2/CLCN3/PSEN1/LPAR1/GIT1/SYNJ2/MX1/RAPGEF4/CLSTN1/AP3M2/DNM3/SNX9/NCDN/VPS18/AP2A1/SCRN1/RAP1B/SACM1L/STXBP5/RALA/FCHO2/VPS35/ATP6V1E1/PPFIA2/ITSN1/EPS15L1/SYNJ1/TOR1A/HIP1/CBLB/PIK3C3/PLD1",58
"GO:0090087","regulation of peptide transport","41/2382","129/11712",0.317829457364341,1.56272821353953,3.24720766991645,0.00139787388726159,0.0350594720918879,0.028926819078878,"ABAT/IRS2/SOX4/FOXO1/CCN3/GPR68/PRKD1/PRKCE/NADK/INHBB/SLC26A6/LEP/TM7SF3/RAC1/CPT1A/ADCY8/PTPN11/BMAL1/TRPM4/SIDT2/OXCT1/JAK2/PLCB1/SYT7/ADRA2A/JAGN1/SRI/ACVR1C/RAPGEF4/GPER1/IRS1/EPHA5/STXBP4/ADORA1/GLUD1/PRKAR1A/PER2/ITSN1/HIF1A/SREBF1/PFKM",41
"GO:0019722","calcium-mediated signaling","42/2382","133/11712",0.315789473684211,1.55269786557073,3.23895659510193,0.00141690036574958,0.0352634615967367,0.0290951264477192,"PRKAA1/LMCD1/ATP2A2/P2RX7/CLIC2/PRKD1/ANK2/MAPK7/CHP1/ACKR4/DMPK/INPP5A/TRPM4/MTOR/SGCD/NEGR1/TPCN2/ADGRB2/CALM1/GRIA3/PDGFRB/MCTP1/ITPR2/PKD2/KCNJ8/ASPH/GRIA1/ACKR2/SLC8A1/PLCG2/TMEM100/CAMKK2/PTBP1/RCAN3/NFATC4/PDGFRA/NUDT4/RCAN1/GSTM2/DMD/AGTR1/MYOZ2",42
"GO:0051222","positive regulation of protein transport","56/2382","189/11712",0.296296296296296,1.45685231831328,3.19927079441209,0.00141933433864416,0.0352634615967367,0.0290951264477192,"ABAT/IRS2/SOX4/PRR5L/GPR68/P2RX7/PRKD1/MDM2/PIK3R1/PRKCE/NADK/TGFB2/LEP/ANG/TM7SF3/GLI3/RAC1/CHP1/ADCY8/TSG101/BAG3/TRPM4/OXCT1/JAK2/EFCAB7/PLCB1/MAPK14/PDCD10/FLNA/PSEN1/RAB29/RAPGEF4/GPER1/SLC51B/PPARG/MAVS/POFUT4/ASPH/RUFY3/NR1H2/B3GAT3/DMAP1/GLUD1/VPS35/PRKAR1A/VEGFC/DNM1L/SMAD3/SORL1/HSP90AA1/MYO18A/HYAL2/ACSL3/HIF1A/PFKM/EMD",56
"GO:0089718","amino acid import across plasma membrane","15/2382","34/11712",0.441176470588235,2.16921025337087,3.44964882056619,0.00144262606677107,0.0353046639409026,0.0291291216189012,"SLC6A9/SLC6A6/SLC38A2/SLC16A2/ARL6IP5/SLC36A1/SLC1A5/SLC7A5/SLC38A1/PSEN1/SLC38A5/PER2/SLC36A4/RGS4/SLC7A8",15
"GO:1990776","response to angiotensin","15/2382","34/11712",0.441176470588235,2.16921025337087,3.44964882056619,0.00144262606677107,0.0353046639409026,0.0291291216189012,"AGTRAP/ROCK2/PRKD1/COL3A1/CAMK2A/ROCK1/SLC26A6/NONO/RAC1/HSF1/CAV1/RELA/INHBA/SMAD3/AGTR1",15
"GO:0014013","regulation of gliogenesis","24/2382","65/11712",0.369230769230769,1.81546211974424,3.33104484521758,0.00144778916093352,0.0353046639409026,0.0291291216189012,"LIF/RHEB/DAAM2/EGR2/DUSP10/IL34/TENM4/MTOR/NF2/NOTCH1/NEGR1/RB1/SLC7A5/ZNF365/EZH2/TNFRSF1B/RNF10/IDH2/ETV5/RELA/MDK/VEGFC/MECP2/QKI",24
"GO:0045646","regulation of erythrocyte differentiation","18/2382","44/11712",0.409090909090909,2.01144950767117,3.39624789730031,0.00145606166210097,0.0353046639409026,0.0291291216189012,"GLUL/FOXO3/STAT3/STAT5B/HMGB2/STAT5A/YPEL4/KLF13/LDB1/ACVR1B/MAPK14/INPP5D/ZFP36L1/ABCB10/CDK6/INHBA/ZNF16/HIF1A",18
"GO:0032869","cellular response to insulin stimulus","52/2382","173/11712",0.300578034682081,1.47790509747965,3.19968831234471,0.0014575115439324,0.0353046639409026,0.0291291216189012,"ERRFI1/IRS2/PRKAA1/SELENOS/FOXO1/CFLAR/RAF1/PIK3R1/CUL7/INHBB/LEP/PIK3CA/SORBS1/IGF1R/RAB31/PIK3R3/SGCB/PHIP/KANK1/SESN3/PTPN11/MTOR/RB1/TRIB3/MYO1C/INPP5K/SOCS1/ZFP36L1/HDAC5/NDEL1/IRS1/TBC1D4/PID1/CAV2/EIF4EBP2/PPARG/STXBP4/RELA/SOS2/SNX5/SLC27A4/ENPP1/MAPK3/LPIN1/SORL1/ADIPOR1/PDK4/EPRS1/SREBF1/HDAC9/PTPRE/INSIG1",52
"GO:0070201","regulation of establishment of protein localization","110/2382","417/11712",0.26378896882494,1.29701780137603,3.1205736428959,0.00146102067329132,0.0353046639409026,0.0291291216189012,"STOM/ABAT/IRS2/PRKAA1/SOX4/FOXO1/UHMK1/PRR5L/CCN3/GPR68/P2RX7/PRKD1/MDM2/FZD5/UBE2J1/PIK3R1/PRKCE/NADK/INHBB/TGFB2/SUFU/LEP/ANG/TM7SF3/GLI3/PKDCC/CORO2B/RAC1/SEPTIN8/CHP1/CPT1A/ADCY8/TSG101/PTPN11/BMAL1/BAG3/RAB11FIP1/TRPM4/SIDT2/HPS4/NSD2/OXCT1/NFKBIA/JAK2/EFCAB7/PLCB1/SYT7/MAPK14/PDCD10/MTCL1/DPH3/IL12A/FLNA/MYO1C/INPP5K/PSEN1/PKIA/RAB29/ADRA2A/JAGN1/NDEL1/SRI/ACVR1C/RAPGEF4/GPER1/MDFIC/RAB11FIP3/IRS1/SLC51B/IDH2/PPARG/EPHA5/STXBP4/MAVS/LEPROT/BBC3/KIAA0586/SPIDR/POFUT4/ASPH/RUFY3/NR1H2/B3GAT3/DMAP1/GLUD1/NDFIP1/VPS35/PRKAR1A/VEGFC/DNM1L/SMAD3/SORL1/P3H1/PER2/PINK1/HSP90AA1/MYO18A/HYAL2/YOD1/ACSL3/SH3GLB1/HIF1A/SREBF1/DNAJA1/PFKM/ERP29/YWHAB/CDKN2A/INSIG1/EMD",110
"GO:0045137","development of primary sexual characteristics","49/2382","161/11712",0.304347826086957,1.49644069652831,3.20477518789663,0.00146931215420206,0.0353436360001696,0.0291612766298093,"ADAMTS1/FOXO3/LHFPL2/PTX3/STAT5B/HMGB2/CITED2/STAT5A/FST/ING2/INHBB/CASP3/TGFB2/LEP/TNFAIP6/ANG/UBB/RAC1/TIPARP/VEGFA/RHOBTB3/DMC1/LFNG/YBX3/TMF1/FANCG/NOTCH1/NR2F2/FLNA/MMP19/DHX37/SOX9/KIF18A/BMPR1B/CYP19A1/H3-3A/ZFPM2/INHBA/GNRH1/FZD4/H3-3B/ESR1/HSD17B4/BCL2L2/PDGFRA/MAMLD1/WDR19/PLEKHA1/AGO4",49
"GO:0002042","cell migration involved in sprouting angiogenesis","20/2382","51/11712",0.392156862745098,1.92818689188522,3.35644603096296,0.00151137089305086,0.0361908360453628,0.0298602832311264,"THBS1/SRF/ROBO1/PACSIN2/HMOX1/NR4A1/PIK3R3/HDAC7/VEGFA/EPHB4/EGR3/NOTCH1/PLK2/STARD13/PDCD10/RHOJ/HDAC5/DLL4/HDAC9/PTGS2",20
"GO:0050796","regulation of insulin secretion","37/2382","114/11712",0.324561403508772,1.59582836183658,3.23004886676452,0.00153794286318926,0.0366612325765657,0.0302483973281606,"ABAT/IRS2/SOX4/FOXO1/CCN3/GPR68/PRKCE/NADK/INHBB/LEP/TM7SF3/RAC1/CPT1A/ADCY8/PTPN11/BMAL1/TRPM4/SIDT2/OXCT1/JAK2/PLCB1/SYT7/ADRA2A/JAGN1/SRI/ACVR1C/RAPGEF4/GPER1/IRS1/EPHA5/STXBP4/GLUD1/PRKAR1A/PER2/HIF1A/SREBF1/PFKM",37
"GO:0048663","neuron fate commitment","14/2382","31/11712",0.451612903225806,2.22052490452588,3.43806851860557,0.00156984922655797,0.037254000479573,0.0307374774215835,"ZNF521/PRRX1/GLI2/TGFB2/SUFU/GLI3/EHMT2/RBPJ/EYA1/NOTCH1/SOX9/LMO4/DLL4/JAG2",14
"GO:0042471","ear morphogenesis","28/2382","80/11712",0.35,1.72090680100756,3.26906809136843,0.00157908858477117,0.037305967815219,0.0307803545565359,"TBX18/PRRX1/TTC39C/MYC/NR4A3/SPARC/RAC1/NECTIN1/COL11A1/EPHB2/SEC24B/SLITRK6/EYA1/FRZB/SOBP/SOX9/OSR2/FZD6/ITGA8/TBX3/FGFR2/SPRY2/WHRN/HOXA2/MAPK3/BLOC1S5/WDR19/INSIG1",28
"GO:0051493","regulation of cytoskeleton organization","115/2382","440/11712",0.261363636363636,1.28509274101214,3.07991729742054,0.0016352095597322,0.0384601288449013,0.0317326280878089,"NEXN/ARHGEF2/PRKAA1/WASF3/ARPC5/RND2/MYADM/ROCK2/SVIL/BRCA1/CIT/CXCL12/SYNPO2/DNAI3/AMOT/SSH2/RAC3/P2RX7/PLXNB1/S1PR1/DAAM2/PRKD1/CARMIL1/CYRIA/NEDD9/NAV3/PIK3R1/PRKCE/FERMT2/MAPRE3/GMFB/ROCK1/TGFB2/WDR1/ATAT1/SYDE1/CDC42EP3/PIK3CA/RND3/CLIC4/TTC8/ABL2/SPTBN4/CORO2B/MAP1S/RAC1/CDK2AP2/MAPRE2/RGCC/MAP1A/VPS4B/KANK1/WHAMM/ARF1/WASF1/LMOD1/SH3BP1/FAM107A/MTOR/DSTN/ACTG1/NF2/GBA2/NAA20/AKAP13/SWAP70/TPX2/PFN2/CYFIP2/FLNA/INPP5K/PPP2CB/PDGFRB/SPECC1L/EML2/LPAR1/GIT1/ARAP3/KIF18A/FHOD1/GSN/EPHA5/SNX9/MTSS1/GPM6B/RHOBTB2/DAPK3/ARHGAP28/SASS6/MAPK3/HAUS5/BMERB1/VASP/WASHC4/CORO1B/RALA/CRK/SMAD3/MECP2/EVL/MAPRE1/CCDC15/RGS4/PTK2B/FCHSD1/PHLDB2/NUP62/CFL1/PDGFRA/NUMA1/PKD1/EPS8/TJP1/ALMS1/SKA2",115
"GO:0030595","leukocyte chemotaxis","41/2382","130/11712",0.315384615384615,1.55070722728153,3.19027205035046,0.00164808566441299,0.0385914572392634,0.031840984331556,"DUSP1/CCN3/CXCL12/OXSR1/THBS1/IL16/S1PR1/NEDD9/IL6R/IL34/TGFB2/CAMK1D/TNFAIP6/RAC1/VEGFA/NBL1/MICOS10-NBL1/PIK3CD/TRPM4/CH25H/SWAP70/LGMN/IL12A/CXCL16/DAPK2/PLEC/CYP19A1/MOSPD2/MAPK3/MDK/IL17RA/CSF1/ITGA1/VEGFC/DNM1L/DDT/PTK2B/PGF/ADAM17/CORO1C/NINJ1",41
"GO:0002064","epithelial cell development","45/2382","146/11712",0.308219178082192,1.51547565646458,3.16679566289517,0.00169721625875381,0.039321422181485,0.0324432627618252,"TJP2/MYADM/ROCK2/RHEB/KLF5/FZD5/AMOTL2/ROCK1/B4GALT1/CLIC4/RAC1/GDF11/VEGFA/ASXL1/BMAL1/JAG1/SIDT2/PALLD/VCL/PRDM1/PLCB1/NOTCH1/ACTA2/MYO1E/FRZB/FLNA/HEG1/SOX9/YAP1/EPAS1/RILPL2/PLEC/STC1/RAP1B/PROX2/CDK6/SPINT2/IKBKB/ESR1/HSD17B4/PLOD3/ADAMTSL4/HIF1A/TJP1/MAGI1",45
"GO:0050680","negative regulation of epithelial cell proliferation","34/2382","103/11712",0.330097087378641,1.62304663617911,3.20899329419202,0.00169794457729334,0.039321422181485,0.0324432627618252,"KLF9/THBS1/SPARC/DUSP10/ROBO1/TGFB2/MAGED1/CDKN2B/B4GALT1/ACVRL1/GDF5/RGCC/COL4A3/NOTCH1/RB1/NR2F2/PDCD10/IL12A/LIMS2/WDR77/HSF1/CAV1/SOX9/CDC73/CAV2/IFT172/PPARG/FGFR2/MTSS1/CDK6/ENG/AQP11/DLL4/CDKN2A",34
"GO:0044706","multi-multicellular organism process","46/2382","150/11712",0.306666666666667,1.50784214945424,3.16289618524507,0.00170155058192745,0.039321422181485,0.0324432627618252,"ERRFI1/LIF/SLC38A2/MAFF/STAT5B/CORIN/LAMB1/TRO/CITED2/STAT5A/PARP2/SYDE1/LEP/B4GALT1/VMP1/VEGFA/ITGA2/ACVR1B/PRDM1/CBS/LOC102724560/RXFP1/NR2F2/EMP2/SLC38A1/HSF1/ADRA2A/TEAD3/ACVR1C/TEAD4/TPPP3/STC1/H3-3A/PCSK5/GNRH1/FBN2/LNPEP/MAGED2/SMAD3/H3-3B/ESR1/PTGFR/LDOC1/AGO2/STOX2/PTGS2",46
"GO:0071396","cellular response to lipid","112/2382","428/11712",0.261682242990654,1.28665929047294,3.0526949942598,0.00178666507880065,0.0409752293115731,0.033807783582847,"PER1/COL1A1/ERRFI1/KLF9/PRKAA1/SELENOS/FOXO3/CFLAR/BRCA1/NCOA3/TRERF1/NR4A3/HMGB2/PRKD1/NR3C1/ATP1A1/PRKCE/INHBB/CDON/PDCD4/PPP5C/LEP/ABL2/AXIN2/UFSP2/CDK4/CPT1A/ADCY8/NPC1/ZFP36L2/EPHB2/ITGA2/PTPN11/BMAL1/FAM107A/TEAD2/PLPP1/TNIP1/TNFAIP3/RBFOX2/PLSCR4/ANKRD13C/TMF1/SKP2/FBXO32/NFKBIA/JAK2/PLCB1/FOXP1/TNIP2/SLC7A5/MAPK14/KDM1A/IRAK3/MAP2K3/HSF1/LPAR1/ZFP36L1/TNFRSF1B/HDAC5/OSBPL7/MTDH/GIT1/PIM1/LBH/CCNA2/GPER1/SOX9/YAP1/KIF18A/IRS1/PID1/CDC73/AKR1C1/CD274/WNT2/ARID5A/FGFR2/LMO3/NFKBIB/VPS18/RELA/STC1/HOXA2/MAPK3/ELK1/INHBA/IRAK2/GNG2/TRIM5/FZD4/NR3C2/UPF1/PHC1/PLCG2/SPON2/SGK1/RNF14/ESR1/PTGFR/CALCOCO1/PTK2B/LITAF/PDK4/TADA3/NFKBIZ/RORA/LDOC1/ABCB4/SREBF1/BTG2/INSIG1",112
"GO:0006979","response to oxidative stress","93/2382","346/11712",0.26878612716763,1.3215882121693,3.06804264580876,0.00178860127947343,0.0409752293115731,0.033807783582847,"DUSP1/COL1A1/PRKAA1/GPX3/RBPMS/SELENOS/FOXO3/TRPC6/FOXO1/AIFM2/TLDC2/PRR5L/GPX8/RHOB/ATP2A2/OXSR1/NR4A3/GCLM/PRKD1/MDM2/ARL6IP5/GCH1/MSRB3/STX2/SCARA3/CASP3/VKORC1L1/PPP5C/MAPK7/HMOX1/ABL2/SESN2/GSR/RLIG1/SESN3/HGF/MAP3K5/BMAL1/MAP1LC3A/TNFAIP3/PCNA/JAK2/ANGPTL7/FOXP1/PDCD10/CAT/MAP2K1/PSIP1/HBA1/PRDX6/PSEN1/PPP2CB/EZH2/HSF1/PNPLA8/MCTP1/PYCR2/EPAS1/SLC11A2/PAWR/PDLIM1/PKD2/MICB/BTG1/ABCC9/ETV5/ABCC1/RELA/ATP7A/FBLN5/GPX4/SLC8A1/CRK/PYCR1/NQO1/CAMKK2/CHUK/PINK1/FCHSD1/CFL1/HYAL2/PDGFRA/TOR1A/MTF1/RCAN1/HIF1A/GPR37/SESN1/PLEKHA1/CDKN2A/PEX12/PTGS2/PML",93
"GO:0001890","placenta development","37/2382","115/11712",0.321739130434783,1.58195159347278,3.16876476630483,0.00183142031445824,0.0417753288970388,0.0344679286042322,"LIF/VASH2/HSP90AB1/FZD5/CITED2/PARP2/CUL7/CCN1/LEP/ANG/RBPJ/PRDM1/ITGB8/NR2F2/MAPK14/E2F7/ADM/MAP2K1/HSF1/ZFP36L1/EPAS1/WNT2/DNAJB6/PPARG/PKD2/TPPP3/FGFR2/STC1/HS6ST1/SPINT2/FBN2/TFEB/LDOC1/PKD1/HIF1A/STOX2/PTGS2",37
"GO:0030316","osteoclast differentiation","27/2382","77/11712",0.350649350649351,1.72409957800386,3.22097615951191,0.00184005797478197,0.0417922180366789,0.0344818634714055,"GPR68/CAMK4/ANXA2/FSTL3/NEDD9/PIK3R1/TNFAIP6/TNFRSF11B/UBASH3B/MTOR/FAM20C/FOXP1/MAPK14/INPP5D/OSTM1/EEIG1/GPR137B/FARP2/LRRC17/CSF1/GAB2/TMEM64/KLF10/CCN4/RASSF2/CORO1C/TOB2",27
"GO:0170039","proteinogenic amino acid metabolic process","38/2382","119/11712",0.319327731092437,1.57009504053511,3.15827449320392,0.00186498371195704,0.0421773239473361,0.0347996061052533,"GLUL/QPRT/FPGS/GLS/PRODH/SHMT2/AASS/GCLM/ALDH6A1/ALDH4A1/DGLUCY/ASNS/PHGDH/ADHFE1/GCAT/NIT2/SHMT1/BCAT2/MCCC2/PSAT1/DDAH1/CBS/LOC102724560/ADI1/PYCR2/GPT2/ATP7A/SDSL/GSTZ1/MCCC1/GLUD1/PYCR1/MTHFD1/GCDH/MECP2/SERINC3/FAH/PLOD3",38
"GO:0031348","negative regulation of defense response","54/2382","183/11712",0.295081967213115,1.45088161209068,3.1061276290607,0.00188887640094356,0.0424543994346285,0.0350282151519352,"SAMHD1/SELENOS/TRIM45/CCN3/STAT3/DUSP10/MAPK7/TNFAIP6/FRK/WFDC1/HGF/MTOR/TNFAIP3/ZDHHC18/RB1/PLK2/MAPK14/INPP5D/MKRN2/IRAK3/FURIN/SERPINB9/PPM1B/METRNL/TNFRSF1B/GBA1/GIT1/PIM1/GPER1/LPCAT3/PPARG/MFHAS1/MICB/NT5E/ADORA1/CYP19A1/NR1D2/NT5C2/IFI16/MDK/NR1H2/NECTIN2/CRK/NDFIP1/VPS35/SOCS5/IER3/SMAD3/TRIM38/TYRO3/IL20RB/RORA/RNF26/NMI",54
"GO:0008643","carbohydrate transport","32/2382","96/11712",0.333333333333333,1.63895885810244,3.1761957282413,0.00191549483513613,0.0424543994346285,0.0350282151519352,"KLF15/IRS2/SELENOS/SLC45A1/SORT1/NR4A3/AQP3/PRKAG2/PIK3R1/SLC26A6/ARPP19/LEP/SORBS1/SLC2A12/SESN2/SGCB/PTPN11/TRIB3/MAPK14/INPP5K/CLTCL1/IRS1/MEF2A/PID1/MFSD12/STXBP4/SLC27A4/ENPP1/SLC2A10/AQP11/OPN3/RAB4B",32
"GO:0008016","regulation of heart contraction","41/2382","131/11712",0.312977099236641,1.53886976753129,3.13381592422652,0.00193645162907585,0.0424543994346285,0.0350282151519352,"CACNB2/TBX18/ADRA1B/ATP2A2/CORIN/CLIC2/MDM2/ADM2/GCH1/ATP1A1/ANK2/TGFB2/SCN1B/SPTBN4/CELF2/DMPK/KCNE3/TRPM4/POPDC1/CALM1/ADM/GPD1L/FLNA/SRI/CAV1/EPAS1/MEF2A/ABCC9/ADORA1/STC1/KCNJ8/ASPH/SLC8A1/CHRM2/KCNJ12/KCND3/RGS4/HSP90AA1/GSTM2/SREBF1/DMD",41
"GO:0045666","positive regulation of neuron differentiation","22/2382","59/11712",0.372881355932203,1.83341160397899,3.24260257190351,0.00194166104752607,0.0424543994346285,0.0350282151519352,"ARHGEF2/TRPC6/MMD/CXCL12/BCL6/TGIF1/BEND6/GPRC5B/CDON/GDF7/GDF5/NBL1/MICOS10-NBL1/TGIF2/TCF3/SH3GL3/ETV5/BNIP2/SHOC2/NGF/ZC4H2/DMD",22
"GO:0061035","regulation of cartilage development","22/2382","59/11712",0.372881355932203,1.83341160397899,3.24260257190351,0.00194166104752607,0.0424543994346285,0.0350282151519352,"ZBTB16/SMAD1/TGFB2/CCN1/LEP/ACVRL1/AXIN2/GLI3/PKDCC/GDF5/PTPN11/PRKG2/FRZB/RFLNB/SOX5/SOX9/BMPR1B/MDK/SMAD3/ADAMTS7/CCN4/LNPK",22
"GO:2000177","regulation of neural precursor cell proliferation","22/2382","59/11712",0.372881355932203,1.83341160397899,3.24260257190351,0.00194166104752607,0.0424543994346285,0.0350282151519352,"FOXO3/FOXO1/SLC16A2/CDON/GLI3/VEGFA/NAP1L1/NF2/NOTCH1/KDM1A/FLNA/LIMS2/MDK/SPINT2/SHOC2/VEGFC/DLL4/HIF1A/TOX/BTG2/PTBP2/KIFAP3",22
"GO:0019751","polyol metabolic process","28/2382","81/11712",0.345679012345679,1.69966103803215,3.19263094531049,0.00195300188346424,0.0424543994346285,0.0350282151519352,"IMPA2/FKRP/PLA2G4A/GCH1/LEP/PLPP3/ACER3/INPP5A/SPTLC3/PLPP1/PLCB1/PRKG2/PPIP5K1/PRKG1/GBA1/SCP2/ITPK1/GPER1/IPMK/ITPKB/PLCG2/MECP2/IP6K1/SYNJ1/NUDT4/ITPKC/NUDT3/ISYNA1",28
"GO:1904659","D-glucose transmembrane transport","28/2382","81/11712",0.345679012345679,1.69966103803215,3.19263094531049,0.00195300188346424,0.0424543994346285,0.0350282151519352,"KLF15/IRS2/SELENOS/SLC45A1/SORT1/NR4A3/PRKAG2/PIK3R1/ARPP19/LEP/SORBS1/SLC2A12/SESN2/SGCB/PTPN11/TRIB3/MAPK14/INPP5K/CLTCL1/IRS1/MEF2A/PID1/STXBP4/SLC27A4/ENPP1/SLC2A10/OPN3/RAB4B",28
"GO:0000302","response to reactive oxygen species","49/2382","163/11712",0.300613496932515,1.47807946098809,3.10562307482278,0.00195881545355935,0.0424543994346285,0.0350282151519352,"DUSP1/COL1A1/PRKAA1/FOXO3/TRPC6/RHOB/NR4A3/MDM2/GCH1/CASP3/PPP5C/MAPK7/HMOX1/SESN2/RLIG1/SESN3/HGF/MAP3K5/MAP1LC3A/TNFAIP3/PCNA/FOXP1/PDCD10/CAT/HBA1/PPP2CB/EZH2/HSF1/PAWR/PKD2/ABCC9/RELA/ATP7A/FBLN5/SLC8A1/CRK/NQO1/CAMKK2/PINK1/FCHSD1/CFL1/HYAL2/PDGFRA/HIF1A/GPR37/SESN1/PLEKHA1/CDKN2A/PEX12",49
"GO:0046942","carboxylic acid transport","61/2382","212/11712",0.287735849056604,1.41476165581484,3.07924792243958,0.00195939618663015,0.0424543994346285,0.0350282151519352,"SLC6A9/ABAT/IRS2/SLC6A6/ACSL1/CRABP2/SLC7A6/SLC7A14/SLC38A2/SLC25A32/SLC5A6/THBS1/P2RX7/PLA2G4A/SLC16A2/BDKRB2/SLC35D1/ARL6IP5/SLC16A12/LRRC8D/SLC26A6/LEP/SLC36A1/CPT1A/SLC1A5/ABCC6/SLC7A5/SLC38A1/PSEN1/PRKG1/PNPLA8/SLC38A5/BEST1/SLC51B/AKR1C1/MFSD12/PPARG/SLC19A2/TTYH3/ADORA1/SLC25A29/SLC26A2/ABCC1/SLC26A11/KCNJ8/SLC27A4/SLC25A12/FOLR3/PER2/SLC36A4/SERINC3/RGS4/SLC35D2/EPRS1/SLC7A8/ACSL3/SLC16A4/ABCC3/ABCB4/MPC1/PTGS2",61
"GO:0008406","gonad development","48/2382","159/11712",0.30188679245283,1.48434009790409,3.10690982096019,0.00196652504286351,0.0424543994346285,0.0350282151519352,"ADAMTS1/FOXO3/PTX3/STAT5B/HMGB2/CITED2/STAT5A/FST/ING2/INHBB/CASP3/TGFB2/LEP/TNFAIP6/ANG/UBB/RAC1/TIPARP/VEGFA/RHOBTB3/DMC1/LFNG/YBX3/TMF1/FANCG/NOTCH1/NR2F2/FLNA/MMP19/DHX37/SOX9/KIF18A/BMPR1B/CYP19A1/H3-3A/ZFPM2/INHBA/GNRH1/FZD4/H3-3B/ESR1/HSD17B4/BCL2L2/PDGFRA/MAMLD1/WDR19/PLEKHA1/AGO4",48
"GO:0044703","multi-organism reproductive process","45/2382","147/11712",0.306122448979592,1.50516629825734,3.11420548490209,0.00197350382859384,0.0424543994346285,0.0350282151519352,"ERRFI1/LIF/SLC38A2/MAFF/STAT5B/CORIN/LAMB1/TRO/CITED2/STAT5A/PARP2/SYDE1/LEP/VMP1/VEGFA/ITGA2/ACVR1B/PRDM1/CBS/LOC102724560/RXFP1/NR2F2/EMP2/SLC38A1/HSF1/ADRA2A/TEAD3/ACVR1C/TEAD4/TPPP3/STC1/H3-3A/PCSK5/GNRH1/FBN2/LNPEP/MAGED2/SMAD3/H3-3B/ESR1/PTGFR/LDOC1/AGO2/STOX2/PTGS2",45
"GO:0043367","CD4-positive, alpha-beta T cell differentiation","25/2382","70/11712",0.357142857142857,1.75602734796689,3.2055294805554,0.00199950015262936,0.0428394931486419,0.0353459477225935,"STAT3/BCL6/STAT5A/SHB/IL6R/PIK3R1/MTOR/RUNX1/JAK2/FOXP1/BRD4/IL12A/SOCS1/RC3H2/KLHL25/BCL3/ATP7A/ENTPD7/PDP2/CBFB/SOCS5/ICOSLG/NFKBIZ/RORA/TOX",25
"GO:0050808","synapse organization","105/2382","399/11712",0.263157894736842,1.29391488797561,3.01818729672494,0.00201182347753336,0.0429297171093006,0.0354203895789829,"SPARCL1/APBB2/CACNB2/WASF3/PDLIM5/LRRTM2/RPS6KA5/SORT1/SYN2/RHOB/FLRT3/AMOT/RAC3/PLXNB1/SPARC/CTTNBP2/FZD5/KIF5B/GDNF/NEDD9/NEDD4L/MAPRE3/ZDHHC12/NRP2/DAAM1/COL4A1/ROCK1/PTEN/ARMCX5-GPRASP2/TUBA1A/TANC2/IGF1R/CAP1/SPTBN4/RAC1/EPHB3/ACTB/DMPK/TUBB/NECTIN1/EPHB2/ARF1/WASF1/LZTS1/TENM4/ABHD17C/DRP2/ACTG1/SLITRK6/NEGR1/MAPK14/ADGRB2/LGMN/PFN2/ZNF365/CHD4/CNTNAP1/CYFIP2/PSEN1/RAB29/COLQ/GPC4/GIT1/FRRS1L/MRTFB/RER1/CLSTN1/PLPPR4/NAE1/PTPN13/LRRC4/LRRN3/DNM3/ARHGAP22/ETV5/ARHGEF9/RAP1B/DLGAP4/KCNJ8/PCDHGC5/GRIA1/TPBG/COL4A5/CRK/VPS35/EPHA4/ABHD17B/DLG4/TANC1/MECP2/ZDHHC8/PPFIA2/CDH6/THBS2/ZC4H2/ITSN1/PTK2B/ADNP/NFATC4/PRRT1/CFL1/CHRDL1/CACNA2D3/AGO2/SIPA1L1",105
"GO:0071711","basement membrane organization","15/2382","35/11712",0.428571428571429,2.10723281756027,3.31462482524402,0.00205547773359403,0.0435329094921233,0.0359180706872991,"LAMC1/EXT1/LAMA2/FKRP/LAMB1/NID1/COL3A1/COL4A1/CAV1/CAV2/SPINT2/CTSS/PHLDB2/PHLDB1/PLOD3",15
"GO:0035710","CD4-positive, alpha-beta T cell activation","29/2382","85/11712",0.341176470588235,1.67752259594014,3.16757172540464,0.00205654334335428,0.0435329094921233,0.0359180706872991,"TGFBR2/STAT3/BCL6/STAT5A/SHB/IL6R/PIK3R1/MTOR/RUNX1/JAK2/FOXP1/BRD4/IL12A/SOCS1/RC3H2/CD274/KLHL25/BCL3/ATP7A/ENTPD7/PDP2/NDFIP1/CBFB/SOCS5/ICOSLG/NFKBIZ/RORA/TOX/CBLB",29
"GO:0046632","alpha-beta T cell differentiation","30/2382","89/11712",0.337078651685393,1.657374126171,3.14539750627758,0.00215067487176191,0.0453441092484623,0.0374124527912284,"ZBTB16/TGFBR2/STAT3/BCL6/STAT5A/SHB/IL6R/PIK3R1/GLI3/MTOR/RUNX1/PRDM1/JAK2/FOXP1/BRD4/IL12A/SOCS1/RC3H2/KLHL25/BCL3/ATP7A/ENTPD7/PDP2/ITPKB/CBFB/SOCS5/ICOSLG/NFKBIZ/RORA/TOX",30
"GO:0015849","organic acid transport","61/2382","213/11712",0.286384976525822,1.40811958231336,3.03720597392049,0.00221236425101644,0.0462760142939881,0.0381813476730443,"SLC6A9/ABAT/IRS2/SLC6A6/ACSL1/CRABP2/SLC7A6/SLC7A14/SLC38A2/SLC25A32/SLC5A6/THBS1/P2RX7/PLA2G4A/SLC16A2/BDKRB2/SLC35D1/ARL6IP5/SLC16A12/LRRC8D/SLC26A6/LEP/SLC36A1/CPT1A/SLC1A5/ABCC6/SLC7A5/SLC38A1/PSEN1/PRKG1/PNPLA8/SLC38A5/BEST1/SLC51B/AKR1C1/MFSD12/PPARG/SLC19A2/TTYH3/ADORA1/SLC25A29/SLC26A2/ABCC1/SLC26A11/KCNJ8/SLC27A4/SLC25A12/FOLR3/PER2/SLC36A4/SERINC3/RGS4/SLC35D2/EPRS1/SLC7A8/ACSL3/SLC16A4/ABCC3/ABCB4/MPC1/PTGS2",61
"GO:0061458","reproductive system development","61/2382","213/11712",0.286384976525822,1.40811958231336,3.03720597392049,0.00221236425101644,0.0462760142939881,0.0381813476730443,"ERRFI1/ADAMTS1/FOXO3/ALOX15B/PTX3/STAT5B/HMGB2/CITED2/STAT5A/FST/ING2/INHBB/CASP3/TGFB2/LGR4/LEP/TNFAIP6/ANG/UBB/GDF7/RAC1/TIPARP/VEGFA/RHOBTB3/PTPN11/DMC1/LFNG/YBX3/TMF1/FANCG/NOTCH1/NR2F2/FLNA/WDR77/FOXF2/MMP19/DHX37/SOX9/KIF18A/BMPR1B/TBX3/FGFR2/CYP19A1/H3-3A/ZFPM2/INHBA/GNRH1/FZD4/H3-3B/ESR1/ASB1/HSD17B4/BCL2L2/TYRO3/PDGFRA/PKD1/MAMLD1/WDR19/DNAJC19/PLEKHA1/AGO4",61
"GO:0170033","L-amino acid metabolic process","39/2382","124/11712",0.314516129032258,1.54643698708052,3.09082014786676,0.00223063181584111,0.0463630048539067,0.0382531217197766,"GLUL/QPRT/FPGS/GLS/PRODH/SHMT2/AASS/GCLM/ALDH6A1/ALDH4A1/DGLUCY/ASNS/PHGDH/ADHFE1/GCAT/NIT2/SHMT1/BCAT2/MCCC2/PSAT1/DDAH1/CBS/LOC102724560/ADI1/PYCR2/GPT2/ATP7A/SDSL/KYAT1/GSTZ1/MCCC1/GLUD1/PYCR1/MTHFD1/GCDH/MECP2/SERINC3/FAH/PLOD3",39
"GO:0034219","carbohydrate transmembrane transport","31/2382","93/11712",0.333333333333333,1.63895885810244,3.12577016007915,0.00223552265932159,0.0463630048539067,0.0382531217197766,"KLF15/IRS2/SELENOS/SLC45A1/SORT1/NR4A3/AQP3/PRKAG2/PIK3R1/SLC26A6/ARPP19/LEP/SORBS1/SLC2A12/SESN2/SGCB/PTPN11/TRIB3/MAPK14/INPP5K/CLTCL1/IRS1/MEF2A/PID1/STXBP4/SLC27A4/ENPP1/SLC2A10/AQP11/OPN3/RAB4B",31
"GO:0002791","regulation of peptide secretion","40/2382","128/11712",0.3125,1.53652392947103,3.08384012041318,0.00225164648046115,0.0463630048539067,0.0382531217197766,"ABAT/IRS2/SOX4/FOXO1/CCN3/GPR68/PRKD1/PRKCE/NADK/INHBB/LEP/TM7SF3/RAC1/CPT1A/ADCY8/PTPN11/BMAL1/TRPM4/SIDT2/OXCT1/JAK2/PLCB1/SYT7/ADRA2A/JAGN1/SRI/ACVR1C/RAPGEF4/GPER1/IRS1/EPHA5/STXBP4/ADORA1/GLUD1/PRKAR1A/PER2/ITSN1/HIF1A/SREBF1/PFKM",40
"GO:0033002","muscle cell proliferation","49/2382","164/11712",0.298780487804878,1.46906678134791,3.05654125188216,0.00225303012093232,0.0463630048539067,0.0382531217197766,"ADAMTS1/CCN3/CFLAR/STAT3/THBS1/NR4A3/S1PR1/DDIT3/MDM2/SMAD1/IL6R/PIK3R1/TGFB2/PTEN/PDCD4/PIK3CA/ANG/HMOX1/RGCC/ITGA2/CDKN1A/HGF/MAP3K5/TENM4/RUNX1/TNFAIP3/RBPJ/SKP2/JAK2/FOXP1/NOTCH1/MAPK14/IL12A/PRKG1/PDGFRB/PIM1/GPER1/YAP1/CAV2/GNA12/WNT2/PPARG/FGFR2/JARID2/JUN/ZFPM2/MEF2D/PRKAR1A/CCN4",49
"GO:0009743","response to carbohydrate","48/2382","160/11712",0.3,1.47506297229219,3.05709989434092,0.00226607670598587,0.0463630048539067,0.0382531217197766,"COL1A1/GLUL/IRS2/PRKAA1/SOX4/SELENOS/FOXO3/THBS1/GPR68/SRF/GCLM/RPS6KA2/RAF1/PRKCE/NADK/CASP3/SLC26A6/LEP/PIK3CA/IGF1R/SESN2/RAC1/SGCB/ADCY8/ITGA2/TRPM4/SIDT2/OXCT1/PLCB1/CAT/RASAL2/MAP2K3/ADRA2A/JAGN1/ZFP36L1/SRI/ACVR1C/GPER1/EPHA5/STXBP4/ME1/GRIA1/SMAD3/ADNP/SMARCB1/HIF1A/SREBF1/COL6A3",48
"GO:0050900","leukocyte migration","66/2382","234/11712",0.282051282051282,1.38681134147129,3.0199591259765,0.00226908886189755,0.0463630048539067,0.0382531217197766,"DUSP1/VCAM1/CCN3/EXT1/CXCL12/OXSR1/THBS1/STAT5B/RAC3/IL16/S1PR1/GDF15/NEDD9/IL6R/PIK3R1/IL34/ROCK1/TGFB2/WDR1/CAMK1D/LEP/TNFAIP6/B4GALT1/HMOX1/CNN2/ABL2/BDKRB1/RAC1/LRCH1/VEGFA/NBL1/MICOS10-NBL1/ITGA2/PIK3CD/TRPM4/CH25H/PLCB1/EMP2/SWAP70/LGMN/IL12A/CXCL16/JAGN1/GBA1/DAPK2/ADORA1/PLEC/CYP19A1/MOSPD2/MAPK3/MDK/IL17RA/CSF1/ITGA1/CRK/VEGFC/DNM1L/DDT/PTK2B/PGF/ADAM17/FUT4/EPS8/CD9/CORO1C/NINJ1",66
"GO:0060538","skeletal muscle organ development","42/2382","136/11712",0.308823529411765,1.51844717735961,3.0727112936776,0.00227899861235531,0.0463863871407089,0.0382724139435216,"PRKAA1/SAP30/CFLAR/SVIL/MAFF/MYC/FKRP/FER1L6/KLF5/EGR2/CITED2/ATF3/CDON/NLN/NR4A1/FOXN2/MYL6/BMAL1/YBX3/POPDC1/BCL9/NOTCH1/NEGR1/RB1/NR2F2/MAPK14/CNTNAP1/CAV1/CAV2/ABCC9/MYL6B/PLEC/GPC1/NR1D2/GPCPD1/RCAN1/HDAC9/BTG2/FBXO22/DMD/MYOZ2/EMD",42
"GO:0009914","hormone transport","58/2382","201/11712",0.288557213930348,1.41880020552151,3.02604536920957,0.00232121300119039,0.0470126763978663,0.0387891517878724,"ABAT/IRS2/SOX4/FOXO1/CCN3/LIF/GPR68/PRKD1/SLC16A2/RAF1/NIBAN2/PRKCE/NADK/INHBB/LEP/C1QTNF1/TM7SF3/RAC1/CPT1A/ADCY8/PTPN11/BMAL1/RAB11FIP1/TRPM4/SIDT2/OXCT1/TMF1/JAK2/PLCB1/SYT7/SLC7A5/ADRA2A/JAGN1/SELENOM/SRI/ACVR1C/RAPGEF4/GPER1/RAB11FIP3/IRS1/PPARG/EPHA5/STXBP4/ADORA1/TBX3/CYP19A1/TRPV6/INHBA/FZD4/GLUD1/PRKAR1A/PER2/ITSN1/SLC7A8/HIF1A/SREBF1/PFKM/AGTR1",58
"GO:0070167","regulation of biomineral tissue development","24/2382","67/11712",0.358208955223881,1.76126922064739,3.157424488889,0.00232753613307653,0.0470126763978663,0.0387891517878724,"TMEM119/TENT5A/ROCK2/P2RX7/S1PR1/CDON/ROCK1/CCN1/PKDCC/TRPM4/FAM20C/NOTCH1/RFLNB/SOX9/OSR2/SGMS2/BMPR1B/GPM6B/ENPP1/SLC8A1/FBN2/SMAD3/PTK2B/HIF1A",24
"GO:0071559","response to transforming growth factor beta","64/2382","226/11712",0.283185840707965,1.39238982635251,3.00964034114087,0.00235915942468388,0.0474702345073274,0.0391666731782619,"COL1A1/TGFBR2/TSC22D1/SAP30/LTBP1/CFLAR/ROCK2/STAT3/ZYX/THBS1/GDF15/HSP90AB1/CITED2/COL3A1/SPRED2/NR3C1/SMAD1/FERMT2/ING2/PEG10/ROCK1/TGFB2/CDKN2B/MAPK7/TGFB1I1/MXRA5/ACVRL1/GDF5/GDF11/RGCC/COL4A2/ZFP36L2/HIPK2/CILP/ITGB8/ACTA2/TSKU/FURIN/RASL11B/COL1A2/ZFP36L1/SOX5/CAV1/SOX9/CAV2/NREP/WNT2/PPARG/ITGA8/FGFR2/SPRY2/JUN/FBN2/ENG/SLC2A10/CRK/SMAD3/USP9X/HYAL2/NFKBIZ/ADAM17/LIMS1/LPXN/PML",64
"GO:0060840","artery development","28/2382","82/11712",0.341463414634146,1.67893346439762,3.11724783113196,0.00240035727061611,0.0481162525609866,0.0396996888298071,"SOX4/TGFBR2/PRRX1/SRF/DDIT3/EGR2/CITED2/COL3A1/ROBO1/TGFB2/SUFU/LEP/ACVRL1/GLI3/LOXL1/VEGFA/JAG1/SEC24B/RBPJ/PRDM1/EYA1/NOTCH1/PDGFRB/PKD2/MDK/ENG/SLC2A10/DLL4",28
"GO:0008654","phospholipid biosynthetic process","62/2382","218/11712",0.284403669724771,1.39837774131676,2.99995515402289,0.0024489169394408,0.0486258281803306,0.0401201287528367,"CDIPT/PRKAA1/IMPA2/ZRANB1/PCYT2/ORMDL1/TMEM150A/PLA2G4A/GPAT3/PIK3R1/CDS2/ABHD5/PTEN/AGPAT2/PIK3CA/PIK3R3/CHP1/PGAP1/MTMR14/SAMD8/VAPA/CRLS1/PIK3CD/SH3YL1/DGKH/PIGA/INPP5D/EFR3B/INPP5K/SYNJ2/SCP2/LPCAT3/PIP5K1A/SGMS2/ABHD3/HMGCS1/BPNT2/PTDSS1/LCLAT1/SACM1L/ITPKB/FAR1/PLCG2/UBE3C/MTMR7/LPIN1/PI4KB/IP6K1/SLC44A2/SYNJ1/PISD/SRD5A3/ACSL3/MPPE1/PGAP2/ITPKC/SH3GLB1/PITPNM3/PI4KA/ISYNA1/PIK3C3/PLD1",62
"GO:0003203","endocardial cushion morphogenesis","13/2382","29/11712",0.448275862068966,2.20411708503431,3.28033030659948,0.00249056798670936,0.0486258281803306,0.0401201287528367,"TGFBR2/MDM2/ROBO1/TGFB2/DCHS1/ADAMTS5/ACVRL1/RBPJ/NOTCH1/SOX9/TBX3/ENG/TMEM100",13
"GO:0030217","T cell differentiation","61/2382","214/11712",0.285046728971963,1.40153958426517,2.99537462725102,0.00249345195606933,0.0486258281803306,0.0401201287528367,"ZBTB16/SOX4/FOXO3/FZD8/TGFBR2/STAT3/SMARCD2/STAT5B/CAMK4/SRF/BCL6/GLI2/FZD5/DUSP10/STAT5A/SHB/IL6R/PIK3R1/LEP/GLI3/PIK3R3/ACTB/ZFP36L2/PIK3CD/MTOR/EGR3/RUNX1/LFNG/TMEM131L/PRDM1/JAK2/FOXP1/BRD4/IL12A/SOCS1/ZFP36L1/RC3H2/GBA1/KLHL25/TNFSF9/BCL3/SOS2/ATP7A/ENTPD7/CDK6/PDP2/ITPKB/MDK/ZBTB1/CBFB/SOCS5/USP44/DLL4/ICOSLG/NFKBIZ/ADAM17/RORA/SMARCB1/JAG2/TOX/CDKN2A",61
"GO:0015695","organic cation transport","25/2382","71/11712",0.352112676056338,1.73129456841806,3.12286654183478,0.00250024259422967,0.0486258281803306,0.0401201287528367,"SLC6A9/SLC6A6/SLC7A6/SLC38A2/RALBP1/SLC36A1/SLC67A1/ACTB/SLC1A5/SLC7A5/SLC18B1/SLC38A1/PSEN1/ADRA2A/SLC38A5/SLC19A3/MFSD12/SLC19A2/SLC25A29/SLC29A3/SLC36A4/SERINC3/RGS4/SLC44A2/SLC7A8",25
"GO:0010720","positive regulation of cell development","84/2382","311/11712",0.270096463022508,1.32803097183863,2.96244720590874,0.00250427915915513,0.0486258281803306,0.0401201287528367,"ZBTB16/SOX4/FOXO3/CRABP2/TGFBR2/RND2/LIF/CXCL12/SMARCD2/RHEB/STAT5B/GPR68/PLXNB1/SRF/BCL6/GLI2/EGR2/DUSP10/STAT5A/NEDD9/SHB/MAPRE3/ROBO1/IL34/CUL7/CDON/ARMCX5-GPRASP2/SPEN/GLI3/ACTB/VEGFA/EPHB2/NAP1L1/TENM4/MTOR/EGR3/RUNX1/NOTCH1/BRD4/RB1/SLC7A5/KDM1A/MAP2K1/INPP5D/ZNF365/SOCS1/EEIG1/HSF1/ROBO3/ZFP36L1/TNFRSF1B/OBSL1/ZBTB46/GPER1/ANKRD27/WNT2/KLHL25/TNFSF9/ETV5/RELA/ACIN1/ITPKB/MDK/RUFY3/FZD4/CSF1/ZBTB1/EPHA4/TMEM64/VEGFC/CBFB/SOCS5/NGF/MECP2/QKI/ADNP/FXR2/KLF10/CDH4/NFKBIZ/SMARCB1/HIF1A/TOX/CORO1C",84
"GO:0090100","positive regulation of transmembrane receptor protein serine/threonine kinase signaling pathway","29/2382","86/11712",0.337209302325581,1.65801651924316,3.09455289201005,0.00251081187390535,0.0486258281803306,0.0401201287528367,"TGFBR2/TSC22D1/THBS1/HSP90AB1/CITED2/ING2/TGFB2/GLCE/CDKN2B/CCN1/TGFB1I1/ACVRL1/GDF7/GDF5/GDF11/ACVR1B/RBPJ/HIPK2/JAK2/BMPER/NOTCH1/NUP93/ZNF423/ITGA8/INHBA/ENG/SLC2A10/SMAD3/NUMA1",29
"GO:0001894","tissue homeostasis","52/2382","177/11712",0.293785310734463,1.44450611222587,3.01080492726674,0.0025120366086043,0.0486258281803306,0.0401201287528367,"TMEM119/APBB2/ERRFI1/LAMC1/TJP2/LDB2/EXT1/LAMA2/RAC3/P2RX7/S1PR1/SRF/COL3A1/TUBA1A/VSTM4/RAC1/ACTB/VEGFA/LDB1/CUBN/PTPN11/UBASH3B/TNFAIP3/VCL/ACTG1/ABCC6/NOTCH1/RB1/INPP5D/CLCN3/GPR137B/SOX9/YAP1/NT5E/TP53INP2/CLDN12/NCDN/WHRN/TPP1/NANOS1/CSF1/ABCA4/TMEM64/DEF8/PTK2B/PDK4/IL20RB/NFKBIZ/MTF1/TJP1/TUB/DMD",52
"GO:0042113","B cell activation","52/2382","177/11712",0.293785310734463,1.44450611222587,3.01080492726674,0.0025120366086043,0.0486258281803306,0.0401201287528367,"VCAM1/IRS2/TP53BP1/KLF6/CTPS1/STAT5B/BCL6/TNFSF13B/STAT5A/SHB/PIK3R1/CASP3/SLC39A10/PIK3R3/ZFP36L2/EPHB2/CDKN1A/PIK3CD/NSD2/TNFAIP3/LFNG/RBPJ/TNIP2/TCF3/SWAP70/CEBPG/INPP5D/EZH2/ZFP36L1/HDAC5/SYVN1/PAWR/SHLD2/BLNK/BCL3/ITFG2/TXLNA/DCAF1/INHBA/PHF14/ZBTB1/PLCG2/NDFIP1/PMS2/PTK2B/ICOSLG/NFKBIZ/ADAM17/NBN/ST3GAL1/HDAC9/CDKN2A",52
"GO:0060249","anatomical structure homeostasis","52/2382","177/11712",0.293785310734463,1.44450611222587,3.01080492726674,0.0025120366086043,0.0486258281803306,0.0401201287528367,"TMEM119/APBB2/ERRFI1/LAMC1/TJP2/LDB2/EXT1/LAMA2/RAC3/P2RX7/S1PR1/SRF/COL3A1/TUBA1A/VSTM4/RAC1/ACTB/VEGFA/LDB1/CUBN/PTPN11/UBASH3B/TNFAIP3/VCL/ACTG1/ABCC6/NOTCH1/RB1/INPP5D/CLCN3/GPR137B/SOX9/YAP1/NT5E/TP53INP2/CLDN12/NCDN/WHRN/TPP1/NANOS1/CSF1/ABCA4/TMEM64/DEF8/PTK2B/PDK4/IL20RB/NFKBIZ/MTF1/TJP1/TUB/DMD",52
"GO:0051051","negative regulation of transport","80/2382","294/11712",0.272108843537415,1.33792559845097,2.96501424792571,0.00251766381734894,0.0486258281803306,0.0401201287528367,"ABAT/IRS2/SELENOS/LRRTM2/FOXO1/CCN3/LIF/OXSR1/THBS1/ANXA2/PRKD1/ARL6IP5/UBE2J1/PRKCE/NEDD4L/PACSIN2/INHBB/PTEN/SUFU/ANKRD13A/LEP/CNN2/PKDCC/RAC1/CHP1/VPS4B/KCNE3/PTPN11/RAB11FIP1/ABCA7/NFKBIA/NOTCH1/PRKG2/CALM1/STX1B/DPH3/IL12A/INPP5K/PRKG1/PKIA/ADRA2A/JAGN1/TNFRSF1B/RUBCN/MCTP1/ACVR1C/CAV1/LRSAM1/MDFIC/ANKRD27/RAB11FIP3/IRS1/TBC1D4/PID1/IDH2/SH3GL3/ADORA1/GPM6B/STC1/RAP1B/ENPP1/MAPK3/SNX33/INHBA/NR1H2/TMBIM6/NDFIP1/VPS35/DLG4/RGS4/PTK2B/UBQLN1/GOPC/ATXN2/YOD1/UBR3/SREBF1/ERP29/YWHAB/INSIG1",80
"GO:0051952","regulation of amine transport","16/2382","39/11712",0.41025641025641,2.01718013304915,3.21488895891898,0.00254283920990926,0.0489334730866903,0.0403739599720713,"ABAT/SLC38A2/CXCL12/P2RX7/ARL6IP5/GDNF/LEP/SLC7A5/PSEN1/PRKG1/ADRA2A/ADORA1/PER2/PINK1/RGS4/TOR1A",16
"GO:0060348","bone development","50/2382","169/11712",0.29585798816568,1.45469721133352,3.00838449953255,0.00256285596025423,0.0491399773248747,0.0405443421934957,"ZBTB16/COL1A1/TMEM119/TRIM45/BNC2/TGFBR2/EXT1/GPR68/PLXNB1/ANXA2/CITED2/COL3A1/SMAD1/ATG9A/DCHS1/LEP/AXIN2/GLI3/ASXL1/NSD2/FAM20C/FOXP1/CBS/LOC102724560/PDGFC/AKAP13/MAPK14/SERPINH1/TSKU/PRKG1/RFLNB/SOX9/OSR2/BMPR1B/IFT172/BPNT2/FGFR2/LRRC17/STC1/FBLN5/DHRS3/ADAMTS7/P3H1/FOXN3/COL27A1/SH3PXD2B/MIGA2/CCN4/NAB1/INSIG1",50
"GO:0045926","negative regulation of growth","49/2382","165/11712",0.296969696969697,1.46016334630944,3.0077827131925,0.00258495418765688,0.0491644891893735,0.0405645664075907,"MT2A/JADE1/ALOX15B/MT1E/MT1X/CCN3/BRCA1/DCUN1D3/GDF15/BCL6/MEG3/DUSP10/MT1M/TGFB2/ULK2/SEMA6D/PTEN/ACVRL1/BDKRB1/SESN2/CRLF3/WFDC1/CDKN1A/ACVR1B/FOXP1/RB1/LGMN/FRZB/DACT3/BTG1/SEMA6C/JARID2/SIPA1/ENPP1/TCHP/TSPYL2/INHBA/SPART/SMAD3/P3H1/RGS4/ADIPOR1/FHL1/CFL1/HYAL2/HIF1A/SESN1/CDKN2A/PML",49
"GO:0007566","embryo implantation","20/2382","53/11712",0.377358490566038,1.85542512238012,3.15367061459742,0.00259891770051494,0.0491644891893735,0.0405645664075907,"ERRFI1/LIF/LAMB1/TRO/SYDE1/VMP1/VEGFA/ACVR1B/EMP2/ACVR1C/TEAD4/TPPP3/STC1/H3-3A/PCSK5/FBN2/SMAD3/H3-3B/AGO2/PTGS2",20
"GO:0048844","artery morphogenesis","20/2382","53/11712",0.377358490566038,1.85542512238012,3.15367061459742,0.00259891770051494,0.0491644891893735,0.0405645664075907,"SOX4/TGFBR2/PRRX1/SRF/CITED2/COL3A1/TGFB2/ACVRL1/VEGFA/JAG1/SEC24B/RBPJ/PRDM1/EYA1/NOTCH1/PDGFRB/PKD2/MDK/ENG/DLL4",20
"GO:1903530","regulation of secretion by cell","96/2382","363/11712",0.264462809917355,1.30033099485813,2.93698491850029,0.00260785263775444,0.0491644891893735,0.0405645664075907,"ABAT/IRS2/SOX4/FOXO1/PREPL/CCN3/LIF/SLC38A2/CXCL12/ATP2A2/GPR68/P2RX7/ANXA2/PLA2G4A/PRKD1/GDNF/PRKCE/VPS4A/NADK/LGI3/CAMK2A/INHBB/TGFB2/LEP/ANG/C1QTNF1/TM7SF3/SDC1/RAC1/RGCC/CPT1A/VPS4B/ADCY8/TSG101/PTPN11/BMAL1/RAB11FIP1/TRPM4/SIDT2/OXCT1/TMF1/JAK2/PLCB1/NOTCH1/SYT7/TPCN2/STX1B/SEPTIN4/DPH3/PFN2/IL12A/PRKG1/MICAL1/ADRA2A/JAGN1/TNFRSF1B/MCTP1/SRI/ACVR1C/GIT1/RAPGEF4/GPER1/RAB11FIP3/IRS1/IDH2/PPARG/EPHA5/STXBP4/ADORA1/VPS18/RAP1B/CYP19A1/POFUT4/TRPV6/INHBA/STXBP5/NR1H2/RALA/GLUD1/GAB2/VPS35/PRKAR1A/VEGFC/DNM1L/P3H1/NGF/PER2/PINK1/PPFIA2/ITSN1/MYO18A/HIF1A/SREBF1/PFKM/AGTR1/ERP29",96
"GO:0007009","plasma membrane organization","39/2382","125/11712",0.312,1.53406549118388,3.03313029631942,0.00261844490179249,0.0491644891893735,0.0405645664075907,"ATP2A2/P2RX7/ANXA2/STX2/VPS4A/PACSIN2/ANK2/ATG9A/TGFB2/PTEN/VMP1/VPS4B/WHAMM/VDAC2/PLSCR4/ABCA7/SYT7/EMP2/ATP10A/COL5A1/CAV1/CAV2/GSN/SNX9/TLCD2/MTSS2/MTSS1/PLEC/DEGS1/SNX33/A4GALT/ARL8B/FOLR3/ASAP1/SERINC3/CLPTM1L/SH3GLB1/AHNAK/CD9",39
"GO:0071453","cellular response to oxygen levels","44/2382","145/11712",0.303448275862069,1.49201771910015,3.01218349053198,0.00265209306290236,0.0491644891893735,0.0405645664075907,"PRKAA1/HIGD1A/FOXO3/TRPC6/FOXO1/CFLAR/ROCK2/STAT3/MYC/AQP3/MDM2/CITED2/PRKCE/ATP6V0D1/NONO/VEGFA/DNMT3A/RGCC/MAP1LC3A/MTOR/ATP6V0A2/HIPK2/DDAH1/NOTCH1/CBS/LOC102724560/MAP2K1/LPAR1/ZFP36L1/CAV1/CCNA2/EPAS1/PPARG/BBC3/FGFR2/STC1/INHBA/TMBIM6/EPHA4/PINK1/UBQLN1/RORA/HIF1A/PTGS2",44
"GO:0097529","myeloid leukocyte migration","42/2382","137/11712",0.306569343065693,1.50736362132049,3.01818707805955,0.00265315077988401,0.0491644891893735,0.0405645664075907,"DUSP1/CCN3/CXCL12/THBS1/STAT5B/RAC3/IL6R/PIK3R1/IL34/TGFB2/WDR1/CAMK1D/TNFAIP6/B4GALT1/CNN2/RAC1/VEGFA/NBL1/MICOS10-NBL1/PIK3CD/PLCB1/EMP2/SWAP70/LGMN/JAGN1/DAPK2/CYP19A1/MOSPD2/MAPK3/MDK/IL17RA/CSF1/ITGA1/VEGFC/DNM1L/DDT/PTK2B/PGF/FUT4/CD9/CORO1C/NINJ1",42
"GO:0007204","positive regulation of cytosolic calcium ion concentration","26/2382","75/11712",0.346666666666667,1.70451721242653,3.09263573485373,0.00265865280548337,0.0491644891893735,0.0405645664075907,"TRPC6/ADRA1B/P2RX7/BDKRB2/C1QTNF1/ABL2/BDKRB1/ACKR4/ADCY8/TRPM4/JAK2/SWAP70/PRKG1/LPAR1/CAV1/GPER1/ASPH/ACKR2/SLC8A1/TMBIM6/DLG4/ESR1/PTGFR/PKD1/AGTR1/PML",26
"GO:0009065","glutamine family amino acid catabolic process","8/2382","14/11712",0.571428571428571,2.80964375674703,3.42316903788869,0.00266632811741311,0.0491644891893735,0.0405645664075907,"GLUL/GLS/PRODH/ALDH4A1/ADHFE1/DDAH1/GLUD1/FAH",8
"GO:0038065","collagen-activated signaling pathway","8/2382","14/11712",0.571428571428571,2.80964375674703,3.42316903788869,0.00266632811741311,0.0491644891893735,0.0405645664075907,"COL1A1/COL4A1/COL4A2/COL4A3/ITGA2/UBASH3B/JAK2/COL4A5",8
"GO:0098885","modification of postsynaptic actin cytoskeleton","8/2382","14/11712",0.571428571428571,2.80964375674703,3.42316903788869,0.00266632811741311,0.0491644891893735,0.0405645664075907,"WASF3/AMOT/CTTNBP2/CAP1/WASF1/PFN2/ITSN1/CFL1",8
"GO:0099010","modification of postsynaptic structure","12/2382","26/11712",0.461538461538462,2.26932764968029,3.27381791220891,0.00268931296348343,0.0492771490308818,0.0406575196284556,"WASF3/RHOB/AMOT/CTTNBP2/CAP1/WASF1/PFN2/MRTFB/RAP1B/DLGAP4/ITSN1/CFL1",12
"GO:0042472","inner ear morphogenesis","23/2382","64/11712",0.359375,1.76700251889169,3.10876678681932,0.00270968449886368,0.0492771490308818,0.0406575196284556,"TBX18/PRRX1/TTC39C/NR4A3/SPARC/RAC1/NECTIN1/COL11A1/EPHB2/SEC24B/SLITRK6/EYA1/FRZB/SOBP/SOX9/FZD6/ITGA8/TBX3/FGFR2/SPRY2/WHRN/BLOC1S5/INSIG1",23
"GO:0051893","regulation of focal adhesion assembly","23/2382","64/11712",0.359375,1.76700251889169,3.10876678681932,0.00270968449886368,0.0492771490308818,0.0406575196284556,"ROCK2/PEAK1/THBS1/FERMT2/ROCK1/PTEN/TLN1/ACVRL1/ANKRD28/RAC1/VEGFA/LDB1/FAM107A/VCL/ACTG1/DUSP3/GPM6B/DAPK3/SMAD3/PHLDB2/CFL1/LIMS1/CORO1C",23
"GO:0090109","regulation of cell-substrate junction assembly","23/2382","64/11712",0.359375,1.76700251889169,3.10876678681932,0.00270968449886368,0.0492771490308818,0.0406575196284556,"ROCK2/PEAK1/THBS1/FERMT2/ROCK1/PTEN/TLN1/ACVRL1/ANKRD28/RAC1/VEGFA/LDB1/FAM107A/VCL/ACTG1/DUSP3/GPM6B/DAPK3/SMAD3/PHLDB2/CFL1/LIMS1/CORO1C",23
